SampleID;ASV;Count;Group;Type;Substrate;Density;Replicate;Kingdom;Phylum;Class;Order;Family;Genus
LN125.1;ASV1;26778;LN125;larvae;sorb-;1.25;1;Bacteria;Proteobacteria;Gammaproteobacteria;Enterobacterales;Morganellaceae;Providencia
LN125.1;ASV2;3654;LN125;larvae;sorb-;1.25;1;Bacteria;Proteobacteria;Gammaproteobacteria;Enterobacterales;Enterobacteriaceae;Klebsiella
LN125.1;ASV3;2407;LN125;larvae;sorb-;1.25;1;Bacteria;Proteobacteria;Gammaproteobacteria;Enterobacterales;Enterobacteriaceae;Enterobacter*
LN125.1;ASV4;10299;LN125;larvae;sorb-;1.25;1;Bacteria;Firmicutes;Bacilli;Lactobacillales;Enterococcaceae;Enterococcus
LN125.1;ASV5;21;LN125;larvae;sorb-;1.25;1;Bacteria;Firmicutes;Bacilli;Lactobacillales;Lactobacillaceae;Lactiplantibacillus
LN125.1;ASV6;0;LN125;larvae;sorb-;1.25;1;Bacteria;Firmicutes;Bacilli;Lactobacillales;Lactobacillaceae;Lactobacillus
LN125.1;ASV7;0;LN125;larvae;sorb-;1.25;1;Bacteria;Firmicutes;Bacilli;Lactobacillales;Lactobacillaceae;Weissella
LN125.1;ASV8;1122;LN125;larvae;sorb-;1.25;1;Bacteria;Firmicutes;Bacilli;Lactobacillales;Enterococcaceae;Enterococcus
LN125.1;ASV9;13;LN125;larvae;sorb-;1.25;1;Bacteria;Firmicutes;Bacilli;Lactobacillales;Lactobacillaceae;Levilactobacillus
LN125.1;ASV13;25;LN125;larvae;sorb-;1.25;1;Bacteria;Firmicutes;Bacilli;Staphylococcales;Staphylococcaceae;Mammaliicoccus*
LN125.1;ASV14;77;LN125;larvae;sorb-;1.25;1;Bacteria;Firmicutes;Bacilli;Lactobacillales;Enterococcaceae;Enterococcus
LN125.1;ASV15;16;LN125;larvae;sorb-;1.25;1;Bacteria;Firmicutes;Bacilli;Lactobacillales;Lactobacillaceae;Lacticaseibacillus
LN125.1;ASV18;2252;LN125;larvae;sorb-;1.25;1;Bacteria;Actinobacteriota;Actinobacteria;Actinomycetales;Actinomycetaceae;Actinomyces
LN125.1;ASV19;0;LN125;larvae;sorb-;1.25;1;Bacteria;Proteobacteria;Gammaproteobacteria;Enterobacterales;Morganellaceae;Proteus
LN125.1;ASV20;23;LN125;larvae;sorb-;1.25;1;Bacteria;Actinobacteriota;Actinobacteria;Corynebacteriales;Corynebacteriaceae;Corynebacterium
LN125.1;ASV21;9;LN125;larvae;sorb-;1.25;1;Bacteria;Firmicutes;Bacilli;Bacillales;Bacillaceae;Bacillus
LN125.1;ASV22;0;LN125;larvae;sorb-;1.25;1;Bacteria;Firmicutes;Bacilli;Lactobacillales;Lactobacillaceae;Lacticaseibacillus
LN125.1;ASV23;0;LN125;larvae;sorb-;1.25;1;Bacteria;Firmicutes;Bacilli;Lactobacillales;Lactobacillaceae;Limosilactobacillus
LN125.1;ASV24;0;LN125;larvae;sorb-;1.25;1;Bacteria;Proteobacteria;Gammaproteobacteria;Enterobacterales;Enterobacteriaceae;Escherichia-Shigella
LN125.1;ASV25;0;LN125;larvae;sorb-;1.25;1;Bacteria;Firmicutes;Bacilli;Lactobacillales;Enterococcaceae;Enterococcus
LN125.1;ASV28;0;LN125;larvae;sorb-;1.25;1;Bacteria;Firmicutes;Bacilli;Lactobacillales;Lactobacillaceae;Lacticaseibacillus
LN125.1;ASV34;241;LN125;larvae;sorb-;1.25;1;Bacteria;Proteobacteria;Gammaproteobacteria;Enterobacterales;Enterobacteriaceae;Klebsiella
LN125.1;ASV35;0;LN125;larvae;sorb-;1.25;1;Bacteria;Firmicutes;Bacilli;Lactobacillales;Lactobacillaceae;Weissella
LN125.1;ASV36;0;LN125;larvae;sorb-;1.25;1;Bacteria;Proteobacteria;Gammaproteobacteria;Enterobacterales;Morganellaceae;Providencia
LN125.1;ASV37;0;LN125;larvae;sorb-;1.25;1;Bacteria;Firmicutes;Bacilli;Lactobacillales;Lactobacillaceae;Pediococcus
LN125.1;ASV40;0;LN125;larvae;sorb-;1.25;1;Bacteria;Actinobacteriota;Actinobacteria;Corynebacteriales;Corynebacteriaceae;Corynebacterium
LN125.1;ASV43;0;LN125;larvae;sorb-;1.25;1;Bacteria;Proteobacteria;Gammaproteobacteria;Enterobacterales;Enterobacteriaceae;Enterobacter*
LN125.1;ASV44;0;LN125;larvae;sorb-;1.25;1;Bacteria;Firmicutes;Bacilli;Lactobacillales;Enterococcaceae;Enterococcus*
LN125.1;ASV46;0;LN125;larvae;sorb-;1.25;1;Bacteria;Firmicutes;Bacilli;Lactobacillales;Enterococcaceae;Enterococcus
LN125.1;ASV50;0;LN125;larvae;sorb-;1.25;1;Bacteria;Proteobacteria;Gammaproteobacteria;Pseudomonadales;Pseudomonadaceae;Pseudomonas
LN125.1;ASV53;0;LN125;larvae;sorb-;1.25;1;Bacteria;Actinobacteriota;Actinobacteria;Corynebacteriales;Corynebacteriaceae;Corynebacterium
LN125.1;ASV55;0;LN125;larvae;sorb-;1.25;1;Bacteria;Firmicutes;Bacilli;Bacillales;Bacillaceae;Bacillus
LN125.1;ASV58;0;LN125;larvae;sorb-;1.25;1;Bacteria;Actinobacteriota;Actinobacteria;Micrococcales;Brevibacteriaceae;Brevibacterium
LN125.1;ASV65;0;LN125;larvae;sorb-;1.25;1;Bacteria;Bacteroidota;Bacteroidia;Bacteroidales;Bacteroidaceae;Bacteroides
LN125.1;ASV66;0;LN125;larvae;sorb-;1.25;1;Bacteria;Firmicutes;Bacilli;Staphylococcales;Staphylococcaceae;Staphylococcus
LN125.1;ASV69;0;LN125;larvae;sorb-;1.25;1;Bacteria;Firmicutes;Bacilli;Bacillales;Planococcaceae;Uncult. bacterium*
LN125.1;ASV73;10;LN125;larvae;sorb-;1.25;1;Bacteria;Proteobacteria;Gammaproteobacteria;Burkholderiales;Burkholderiaceae;Ralstonia
LN125.1;ASV76;0;LN125;larvae;sorb-;1.25;1;Bacteria;Proteobacteria;Gammaproteobacteria;Pseudomonadales;Pseudomonadaceae;Pseudomonas
LN125.1;ASV83;4;LN125;larvae;sorb-;1.25;1;Bacteria;Proteobacteria;Gammaproteobacteria;Burkholderiales;Comamonadaceae;Delftia
LN125.1;ASV85;0;LN125;larvae;sorb-;1.25;1;Bacteria;Bacteroidota;Bacteroidia;Bacteroidales;Bacteroidaceae;Bacteroides
LN125.1;ASV86;0;LN125;larvae;sorb-;1.25;1;Bacteria;Bacteroidota;Bacteroidia;Bacteroidales;Bacteroidaceae;Bacteroides
LN125.1;ASV87;0;LN125;larvae;sorb-;1.25;1;Bacteria;Firmicutes;Bacilli;Lactobacillales;Streptococcaceae;Streptococcus
LN125.1;ASV90;1;LN125;larvae;sorb-;1.25;1;Bacteria;Proteobacteria;Gammaproteobacteria;Xanthomonadales;Xanthomonadaceae;Stenotrophomonas
LN125.1;ASV92;0;LN125;larvae;sorb-;1.25;1;Bacteria;Proteobacteria;Gammaproteobacteria;Enterobacterales;Yersiniaceae;Yersinia
LN125.1;ASV95;1;LN125;larvae;sorb-;1.25;1;Bacteria;Proteobacteria;Gammaproteobacteria;Pseudomonadales;Moraxellaceae;Psychrobacter
LN125.1;ASV98;0;LN125;larvae;sorb-;1.25;1;Bacteria;Proteobacteria;Gammaproteobacteria;Enterobacterales;Enterobacteriaceae;
LN125.1;ASV99;0;LN125;larvae;sorb-;1.25;1;Bacteria;Proteobacteria;Alphaproteobacteria;Sphingomonadales;Sphingomonadaceae;Sphingomonas
LN125.1;ASV100;0;LN125;larvae;sorb-;1.25;1;Bacteria;Firmicutes;Bacilli;Lactobacillales;Lactobacillaceae;Lapidilactobacillus
LN125.1;ASV103;0;LN125;larvae;sorb-;1.25;1;Bacteria;Bacteroidota;Bacteroidia;Bacteroidales;Tannerellaceae;Parabacteroides
LN125.1;ASV106;0;LN125;larvae;sorb-;1.25;1;Bacteria;Proteobacteria;Gammaproteobacteria;Enterobacterales;Morganellaceae;Providencia
LN125.1;ASV109;0;LN125;larvae;sorb-;1.25;1;Bacteria;Proteobacteria;Alphaproteobacteria;Rhodobacterales;Rhodobacteraceae;Rubellimicrobium
LN125.1;ASV111;0;LN125;larvae;sorb-;1.25;1;Bacteria;Bacteroidota;Bacteroidia;Bacteroidales;Bacteroidaceae;Bacteroides
LN125.1;ASV115;0;LN125;larvae;sorb-;1.25;1;Bacteria;Proteobacteria;Gammaproteobacteria;Pseudomonadales;Alcanivoracaceae1;Alcanivorax
LN125.1;ASV117;0;LN125;larvae;sorb-;1.25;1;Bacteria;Actinobacteriota;Actinobacteria;Corynebacteriales;Corynebacteriaceae;Corynebacterium
LN125.1;ASV120;0;LN125;larvae;sorb-;1.25;1;Bacteria;Proteobacteria;Gammaproteobacteria;Burkholderiales;Sutterellaceae;Parasutterella
LN125.1;ASV124;0;LN125;larvae;sorb-;1.25;1;Bacteria;Firmicutes;Bacilli;Staphylococcales;Staphylococcaceae;Staphylococcus
LN125.1;ASV128;0;LN125;larvae;sorb-;1.25;1;Bacteria;Proteobacteria;Gammaproteobacteria;Burkholderiales;Hydrogenophilaceae;Tepidiphilus
LN125.1;ASV129;0;LN125;larvae;sorb-;1.25;1;Bacteria;Proteobacteria;Alphaproteobacteria;Rhizobiales;Beijerinckiaceae;Methylobacterium-Methylorubrum
LN125.1;ASV130;0;LN125;larvae;sorb-;1.25;1;Bacteria;Proteobacteria;Alphaproteobacteria;Sphingomonadales;Sphingomonadaceae;Sphingomonas
LN125.1;ASV132;0;LN125;larvae;sorb-;1.25;1;Bacteria;Bacteroidota;Bacteroidia;Bacteroidales;Bacteroidaceae;Bacteroides
LN125.1;ASV134;0;LN125;larvae;sorb-;1.25;1;Bacteria;Proteobacteria;Gammaproteobacteria;Burkholderiales;Comamonadaceae;
LN125.1;ASV137;0;LN125;larvae;sorb-;1.25;1;Bacteria;Proteobacteria;Gammaproteobacteria;Pseudomonadales;Pseudomonadaceae;Pseudomonas
LN125.1;ASV146;0;LN125;larvae;sorb-;1.25;1;Bacteria;Firmicutes;Negativicutes;Veillonellales-Selenomonadales;Veillonellaceae;Dialister
LN125.1;ASV147;0;LN125;larvae;sorb-;1.25;1;Bacteria;Proteobacteria;Gammaproteobacteria;Pseudomonadales;Moraxellaceae;Acinetobacter
LN125.1;ASV148;0;LN125;larvae;sorb-;1.25;1;Bacteria;Actinobacteriota;Actinobacteria;Micrococcales;Dermabacteraceae;Brachybacterium
LN125.1;ASV153;0;LN125;larvae;sorb-;1.25;1;Bacteria;Proteobacteria;Gammaproteobacteria;Pseudomonadales;Pseudomonadaceae;Pseudomonas
LN125.1;ASV155;0;LN125;larvae;sorb-;1.25;1;Bacteria;Proteobacteria;Gammaproteobacteria;Pseudomonadales;Halomonadaceae;Halomonas
LN125.1;ASV159;0;LN125;larvae;sorb-;1.25;1;Bacteria;Actinobacteriota;Thermoleophilia;Solirubrobacterales;67-14;
LN125.1;ASV160;0;LN125;larvae;sorb-;1.25;1;Bacteria;Proteobacteria;Gammaproteobacteria;Burkholderiales;Burkholderiaceae;Ralstonia
LN125.1;ASV162;0;LN125;larvae;sorb-;1.25;1;Bacteria;Proteobacteria;Gammaproteobacteria;Pseudomonadales;Moraxellaceae;Acinetobacter
LN125.1;ASV164;0;LN125;larvae;sorb-;1.25;1;Bacteria;Proteobacteria;Gammaproteobacteria;Pseudomonadales;Alcanivoracaceae1;Alcanivorax
LN125.1;ASV165;0;LN125;larvae;sorb-;1.25;1;Bacteria;Dependentiae;Babeliae;Babeliales;Vermiphilaceae;
LN125.1;ASV172;0;LN125;larvae;sorb-;1.25;1;Bacteria;Proteobacteria;Gammaproteobacteria;Enterobacterales;Pseudoalteromonadaceae;Pseudoalteromonas
LN125.1;ASV173;0;LN125;larvae;sorb-;1.25;1;Bacteria;Firmicutes;Bacilli;Lactobacillales;Carnobacteriaceae;Isobaculum
LN125.1;ASV174;0;LN125;larvae;sorb-;1.25;1;Bacteria;Firmicutes;Bacilli;Erysipelotrichales;Erysipelotrichaceae;Turicibacter
LN125.1;ASV175;0;LN125;larvae;sorb-;1.25;1;Bacteria;Actinobacteriota;Actinobacteria;Actinomycetales;Actinomycetaceae;Actinomyces
LN125.1;ASV176;0;LN125;larvae;sorb-;1.25;1;Bacteria;Proteobacteria;Gammaproteobacteria;Burkholderiales;Comamonadaceae;Aquabacterium
LN125.1;ASV178;0;LN125;larvae;sorb-;1.25;1;Bacteria;Proteobacteria;Gammaproteobacteria;Burkholderiales;Burkholderiaceae;Burkholderia-Caballeronia-Paraburkholderia
LN125.1;ASV182;0;LN125;larvae;sorb-;1.25;1;Bacteria;Proteobacteria;Gammaproteobacteria;Enterobacterales;Alteromonadaceae;Alteromonas
LN125.1;ASV183;0;LN125;larvae;sorb-;1.25;1;Bacteria;Proteobacteria;Gammaproteobacteria;Xanthomonadales;Xanthomonadaceae;Stenotrophomonas
LN125.1;ASV185;0;LN125;larvae;sorb-;1.25;1;Bacteria;Firmicutes;Bacilli;Bacillales;Bacillaceae;Anaerobacillus
LN125.1;ASV191;0;LN125;larvae;sorb-;1.25;1;Bacteria;Firmicutes;Clostridia;Oscillospirales;Ruminococcaceae;Faecalibacterium
LN125.1;ASV194;0;LN125;larvae;sorb-;1.25;1;Bacteria;Proteobacteria;Gammaproteobacteria;Burkholderiales;Comamonadaceae;
LN125.1;ASV195;0;LN125;larvae;sorb-;1.25;1;Bacteria;Firmicutes;Bacilli;Thermicanales;Thermicanaceae;Thermicanus
LN125.1;ASV197;0;LN125;larvae;sorb-;1.25;1;Bacteria;Firmicutes;Bacilli;Bacillales;Bacillaceae;Aeribacillus
LN125.1;ASV198;0;LN125;larvae;sorb-;1.25;1;Bacteria;Proteobacteria;Gammaproteobacteria;Burkholderiales;Comamonadaceae;
LN125.1;ASV200;0;LN125;larvae;sorb-;1.25;1;Bacteria;Proteobacteria;Gammaproteobacteria;Enterobacterales;Pseudoalteromonadaceae;Pseudoalteromonas
LN125.1;ASV206;0;LN125;larvae;sorb-;1.25;1;Bacteria;Firmicutes;Clostridia;Oscillospirales;Oscillospiraceae;UCG-002
LN125.1;ASV207;0;LN125;larvae;sorb-;1.25;1;Bacteria;Firmicutes;Negativicutes;Veillonellales-Selenomonadales;Veillonellaceae;Dialister
LN125.1;ASV208;0;LN125;larvae;sorb-;1.25;1;Bacteria;Actinobacteriota;Actinobacteria;Micromonosporales;Micromonosporaceae;Catellatospora
LN125.1;ASV211;0;LN125;larvae;sorb-;1.25;1;Bacteria;Firmicutes;Bacilli;Lactobacillales;Carnobacteriaceae;Atopostipes
LN125.1;ASV212;0;LN125;larvae;sorb-;1.25;1;Bacteria;Proteobacteria;Gammaproteobacteria;Xanthomonadales;Xanthomonadaceae;Stenotrophomonas
LN125.1;ASV213;0;LN125;larvae;sorb-;1.25;1;Bacteria;Proteobacteria;Gammaproteobacteria;Enterobacterales;Pseudoalteromonadaceae;Pseudoalteromonas
LN125.1;ASV214;0;LN125;larvae;sorb-;1.25;1;Bacteria;Proteobacteria;Gammaproteobacteria;Xanthomonadales;Xanthomonadaceae;Stenotrophomonas
LN125.1;ASV215;0;LN125;larvae;sorb-;1.25;1;Bacteria;Bacteroidota;Bacteroidia;Bacteroidales;Bacteroidaceae;Bacteroides
LN125.1;ASV216;0;LN125;larvae;sorb-;1.25;1;Bacteria;Proteobacteria;Gammaproteobacteria;Burkholderiales;Hydrogenophilaceae;Tepidiphilus
LN125.1;ASV217;0;LN125;larvae;sorb-;1.25;1;Bacteria;Proteobacteria;Gammaproteobacteria;Pseudomonadales;Alcanivoracaceae1;Alcanivorax
LN125.1;ASV218;0;LN125;larvae;sorb-;1.25;1;Bacteria;Proteobacteria;Gammaproteobacteria;Enterobacterales;Morganellaceae;Moellerella
LN125.1;ASV226;0;LN125;larvae;sorb-;1.25;1;Bacteria;Proteobacteria;Gammaproteobacteria;Burkholderiales;Oxalobacteraceae;Massilia
LN125.1;ASV235;0;LN125;larvae;sorb-;1.25;1;Bacteria;Actinobacteriota;Actinobacteria;Micrococcales;Micrococcaceae;Micrococcus
LN125.1;ASV236;0;LN125;larvae;sorb-;1.25;1;Bacteria;Proteobacteria;Gammaproteobacteria;Burkholderiales;Comamonadaceae;Schlegelella
LN125.1;ASV237;0;LN125;larvae;sorb-;1.25;1;Bacteria;Verrucomicrobiota;Verrucomicrobiae;Pedosphaerales;Pedosphaeraceae;
LN125.1;ASV239;0;LN125;larvae;sorb-;1.25;1;Bacteria;Actinobacteriota;Acidimicrobiia;Microtrichales;Ilumatobacteraceae;Ilumatobacter
LN125.1;ASV240;0;LN125;larvae;sorb-;1.25;1;Bacteria;Proteobacteria;Gammaproteobacteria;Xanthomonadales;Xanthomonadaceae;Lysobacter
LN125.1;ASV241;0;LN125;larvae;sorb-;1.25;1;Bacteria;Actinobacteriota;Actinobacteria;Micrococcales;Micrococcaceae;Micrococcus
LN125.1;ASV242;0;LN125;larvae;sorb-;1.25;1;Bacteria;Actinobacteriota;Actinobacteria;Actinomycetales;Actinomycetaceae;Actinomyces
LN125.1;ASV243;0;LN125;larvae;sorb-;1.25;1;Bacteria;Proteobacteria;Gammaproteobacteria;Xanthomonadales;Xanthomonadaceae;Stenotrophomonas
LN125.1;ASV244;0;LN125;larvae;sorb-;1.25;1;Bacteria;Proteobacteria;Gammaproteobacteria;Pseudomonadales;Moraxellaceae;Enhydrobacter
LN125.1;ASV246;0;LN125;larvae;sorb-;1.25;1;Bacteria;Proteobacteria;Gammaproteobacteria;Nitrosococcales;Methylophagaceae;Methylophaga
LN125.1;ASV247;0;LN125;larvae;sorb-;1.25;1;Bacteria;Bacteroidota;Bacteroidia;Bacteroidales;Bacteroidaceae;Bacteroides
LN125.1;ASV248;0;LN125;larvae;sorb-;1.25;1;Bacteria;Proteobacteria;Gammaproteobacteria;Burkholderiales;Comamonadaceae;Tepidimonas
LN125.1;ASV250;0;LN125;larvae;sorb-;1.25;1;Bacteria;Proteobacteria;Gammaproteobacteria;Pseudomonadales;Marinobacteraceae;Marinobacter
LN125.1;ASV251;0;LN125;larvae;sorb-;1.25;1;Bacteria;Actinobacteriota;Actinobacteria;Streptomycetales;Streptomycetaceae;Streptomyces
LN125.1;ASV252;0;LN125;larvae;sorb-;1.25;1;Bacteria;Firmicutes;Bacilli;Staphylococcales;Staphylococcaceae;
LN125.1;ASV253;0;LN125;larvae;sorb-;1.25;1;Bacteria;Planctomycetota;Planctomycetes;Gemmatales;Gemmataceae;
LN125.1;ASV282;3;LN125;larvae;sorb-;1.25;1;Bacteria;Firmicutes;Bacilli;Lactobacillales;Carnobacteriaceae;Isobaculum
LN125.1;ASV283;3;LN125;larvae;sorb-;1.25;1;Bacteria;Proteobacteria;Gammaproteobacteria;Burkholderiales;Alcaligenaceae;Alcaligenes
LN125.1;ASV284;1;LN125;larvae;sorb-;1.25;1;Bacteria;Firmicutes;Bacilli;Lactobacillales;Lactobacillaceae;Weissella
LN125.1;ASV287;0;LN125;larvae;sorb-;1.25;1;Bacteria;Myxococcota;Polyangia;Polyangiales;BIrii41;
LN125.1;ASV290;0;LN125;larvae;sorb-;1.25;1;Bacteria;Firmicutes;Clostridia;Oscillospirales;[Eubacterium] coprostanoligenes group;
LN125.1;ASV291;0;LN125;larvae;sorb-;1.25;1;Bacteria;Proteobacteria;Alphaproteobacteria;Rhizobiales;Amb-16S-1323;
LN125.1;ASV294;0;LN125;larvae;sorb-;1.25;1;Bacteria;Proteobacteria;Gammaproteobacteria;Burkholderiales;SC-I-84;
LN125.1;ASV295;0;LN125;larvae;sorb-;1.25;1;Bacteria;Actinobacteriota;Actinobacteria;Micromonosporales;Micromonosporaceae;Virgisporangium
LN125.1;ASV296;0;LN125;larvae;sorb-;1.25;1;Bacteria;Proteobacteria;Gammaproteobacteria;Pseudomonadales;Moraxellaceae;Acinetobacter
LN125.1;ASV297;0;LN125;larvae;sorb-;1.25;1;Bacteria;Actinobacteriota;Acidimicrobiia;Microtrichales;Ilumatobacteraceae;
LN125.1;ASV298;0;LN125;larvae;sorb-;1.25;1;Bacteria;Firmicutes;Bacilli;Paenibacillales;Paenibacillaceae;Paenibacillus
LN125.1;ASV299;0;LN125;larvae;sorb-;1.25;1;Bacteria;Actinobacteriota;Thermoleophilia;Solirubrobacterales;67-14;
LN125.1;ASV300;0;LN125;larvae;sorb-;1.25;1;Bacteria;Proteobacteria;Gammaproteobacteria;Enterobacterales;Vibrionaceae;
LN125.1;ASV304;0;LN125;larvae;sorb-;1.25;1;Bacteria;Firmicutes;Clostridia;Lachnospirales;Lachnospiraceae;[Ruminococcus] gauvreauii group
LN125.1;ASV305;0;LN125;larvae;sorb-;1.25;1;Bacteria;Actinobacteriota;Actinobacteria;Micrococcales;Brevibacteriaceae;Brevibacterium
LN125.1;ASV306;0;LN125;larvae;sorb-;1.25;1;Bacteria;Firmicutes;Bacilli;Lactobacillales;Lactobacillaceae;Weissella
LN125.1;ASV308;0;LN125;larvae;sorb-;1.25;1;Bacteria;Proteobacteria;Gammaproteobacteria;Burkholderiales;Oxalobacteraceae;Duganella
LN125.1;ASV309;0;LN125;larvae;sorb-;1.25;1;Bacteria;Firmicutes;Bacilli;Lactobacillales;Carnobacteriaceae;Isobaculum
LN125.1;ASV310;0;LN125;larvae;sorb-;1.25;1;Bacteria;Proteobacteria;Alphaproteobacteria;Rhodobacterales;Rhodobacteraceae;Paracoccus
LN125.1;ASV311;0;LN125;larvae;sorb-;1.25;1;Bacteria;Acidobacteriota;Vicinamibacteria;Vicinamibacterales;Vicinamibacteraceae;
LN125.1;ASV362;1;LN125;larvae;sorb-;1.25;1;Bacteria;Firmicutes;Bacilli;Lactobacillales;Lactobacillaceae;Lactobacillus
LN125.1;ASV363;0;LN125;larvae;sorb-;1.25;1;Bacteria;Bacteroidota;Bacteroidia;Bacteroidales;Tannerellaceae;Parabacteroides
LN125.1;ASV365;0;LN125;larvae;sorb-;1.25;1;Bacteria;Proteobacteria;Gammaproteobacteria;Burkholderiales;Burkholderiaceae;Ralstonia
LN125.1;ASV370;0;LN125;larvae;sorb-;1.25;1;Bacteria;Proteobacteria;Gammaproteobacteria;Burkholderiales;Rhodocyclaceae;
LN125.1;ASV371;0;LN125;larvae;sorb-;1.25;1;Bacteria;Firmicutes;Clostridia;Lachnospirales;Lachnospiraceae;Lachnospiraceae NK4A136 group
LN125.1;ASV374;0;LN125;larvae;sorb-;1.25;1;Bacteria;Gemmatimonadota;Gemmatimonadetes;Gemmatimonadales;Gemmatimonadaceae;Gemmatimonas
LN125.1;ASV376;0;LN125;larvae;sorb-;1.25;1;Bacteria;Acidobacteriota;Vicinamibacteria;Vicinamibacterales;Vicinamibacteraceae;Vicinamibacter
LN125.1;ASV383;0;LN125;larvae;sorb-;1.25;1;Bacteria;Proteobacteria;Gammaproteobacteria;Burkholderiales;Gallionellaceae;Gallionella
LN125.1;ASV389;0;LN125;larvae;sorb-;1.25;1;Bacteria;Proteobacteria;Alphaproteobacteria;Sphingomonadales;Sphingomonadaceae;Sphingobium
LN125.1;ASV393;0;LN125;larvae;sorb-;1.25;1;Bacteria;Firmicutes;Bacilli;Lactobacillales;Lactobacillaceae;Weissella
LN125.1;ASV394;0;LN125;larvae;sorb-;1.25;1;Bacteria;Proteobacteria;Gammaproteobacteria;Burkholderiales;Sutterellaceae;Parasutterella
LN125.1;ASV395;0;LN125;larvae;sorb-;1.25;1;Bacteria;Actinobacteriota;Actinobacteria;Frankiales;Cryptosporangiaceae;Cryptosporangium
LN125.1;ASV397;0;LN125;larvae;sorb-;1.25;1;Bacteria;Bacteroidota;Bacteroidia;Bacteroidales;Muribaculaceae;
LN125.1;ASV399;0;LN125;larvae;sorb-;1.25;1;Bacteria;Firmicutes;Bacilli;Paenibacillales;Paenibacillaceae;Paenibacillus
LN125.1;ASV400;0;LN125;larvae;sorb-;1.25;1;Bacteria;Proteobacteria;Gammaproteobacteria;Pseudomonadales;Moraxellaceae;Acinetobacter
LN125.1;ASV401;0;LN125;larvae;sorb-;1.25;1;Bacteria;Proteobacteria;Alphaproteobacteria;Caulobacterales;Caulobacteraceae;Brevundimonas
LN125.1;ASV402;0;LN125;larvae;sorb-;1.25;1;Bacteria;Proteobacteria;Gammaproteobacteria;Pseudomonadales;Moraxellaceae;Psychrobacter
LN125.1;ASV408;0;LN125;larvae;sorb-;1.25;1;Bacteria;Proteobacteria;Gammaproteobacteria;Burkholderiales;SC-I-84;
LN125.1;ASV410;0;LN125;larvae;sorb-;1.25;1;Bacteria;Proteobacteria;Alphaproteobacteria;Rhizobiales;Xanthobacteraceae;Bradyrhizobium
LN125.2;ASV1;16296;LN125;larvae;sorb-;1.25;2;Bacteria;Proteobacteria;Gammaproteobacteria;Enterobacterales;Morganellaceae;Providencia
LN125.2;ASV2;6912;LN125;larvae;sorb-;1.25;2;Bacteria;Proteobacteria;Gammaproteobacteria;Enterobacterales;Enterobacteriaceae;Klebsiella
LN125.2;ASV3;12411;LN125;larvae;sorb-;1.25;2;Bacteria;Proteobacteria;Gammaproteobacteria;Enterobacterales;Enterobacteriaceae;Enterobacter*
LN125.2;ASV4;8844;LN125;larvae;sorb-;1.25;2;Bacteria;Firmicutes;Bacilli;Lactobacillales;Enterococcaceae;Enterococcus
LN125.2;ASV5;7;LN125;larvae;sorb-;1.25;2;Bacteria;Firmicutes;Bacilli;Lactobacillales;Lactobacillaceae;Lactiplantibacillus
LN125.2;ASV6;0;LN125;larvae;sorb-;1.25;2;Bacteria;Firmicutes;Bacilli;Lactobacillales;Lactobacillaceae;Lactobacillus
LN125.2;ASV7;0;LN125;larvae;sorb-;1.25;2;Bacteria;Firmicutes;Bacilli;Lactobacillales;Lactobacillaceae;Weissella
LN125.2;ASV8;497;LN125;larvae;sorb-;1.25;2;Bacteria;Firmicutes;Bacilli;Lactobacillales;Enterococcaceae;Enterococcus
LN125.2;ASV9;9;LN125;larvae;sorb-;1.25;2;Bacteria;Firmicutes;Bacilli;Lactobacillales;Lactobacillaceae;Levilactobacillus
LN125.2;ASV13;63;LN125;larvae;sorb-;1.25;2;Bacteria;Firmicutes;Bacilli;Staphylococcales;Staphylococcaceae;Mammaliicoccus*
LN125.2;ASV14;132;LN125;larvae;sorb-;1.25;2;Bacteria;Firmicutes;Bacilli;Lactobacillales;Enterococcaceae;Enterococcus
LN125.2;ASV15;0;LN125;larvae;sorb-;1.25;2;Bacteria;Firmicutes;Bacilli;Lactobacillales;Lactobacillaceae;Lacticaseibacillus
LN125.2;ASV18;1420;LN125;larvae;sorb-;1.25;2;Bacteria;Actinobacteriota;Actinobacteria;Actinomycetales;Actinomycetaceae;Actinomyces
LN125.2;ASV19;0;LN125;larvae;sorb-;1.25;2;Bacteria;Proteobacteria;Gammaproteobacteria;Enterobacterales;Morganellaceae;Proteus
LN125.2;ASV20;8;LN125;larvae;sorb-;1.25;2;Bacteria;Actinobacteriota;Actinobacteria;Corynebacteriales;Corynebacteriaceae;Corynebacterium
LN125.2;ASV21;6;LN125;larvae;sorb-;1.25;2;Bacteria;Firmicutes;Bacilli;Bacillales;Bacillaceae;Bacillus
LN125.2;ASV22;0;LN125;larvae;sorb-;1.25;2;Bacteria;Firmicutes;Bacilli;Lactobacillales;Lactobacillaceae;Lacticaseibacillus
LN125.2;ASV23;0;LN125;larvae;sorb-;1.25;2;Bacteria;Firmicutes;Bacilli;Lactobacillales;Lactobacillaceae;Limosilactobacillus
LN125.2;ASV24;0;LN125;larvae;sorb-;1.25;2;Bacteria;Proteobacteria;Gammaproteobacteria;Enterobacterales;Enterobacteriaceae;Escherichia-Shigella
LN125.2;ASV25;0;LN125;larvae;sorb-;1.25;2;Bacteria;Firmicutes;Bacilli;Lactobacillales;Enterococcaceae;Enterococcus
LN125.2;ASV28;0;LN125;larvae;sorb-;1.25;2;Bacteria;Firmicutes;Bacilli;Lactobacillales;Lactobacillaceae;Lacticaseibacillus
LN125.2;ASV34;316;LN125;larvae;sorb-;1.25;2;Bacteria;Proteobacteria;Gammaproteobacteria;Enterobacterales;Enterobacteriaceae;Klebsiella
LN125.2;ASV35;0;LN125;larvae;sorb-;1.25;2;Bacteria;Firmicutes;Bacilli;Lactobacillales;Lactobacillaceae;Weissella
LN125.2;ASV36;0;LN125;larvae;sorb-;1.25;2;Bacteria;Proteobacteria;Gammaproteobacteria;Enterobacterales;Morganellaceae;Providencia
LN125.2;ASV37;0;LN125;larvae;sorb-;1.25;2;Bacteria;Firmicutes;Bacilli;Lactobacillales;Lactobacillaceae;Pediococcus
LN125.2;ASV40;0;LN125;larvae;sorb-;1.25;2;Bacteria;Actinobacteriota;Actinobacteria;Corynebacteriales;Corynebacteriaceae;Corynebacterium
LN125.2;ASV43;0;LN125;larvae;sorb-;1.25;2;Bacteria;Proteobacteria;Gammaproteobacteria;Enterobacterales;Enterobacteriaceae;Enterobacter*
LN125.2;ASV44;0;LN125;larvae;sorb-;1.25;2;Bacteria;Firmicutes;Bacilli;Lactobacillales;Enterococcaceae;Enterococcus*
LN125.2;ASV46;0;LN125;larvae;sorb-;1.25;2;Bacteria;Firmicutes;Bacilli;Lactobacillales;Enterococcaceae;Enterococcus
LN125.2;ASV50;0;LN125;larvae;sorb-;1.25;2;Bacteria;Proteobacteria;Gammaproteobacteria;Pseudomonadales;Pseudomonadaceae;Pseudomonas
LN125.2;ASV53;0;LN125;larvae;sorb-;1.25;2;Bacteria;Actinobacteriota;Actinobacteria;Corynebacteriales;Corynebacteriaceae;Corynebacterium
LN125.2;ASV55;0;LN125;larvae;sorb-;1.25;2;Bacteria;Firmicutes;Bacilli;Bacillales;Bacillaceae;Bacillus
LN125.2;ASV58;0;LN125;larvae;sorb-;1.25;2;Bacteria;Actinobacteriota;Actinobacteria;Micrococcales;Brevibacteriaceae;Brevibacterium
LN125.2;ASV65;0;LN125;larvae;sorb-;1.25;2;Bacteria;Bacteroidota;Bacteroidia;Bacteroidales;Bacteroidaceae;Bacteroides
LN125.2;ASV66;0;LN125;larvae;sorb-;1.25;2;Bacteria;Firmicutes;Bacilli;Staphylococcales;Staphylococcaceae;Staphylococcus
LN125.2;ASV69;0;LN125;larvae;sorb-;1.25;2;Bacteria;Firmicutes;Bacilli;Bacillales;Planococcaceae;Uncult. bacterium*
LN125.2;ASV73;0;LN125;larvae;sorb-;1.25;2;Bacteria;Proteobacteria;Gammaproteobacteria;Burkholderiales;Burkholderiaceae;Ralstonia
LN125.2;ASV76;0;LN125;larvae;sorb-;1.25;2;Bacteria;Proteobacteria;Gammaproteobacteria;Pseudomonadales;Pseudomonadaceae;Pseudomonas
LN125.2;ASV83;0;LN125;larvae;sorb-;1.25;2;Bacteria;Proteobacteria;Gammaproteobacteria;Burkholderiales;Comamonadaceae;Delftia
LN125.2;ASV85;0;LN125;larvae;sorb-;1.25;2;Bacteria;Bacteroidota;Bacteroidia;Bacteroidales;Bacteroidaceae;Bacteroides
LN125.2;ASV86;3;LN125;larvae;sorb-;1.25;2;Bacteria;Bacteroidota;Bacteroidia;Bacteroidales;Bacteroidaceae;Bacteroides
LN125.2;ASV87;0;LN125;larvae;sorb-;1.25;2;Bacteria;Firmicutes;Bacilli;Lactobacillales;Streptococcaceae;Streptococcus
LN125.2;ASV90;0;LN125;larvae;sorb-;1.25;2;Bacteria;Proteobacteria;Gammaproteobacteria;Xanthomonadales;Xanthomonadaceae;Stenotrophomonas
LN125.2;ASV92;0;LN125;larvae;sorb-;1.25;2;Bacteria;Proteobacteria;Gammaproteobacteria;Enterobacterales;Yersiniaceae;Yersinia
LN125.2;ASV95;0;LN125;larvae;sorb-;1.25;2;Bacteria;Proteobacteria;Gammaproteobacteria;Pseudomonadales;Moraxellaceae;Psychrobacter
LN125.2;ASV98;0;LN125;larvae;sorb-;1.25;2;Bacteria;Proteobacteria;Gammaproteobacteria;Enterobacterales;Enterobacteriaceae;
LN125.2;ASV99;0;LN125;larvae;sorb-;1.25;2;Bacteria;Proteobacteria;Alphaproteobacteria;Sphingomonadales;Sphingomonadaceae;Sphingomonas
LN125.2;ASV100;0;LN125;larvae;sorb-;1.25;2;Bacteria;Firmicutes;Bacilli;Lactobacillales;Lactobacillaceae;Lapidilactobacillus
LN125.2;ASV103;0;LN125;larvae;sorb-;1.25;2;Bacteria;Bacteroidota;Bacteroidia;Bacteroidales;Tannerellaceae;Parabacteroides
LN125.2;ASV106;0;LN125;larvae;sorb-;1.25;2;Bacteria;Proteobacteria;Gammaproteobacteria;Enterobacterales;Morganellaceae;Providencia
LN125.2;ASV109;0;LN125;larvae;sorb-;1.25;2;Bacteria;Proteobacteria;Alphaproteobacteria;Rhodobacterales;Rhodobacteraceae;Rubellimicrobium
LN125.2;ASV111;0;LN125;larvae;sorb-;1.25;2;Bacteria;Bacteroidota;Bacteroidia;Bacteroidales;Bacteroidaceae;Bacteroides
LN125.2;ASV115;0;LN125;larvae;sorb-;1.25;2;Bacteria;Proteobacteria;Gammaproteobacteria;Pseudomonadales;Alcanivoracaceae1;Alcanivorax
LN125.2;ASV117;0;LN125;larvae;sorb-;1.25;2;Bacteria;Actinobacteriota;Actinobacteria;Corynebacteriales;Corynebacteriaceae;Corynebacterium
LN125.2;ASV120;0;LN125;larvae;sorb-;1.25;2;Bacteria;Proteobacteria;Gammaproteobacteria;Burkholderiales;Sutterellaceae;Parasutterella
LN125.2;ASV124;0;LN125;larvae;sorb-;1.25;2;Bacteria;Firmicutes;Bacilli;Staphylococcales;Staphylococcaceae;Staphylococcus
LN125.2;ASV128;0;LN125;larvae;sorb-;1.25;2;Bacteria;Proteobacteria;Gammaproteobacteria;Burkholderiales;Hydrogenophilaceae;Tepidiphilus
LN125.2;ASV129;0;LN125;larvae;sorb-;1.25;2;Bacteria;Proteobacteria;Alphaproteobacteria;Rhizobiales;Beijerinckiaceae;Methylobacterium-Methylorubrum
LN125.2;ASV130;0;LN125;larvae;sorb-;1.25;2;Bacteria;Proteobacteria;Alphaproteobacteria;Sphingomonadales;Sphingomonadaceae;Sphingomonas
LN125.2;ASV132;0;LN125;larvae;sorb-;1.25;2;Bacteria;Bacteroidota;Bacteroidia;Bacteroidales;Bacteroidaceae;Bacteroides
LN125.2;ASV134;0;LN125;larvae;sorb-;1.25;2;Bacteria;Proteobacteria;Gammaproteobacteria;Burkholderiales;Comamonadaceae;
LN125.2;ASV137;0;LN125;larvae;sorb-;1.25;2;Bacteria;Proteobacteria;Gammaproteobacteria;Pseudomonadales;Pseudomonadaceae;Pseudomonas
LN125.2;ASV146;0;LN125;larvae;sorb-;1.25;2;Bacteria;Firmicutes;Negativicutes;Veillonellales-Selenomonadales;Veillonellaceae;Dialister
LN125.2;ASV147;0;LN125;larvae;sorb-;1.25;2;Bacteria;Proteobacteria;Gammaproteobacteria;Pseudomonadales;Moraxellaceae;Acinetobacter
LN125.2;ASV148;0;LN125;larvae;sorb-;1.25;2;Bacteria;Actinobacteriota;Actinobacteria;Micrococcales;Dermabacteraceae;Brachybacterium
LN125.2;ASV153;4;LN125;larvae;sorb-;1.25;2;Bacteria;Proteobacteria;Gammaproteobacteria;Pseudomonadales;Pseudomonadaceae;Pseudomonas
LN125.2;ASV155;0;LN125;larvae;sorb-;1.25;2;Bacteria;Proteobacteria;Gammaproteobacteria;Pseudomonadales;Halomonadaceae;Halomonas
LN125.2;ASV159;0;LN125;larvae;sorb-;1.25;2;Bacteria;Actinobacteriota;Thermoleophilia;Solirubrobacterales;67-14;
LN125.2;ASV160;0;LN125;larvae;sorb-;1.25;2;Bacteria;Proteobacteria;Gammaproteobacteria;Burkholderiales;Burkholderiaceae;Ralstonia
LN125.2;ASV162;0;LN125;larvae;sorb-;1.25;2;Bacteria;Proteobacteria;Gammaproteobacteria;Pseudomonadales;Moraxellaceae;Acinetobacter
LN125.2;ASV164;0;LN125;larvae;sorb-;1.25;2;Bacteria;Proteobacteria;Gammaproteobacteria;Pseudomonadales;Alcanivoracaceae1;Alcanivorax
LN125.2;ASV165;0;LN125;larvae;sorb-;1.25;2;Bacteria;Dependentiae;Babeliae;Babeliales;Vermiphilaceae;
LN125.2;ASV172;0;LN125;larvae;sorb-;1.25;2;Bacteria;Proteobacteria;Gammaproteobacteria;Enterobacterales;Pseudoalteromonadaceae;Pseudoalteromonas
LN125.2;ASV173;0;LN125;larvae;sorb-;1.25;2;Bacteria;Firmicutes;Bacilli;Lactobacillales;Carnobacteriaceae;Isobaculum
LN125.2;ASV174;0;LN125;larvae;sorb-;1.25;2;Bacteria;Firmicutes;Bacilli;Erysipelotrichales;Erysipelotrichaceae;Turicibacter
LN125.2;ASV175;0;LN125;larvae;sorb-;1.25;2;Bacteria;Actinobacteriota;Actinobacteria;Actinomycetales;Actinomycetaceae;Actinomyces
LN125.2;ASV176;0;LN125;larvae;sorb-;1.25;2;Bacteria;Proteobacteria;Gammaproteobacteria;Burkholderiales;Comamonadaceae;Aquabacterium
LN125.2;ASV178;0;LN125;larvae;sorb-;1.25;2;Bacteria;Proteobacteria;Gammaproteobacteria;Burkholderiales;Burkholderiaceae;Burkholderia-Caballeronia-Paraburkholderia
LN125.2;ASV182;0;LN125;larvae;sorb-;1.25;2;Bacteria;Proteobacteria;Gammaproteobacteria;Enterobacterales;Alteromonadaceae;Alteromonas
LN125.2;ASV183;0;LN125;larvae;sorb-;1.25;2;Bacteria;Proteobacteria;Gammaproteobacteria;Xanthomonadales;Xanthomonadaceae;Stenotrophomonas
LN125.2;ASV185;0;LN125;larvae;sorb-;1.25;2;Bacteria;Firmicutes;Bacilli;Bacillales;Bacillaceae;Anaerobacillus
LN125.2;ASV191;6;LN125;larvae;sorb-;1.25;2;Bacteria;Firmicutes;Clostridia;Oscillospirales;Ruminococcaceae;Faecalibacterium
LN125.2;ASV194;0;LN125;larvae;sorb-;1.25;2;Bacteria;Proteobacteria;Gammaproteobacteria;Burkholderiales;Comamonadaceae;
LN125.2;ASV195;0;LN125;larvae;sorb-;1.25;2;Bacteria;Firmicutes;Bacilli;Thermicanales;Thermicanaceae;Thermicanus
LN125.2;ASV197;0;LN125;larvae;sorb-;1.25;2;Bacteria;Firmicutes;Bacilli;Bacillales;Bacillaceae;Aeribacillus
LN125.2;ASV198;0;LN125;larvae;sorb-;1.25;2;Bacteria;Proteobacteria;Gammaproteobacteria;Burkholderiales;Comamonadaceae;
LN125.2;ASV200;0;LN125;larvae;sorb-;1.25;2;Bacteria;Proteobacteria;Gammaproteobacteria;Enterobacterales;Pseudoalteromonadaceae;Pseudoalteromonas
LN125.2;ASV206;1;LN125;larvae;sorb-;1.25;2;Bacteria;Firmicutes;Clostridia;Oscillospirales;Oscillospiraceae;UCG-002
LN125.2;ASV207;3;LN125;larvae;sorb-;1.25;2;Bacteria;Firmicutes;Negativicutes;Veillonellales-Selenomonadales;Veillonellaceae;Dialister
LN125.2;ASV208;3;LN125;larvae;sorb-;1.25;2;Bacteria;Actinobacteriota;Actinobacteria;Micromonosporales;Micromonosporaceae;Catellatospora
LN125.2;ASV211;0;LN125;larvae;sorb-;1.25;2;Bacteria;Firmicutes;Bacilli;Lactobacillales;Carnobacteriaceae;Atopostipes
LN125.2;ASV212;0;LN125;larvae;sorb-;1.25;2;Bacteria;Proteobacteria;Gammaproteobacteria;Xanthomonadales;Xanthomonadaceae;Stenotrophomonas
LN125.2;ASV213;0;LN125;larvae;sorb-;1.25;2;Bacteria;Proteobacteria;Gammaproteobacteria;Enterobacterales;Pseudoalteromonadaceae;Pseudoalteromonas
LN125.2;ASV214;0;LN125;larvae;sorb-;1.25;2;Bacteria;Proteobacteria;Gammaproteobacteria;Xanthomonadales;Xanthomonadaceae;Stenotrophomonas
LN125.2;ASV215;0;LN125;larvae;sorb-;1.25;2;Bacteria;Bacteroidota;Bacteroidia;Bacteroidales;Bacteroidaceae;Bacteroides
LN125.2;ASV216;0;LN125;larvae;sorb-;1.25;2;Bacteria;Proteobacteria;Gammaproteobacteria;Burkholderiales;Hydrogenophilaceae;Tepidiphilus
LN125.2;ASV217;0;LN125;larvae;sorb-;1.25;2;Bacteria;Proteobacteria;Gammaproteobacteria;Pseudomonadales;Alcanivoracaceae1;Alcanivorax
LN125.2;ASV218;0;LN125;larvae;sorb-;1.25;2;Bacteria;Proteobacteria;Gammaproteobacteria;Enterobacterales;Morganellaceae;Moellerella
LN125.2;ASV226;0;LN125;larvae;sorb-;1.25;2;Bacteria;Proteobacteria;Gammaproteobacteria;Burkholderiales;Oxalobacteraceae;Massilia
LN125.2;ASV235;5;LN125;larvae;sorb-;1.25;2;Bacteria;Actinobacteriota;Actinobacteria;Micrococcales;Micrococcaceae;Micrococcus
LN125.2;ASV236;1;LN125;larvae;sorb-;1.25;2;Bacteria;Proteobacteria;Gammaproteobacteria;Burkholderiales;Comamonadaceae;Schlegelella
LN125.2;ASV237;0;LN125;larvae;sorb-;1.25;2;Bacteria;Verrucomicrobiota;Verrucomicrobiae;Pedosphaerales;Pedosphaeraceae;
LN125.2;ASV239;0;LN125;larvae;sorb-;1.25;2;Bacteria;Actinobacteriota;Acidimicrobiia;Microtrichales;Ilumatobacteraceae;Ilumatobacter
LN125.2;ASV240;0;LN125;larvae;sorb-;1.25;2;Bacteria;Proteobacteria;Gammaproteobacteria;Xanthomonadales;Xanthomonadaceae;Lysobacter
LN125.2;ASV241;0;LN125;larvae;sorb-;1.25;2;Bacteria;Actinobacteriota;Actinobacteria;Micrococcales;Micrococcaceae;Micrococcus
LN125.2;ASV242;0;LN125;larvae;sorb-;1.25;2;Bacteria;Actinobacteriota;Actinobacteria;Actinomycetales;Actinomycetaceae;Actinomyces
LN125.2;ASV243;0;LN125;larvae;sorb-;1.25;2;Bacteria;Proteobacteria;Gammaproteobacteria;Xanthomonadales;Xanthomonadaceae;Stenotrophomonas
LN125.2;ASV244;0;LN125;larvae;sorb-;1.25;2;Bacteria;Proteobacteria;Gammaproteobacteria;Pseudomonadales;Moraxellaceae;Enhydrobacter
LN125.2;ASV246;0;LN125;larvae;sorb-;1.25;2;Bacteria;Proteobacteria;Gammaproteobacteria;Nitrosococcales;Methylophagaceae;Methylophaga
LN125.2;ASV247;0;LN125;larvae;sorb-;1.25;2;Bacteria;Bacteroidota;Bacteroidia;Bacteroidales;Bacteroidaceae;Bacteroides
LN125.2;ASV248;0;LN125;larvae;sorb-;1.25;2;Bacteria;Proteobacteria;Gammaproteobacteria;Burkholderiales;Comamonadaceae;Tepidimonas
LN125.2;ASV250;0;LN125;larvae;sorb-;1.25;2;Bacteria;Proteobacteria;Gammaproteobacteria;Pseudomonadales;Marinobacteraceae;Marinobacter
LN125.2;ASV251;0;LN125;larvae;sorb-;1.25;2;Bacteria;Actinobacteriota;Actinobacteria;Streptomycetales;Streptomycetaceae;Streptomyces
LN125.2;ASV252;0;LN125;larvae;sorb-;1.25;2;Bacteria;Firmicutes;Bacilli;Staphylococcales;Staphylococcaceae;
LN125.2;ASV253;0;LN125;larvae;sorb-;1.25;2;Bacteria;Planctomycetota;Planctomycetes;Gemmatales;Gemmataceae;
LN125.2;ASV282;0;LN125;larvae;sorb-;1.25;2;Bacteria;Firmicutes;Bacilli;Lactobacillales;Carnobacteriaceae;Isobaculum
LN125.2;ASV283;0;LN125;larvae;sorb-;1.25;2;Bacteria;Proteobacteria;Gammaproteobacteria;Burkholderiales;Alcaligenaceae;Alcaligenes
LN125.2;ASV284;0;LN125;larvae;sorb-;1.25;2;Bacteria;Firmicutes;Bacilli;Lactobacillales;Lactobacillaceae;Weissella
LN125.2;ASV287;1;LN125;larvae;sorb-;1.25;2;Bacteria;Myxococcota;Polyangia;Polyangiales;BIrii41;
LN125.2;ASV290;1;LN125;larvae;sorb-;1.25;2;Bacteria;Firmicutes;Clostridia;Oscillospirales;[Eubacterium] coprostanoligenes group;
LN125.2;ASV291;1;LN125;larvae;sorb-;1.25;2;Bacteria;Proteobacteria;Alphaproteobacteria;Rhizobiales;Amb-16S-1323;
LN125.2;ASV294;0;LN125;larvae;sorb-;1.25;2;Bacteria;Proteobacteria;Gammaproteobacteria;Burkholderiales;SC-I-84;
LN125.2;ASV295;0;LN125;larvae;sorb-;1.25;2;Bacteria;Actinobacteriota;Actinobacteria;Micromonosporales;Micromonosporaceae;Virgisporangium
LN125.2;ASV296;0;LN125;larvae;sorb-;1.25;2;Bacteria;Proteobacteria;Gammaproteobacteria;Pseudomonadales;Moraxellaceae;Acinetobacter
LN125.2;ASV297;0;LN125;larvae;sorb-;1.25;2;Bacteria;Actinobacteriota;Acidimicrobiia;Microtrichales;Ilumatobacteraceae;
LN125.2;ASV298;0;LN125;larvae;sorb-;1.25;2;Bacteria;Firmicutes;Bacilli;Paenibacillales;Paenibacillaceae;Paenibacillus
LN125.2;ASV299;0;LN125;larvae;sorb-;1.25;2;Bacteria;Actinobacteriota;Thermoleophilia;Solirubrobacterales;67-14;
LN125.2;ASV300;0;LN125;larvae;sorb-;1.25;2;Bacteria;Proteobacteria;Gammaproteobacteria;Enterobacterales;Vibrionaceae;
LN125.2;ASV304;0;LN125;larvae;sorb-;1.25;2;Bacteria;Firmicutes;Clostridia;Lachnospirales;Lachnospiraceae;[Ruminococcus] gauvreauii group
LN125.2;ASV305;0;LN125;larvae;sorb-;1.25;2;Bacteria;Actinobacteriota;Actinobacteria;Micrococcales;Brevibacteriaceae;Brevibacterium
LN125.2;ASV306;0;LN125;larvae;sorb-;1.25;2;Bacteria;Firmicutes;Bacilli;Lactobacillales;Lactobacillaceae;Weissella
LN125.2;ASV308;0;LN125;larvae;sorb-;1.25;2;Bacteria;Proteobacteria;Gammaproteobacteria;Burkholderiales;Oxalobacteraceae;Duganella
LN125.2;ASV309;0;LN125;larvae;sorb-;1.25;2;Bacteria;Firmicutes;Bacilli;Lactobacillales;Carnobacteriaceae;Isobaculum
LN125.2;ASV310;0;LN125;larvae;sorb-;1.25;2;Bacteria;Proteobacteria;Alphaproteobacteria;Rhodobacterales;Rhodobacteraceae;Paracoccus
LN125.2;ASV311;0;LN125;larvae;sorb-;1.25;2;Bacteria;Acidobacteriota;Vicinamibacteria;Vicinamibacterales;Vicinamibacteraceae;
LN125.2;ASV362;0;LN125;larvae;sorb-;1.25;2;Bacteria;Firmicutes;Bacilli;Lactobacillales;Lactobacillaceae;Lactobacillus
LN125.2;ASV363;4;LN125;larvae;sorb-;1.25;2;Bacteria;Bacteroidota;Bacteroidia;Bacteroidales;Tannerellaceae;Parabacteroides
LN125.2;ASV365;1;LN125;larvae;sorb-;1.25;2;Bacteria;Proteobacteria;Gammaproteobacteria;Burkholderiales;Burkholderiaceae;Ralstonia
LN125.2;ASV370;1;LN125;larvae;sorb-;1.25;2;Bacteria;Proteobacteria;Gammaproteobacteria;Burkholderiales;Rhodocyclaceae;
LN125.2;ASV371;1;LN125;larvae;sorb-;1.25;2;Bacteria;Firmicutes;Clostridia;Lachnospirales;Lachnospiraceae;Lachnospiraceae NK4A136 group
LN125.2;ASV374;1;LN125;larvae;sorb-;1.25;2;Bacteria;Gemmatimonadota;Gemmatimonadetes;Gemmatimonadales;Gemmatimonadaceae;Gemmatimonas
LN125.2;ASV376;3;LN125;larvae;sorb-;1.25;2;Bacteria;Acidobacteriota;Vicinamibacteria;Vicinamibacterales;Vicinamibacteraceae;Vicinamibacter
LN125.2;ASV383;0;LN125;larvae;sorb-;1.25;2;Bacteria;Proteobacteria;Gammaproteobacteria;Burkholderiales;Gallionellaceae;Gallionella
LN125.2;ASV389;0;LN125;larvae;sorb-;1.25;2;Bacteria;Proteobacteria;Alphaproteobacteria;Sphingomonadales;Sphingomonadaceae;Sphingobium
LN125.2;ASV393;0;LN125;larvae;sorb-;1.25;2;Bacteria;Firmicutes;Bacilli;Lactobacillales;Lactobacillaceae;Weissella
LN125.2;ASV394;0;LN125;larvae;sorb-;1.25;2;Bacteria;Proteobacteria;Gammaproteobacteria;Burkholderiales;Sutterellaceae;Parasutterella
LN125.2;ASV395;0;LN125;larvae;sorb-;1.25;2;Bacteria;Actinobacteriota;Actinobacteria;Frankiales;Cryptosporangiaceae;Cryptosporangium
LN125.2;ASV397;0;LN125;larvae;sorb-;1.25;2;Bacteria;Bacteroidota;Bacteroidia;Bacteroidales;Muribaculaceae;
LN125.2;ASV399;0;LN125;larvae;sorb-;1.25;2;Bacteria;Firmicutes;Bacilli;Paenibacillales;Paenibacillaceae;Paenibacillus
LN125.2;ASV400;0;LN125;larvae;sorb-;1.25;2;Bacteria;Proteobacteria;Gammaproteobacteria;Pseudomonadales;Moraxellaceae;Acinetobacter
LN125.2;ASV401;0;LN125;larvae;sorb-;1.25;2;Bacteria;Proteobacteria;Alphaproteobacteria;Caulobacterales;Caulobacteraceae;Brevundimonas
LN125.2;ASV402;0;LN125;larvae;sorb-;1.25;2;Bacteria;Proteobacteria;Gammaproteobacteria;Pseudomonadales;Moraxellaceae;Psychrobacter
LN125.2;ASV408;0;LN125;larvae;sorb-;1.25;2;Bacteria;Proteobacteria;Gammaproteobacteria;Burkholderiales;SC-I-84;
LN125.2;ASV410;0;LN125;larvae;sorb-;1.25;2;Bacteria;Proteobacteria;Alphaproteobacteria;Rhizobiales;Xanthobacteraceae;Bradyrhizobium
LN125.3;ASV1;13730;LN125;larvae;sorb-;1.25;3;Bacteria;Proteobacteria;Gammaproteobacteria;Enterobacterales;Morganellaceae;Providencia
LN125.3;ASV2;4452;LN125;larvae;sorb-;1.25;3;Bacteria;Proteobacteria;Gammaproteobacteria;Enterobacterales;Enterobacteriaceae;Klebsiella
LN125.3;ASV3;17505;LN125;larvae;sorb-;1.25;3;Bacteria;Proteobacteria;Gammaproteobacteria;Enterobacterales;Enterobacteriaceae;Enterobacter*
LN125.3;ASV4;7303;LN125;larvae;sorb-;1.25;3;Bacteria;Firmicutes;Bacilli;Lactobacillales;Enterococcaceae;Enterococcus
LN125.3;ASV5;4;LN125;larvae;sorb-;1.25;3;Bacteria;Firmicutes;Bacilli;Lactobacillales;Lactobacillaceae;Lactiplantibacillus
LN125.3;ASV6;0;LN125;larvae;sorb-;1.25;3;Bacteria;Firmicutes;Bacilli;Lactobacillales;Lactobacillaceae;Lactobacillus
LN125.3;ASV7;0;LN125;larvae;sorb-;1.25;3;Bacteria;Firmicutes;Bacilli;Lactobacillales;Lactobacillaceae;Weissella
LN125.3;ASV8;423;LN125;larvae;sorb-;1.25;3;Bacteria;Firmicutes;Bacilli;Lactobacillales;Enterococcaceae;Enterococcus
LN125.3;ASV9;7;LN125;larvae;sorb-;1.25;3;Bacteria;Firmicutes;Bacilli;Lactobacillales;Lactobacillaceae;Levilactobacillus
LN125.3;ASV13;35;LN125;larvae;sorb-;1.25;3;Bacteria;Firmicutes;Bacilli;Staphylococcales;Staphylococcaceae;Mammaliicoccus*
LN125.3;ASV14;89;LN125;larvae;sorb-;1.25;3;Bacteria;Firmicutes;Bacilli;Lactobacillales;Enterococcaceae;Enterococcus
LN125.3;ASV15;0;LN125;larvae;sorb-;1.25;3;Bacteria;Firmicutes;Bacilli;Lactobacillales;Lactobacillaceae;Lacticaseibacillus
LN125.3;ASV18;3372;LN125;larvae;sorb-;1.25;3;Bacteria;Actinobacteriota;Actinobacteria;Actinomycetales;Actinomycetaceae;Actinomyces
LN125.3;ASV19;0;LN125;larvae;sorb-;1.25;3;Bacteria;Proteobacteria;Gammaproteobacteria;Enterobacterales;Morganellaceae;Proteus
LN125.3;ASV20;4;LN125;larvae;sorb-;1.25;3;Bacteria;Actinobacteriota;Actinobacteria;Corynebacteriales;Corynebacteriaceae;Corynebacterium
LN125.3;ASV21;12;LN125;larvae;sorb-;1.25;3;Bacteria;Firmicutes;Bacilli;Bacillales;Bacillaceae;Bacillus
LN125.3;ASV22;0;LN125;larvae;sorb-;1.25;3;Bacteria;Firmicutes;Bacilli;Lactobacillales;Lactobacillaceae;Lacticaseibacillus
LN125.3;ASV23;0;LN125;larvae;sorb-;1.25;3;Bacteria;Firmicutes;Bacilli;Lactobacillales;Lactobacillaceae;Limosilactobacillus
LN125.3;ASV24;0;LN125;larvae;sorb-;1.25;3;Bacteria;Proteobacteria;Gammaproteobacteria;Enterobacterales;Enterobacteriaceae;Escherichia-Shigella
LN125.3;ASV25;0;LN125;larvae;sorb-;1.25;3;Bacteria;Firmicutes;Bacilli;Lactobacillales;Enterococcaceae;Enterococcus
LN125.3;ASV28;0;LN125;larvae;sorb-;1.25;3;Bacteria;Firmicutes;Bacilli;Lactobacillales;Lactobacillaceae;Lacticaseibacillus
LN125.3;ASV34;0;LN125;larvae;sorb-;1.25;3;Bacteria;Proteobacteria;Gammaproteobacteria;Enterobacterales;Enterobacteriaceae;Klebsiella
LN125.3;ASV35;0;LN125;larvae;sorb-;1.25;3;Bacteria;Firmicutes;Bacilli;Lactobacillales;Lactobacillaceae;Weissella
LN125.3;ASV36;0;LN125;larvae;sorb-;1.25;3;Bacteria;Proteobacteria;Gammaproteobacteria;Enterobacterales;Morganellaceae;Providencia
LN125.3;ASV37;0;LN125;larvae;sorb-;1.25;3;Bacteria;Firmicutes;Bacilli;Lactobacillales;Lactobacillaceae;Pediococcus
LN125.3;ASV40;0;LN125;larvae;sorb-;1.25;3;Bacteria;Actinobacteriota;Actinobacteria;Corynebacteriales;Corynebacteriaceae;Corynebacterium
LN125.3;ASV43;0;LN125;larvae;sorb-;1.25;3;Bacteria;Proteobacteria;Gammaproteobacteria;Enterobacterales;Enterobacteriaceae;Enterobacter*
LN125.3;ASV44;0;LN125;larvae;sorb-;1.25;3;Bacteria;Firmicutes;Bacilli;Lactobacillales;Enterococcaceae;Enterococcus*
LN125.3;ASV46;0;LN125;larvae;sorb-;1.25;3;Bacteria;Firmicutes;Bacilli;Lactobacillales;Enterococcaceae;Enterococcus
LN125.3;ASV50;1;LN125;larvae;sorb-;1.25;3;Bacteria;Proteobacteria;Gammaproteobacteria;Pseudomonadales;Pseudomonadaceae;Pseudomonas
LN125.3;ASV53;0;LN125;larvae;sorb-;1.25;3;Bacteria;Actinobacteriota;Actinobacteria;Corynebacteriales;Corynebacteriaceae;Corynebacterium
LN125.3;ASV55;0;LN125;larvae;sorb-;1.25;3;Bacteria;Firmicutes;Bacilli;Bacillales;Bacillaceae;Bacillus
LN125.3;ASV58;0;LN125;larvae;sorb-;1.25;3;Bacteria;Actinobacteriota;Actinobacteria;Micrococcales;Brevibacteriaceae;Brevibacterium
LN125.3;ASV65;0;LN125;larvae;sorb-;1.25;3;Bacteria;Bacteroidota;Bacteroidia;Bacteroidales;Bacteroidaceae;Bacteroides
LN125.3;ASV66;0;LN125;larvae;sorb-;1.25;3;Bacteria;Firmicutes;Bacilli;Staphylococcales;Staphylococcaceae;Staphylococcus
LN125.3;ASV69;0;LN125;larvae;sorb-;1.25;3;Bacteria;Firmicutes;Bacilli;Bacillales;Planococcaceae;Uncult. bacterium*
LN125.3;ASV73;0;LN125;larvae;sorb-;1.25;3;Bacteria;Proteobacteria;Gammaproteobacteria;Burkholderiales;Burkholderiaceae;Ralstonia
LN125.3;ASV76;0;LN125;larvae;sorb-;1.25;3;Bacteria;Proteobacteria;Gammaproteobacteria;Pseudomonadales;Pseudomonadaceae;Pseudomonas
LN125.3;ASV83;0;LN125;larvae;sorb-;1.25;3;Bacteria;Proteobacteria;Gammaproteobacteria;Burkholderiales;Comamonadaceae;Delftia
LN125.3;ASV85;0;LN125;larvae;sorb-;1.25;3;Bacteria;Bacteroidota;Bacteroidia;Bacteroidales;Bacteroidaceae;Bacteroides
LN125.3;ASV86;0;LN125;larvae;sorb-;1.25;3;Bacteria;Bacteroidota;Bacteroidia;Bacteroidales;Bacteroidaceae;Bacteroides
LN125.3;ASV87;0;LN125;larvae;sorb-;1.25;3;Bacteria;Firmicutes;Bacilli;Lactobacillales;Streptococcaceae;Streptococcus
LN125.3;ASV90;0;LN125;larvae;sorb-;1.25;3;Bacteria;Proteobacteria;Gammaproteobacteria;Xanthomonadales;Xanthomonadaceae;Stenotrophomonas
LN125.3;ASV92;3;LN125;larvae;sorb-;1.25;3;Bacteria;Proteobacteria;Gammaproteobacteria;Enterobacterales;Yersiniaceae;Yersinia
LN125.3;ASV95;0;LN125;larvae;sorb-;1.25;3;Bacteria;Proteobacteria;Gammaproteobacteria;Pseudomonadales;Moraxellaceae;Psychrobacter
LN125.3;ASV98;0;LN125;larvae;sorb-;1.25;3;Bacteria;Proteobacteria;Gammaproteobacteria;Enterobacterales;Enterobacteriaceae;
LN125.3;ASV99;0;LN125;larvae;sorb-;1.25;3;Bacteria;Proteobacteria;Alphaproteobacteria;Sphingomonadales;Sphingomonadaceae;Sphingomonas
LN125.3;ASV100;0;LN125;larvae;sorb-;1.25;3;Bacteria;Firmicutes;Bacilli;Lactobacillales;Lactobacillaceae;Lapidilactobacillus
LN125.3;ASV103;0;LN125;larvae;sorb-;1.25;3;Bacteria;Bacteroidota;Bacteroidia;Bacteroidales;Tannerellaceae;Parabacteroides
LN125.3;ASV106;0;LN125;larvae;sorb-;1.25;3;Bacteria;Proteobacteria;Gammaproteobacteria;Enterobacterales;Morganellaceae;Providencia
LN125.3;ASV109;0;LN125;larvae;sorb-;1.25;3;Bacteria;Proteobacteria;Alphaproteobacteria;Rhodobacterales;Rhodobacteraceae;Rubellimicrobium
LN125.3;ASV111;0;LN125;larvae;sorb-;1.25;3;Bacteria;Bacteroidota;Bacteroidia;Bacteroidales;Bacteroidaceae;Bacteroides
LN125.3;ASV115;0;LN125;larvae;sorb-;1.25;3;Bacteria;Proteobacteria;Gammaproteobacteria;Pseudomonadales;Alcanivoracaceae1;Alcanivorax
LN125.3;ASV117;0;LN125;larvae;sorb-;1.25;3;Bacteria;Actinobacteriota;Actinobacteria;Corynebacteriales;Corynebacteriaceae;Corynebacterium
LN125.3;ASV120;0;LN125;larvae;sorb-;1.25;3;Bacteria;Proteobacteria;Gammaproteobacteria;Burkholderiales;Sutterellaceae;Parasutterella
LN125.3;ASV124;0;LN125;larvae;sorb-;1.25;3;Bacteria;Firmicutes;Bacilli;Staphylococcales;Staphylococcaceae;Staphylococcus
LN125.3;ASV128;0;LN125;larvae;sorb-;1.25;3;Bacteria;Proteobacteria;Gammaproteobacteria;Burkholderiales;Hydrogenophilaceae;Tepidiphilus
LN125.3;ASV129;0;LN125;larvae;sorb-;1.25;3;Bacteria;Proteobacteria;Alphaproteobacteria;Rhizobiales;Beijerinckiaceae;Methylobacterium-Methylorubrum
LN125.3;ASV130;0;LN125;larvae;sorb-;1.25;3;Bacteria;Proteobacteria;Alphaproteobacteria;Sphingomonadales;Sphingomonadaceae;Sphingomonas
LN125.3;ASV132;0;LN125;larvae;sorb-;1.25;3;Bacteria;Bacteroidota;Bacteroidia;Bacteroidales;Bacteroidaceae;Bacteroides
LN125.3;ASV134;0;LN125;larvae;sorb-;1.25;3;Bacteria;Proteobacteria;Gammaproteobacteria;Burkholderiales;Comamonadaceae;
LN125.3;ASV137;0;LN125;larvae;sorb-;1.25;3;Bacteria;Proteobacteria;Gammaproteobacteria;Pseudomonadales;Pseudomonadaceae;Pseudomonas
LN125.3;ASV146;0;LN125;larvae;sorb-;1.25;3;Bacteria;Firmicutes;Negativicutes;Veillonellales-Selenomonadales;Veillonellaceae;Dialister
LN125.3;ASV147;0;LN125;larvae;sorb-;1.25;3;Bacteria;Proteobacteria;Gammaproteobacteria;Pseudomonadales;Moraxellaceae;Acinetobacter
LN125.3;ASV148;0;LN125;larvae;sorb-;1.25;3;Bacteria;Actinobacteriota;Actinobacteria;Micrococcales;Dermabacteraceae;Brachybacterium
LN125.3;ASV153;0;LN125;larvae;sorb-;1.25;3;Bacteria;Proteobacteria;Gammaproteobacteria;Pseudomonadales;Pseudomonadaceae;Pseudomonas
LN125.3;ASV155;0;LN125;larvae;sorb-;1.25;3;Bacteria;Proteobacteria;Gammaproteobacteria;Pseudomonadales;Halomonadaceae;Halomonas
LN125.3;ASV159;10;LN125;larvae;sorb-;1.25;3;Bacteria;Actinobacteriota;Thermoleophilia;Solirubrobacterales;67-14;
LN125.3;ASV160;0;LN125;larvae;sorb-;1.25;3;Bacteria;Proteobacteria;Gammaproteobacteria;Burkholderiales;Burkholderiaceae;Ralstonia
LN125.3;ASV162;0;LN125;larvae;sorb-;1.25;3;Bacteria;Proteobacteria;Gammaproteobacteria;Pseudomonadales;Moraxellaceae;Acinetobacter
LN125.3;ASV164;0;LN125;larvae;sorb-;1.25;3;Bacteria;Proteobacteria;Gammaproteobacteria;Pseudomonadales;Alcanivoracaceae1;Alcanivorax
LN125.3;ASV165;0;LN125;larvae;sorb-;1.25;3;Bacteria;Dependentiae;Babeliae;Babeliales;Vermiphilaceae;
LN125.3;ASV172;0;LN125;larvae;sorb-;1.25;3;Bacteria;Proteobacteria;Gammaproteobacteria;Enterobacterales;Pseudoalteromonadaceae;Pseudoalteromonas
LN125.3;ASV173;0;LN125;larvae;sorb-;1.25;3;Bacteria;Firmicutes;Bacilli;Lactobacillales;Carnobacteriaceae;Isobaculum
LN125.3;ASV174;0;LN125;larvae;sorb-;1.25;3;Bacteria;Firmicutes;Bacilli;Erysipelotrichales;Erysipelotrichaceae;Turicibacter
LN125.3;ASV175;0;LN125;larvae;sorb-;1.25;3;Bacteria;Actinobacteriota;Actinobacteria;Actinomycetales;Actinomycetaceae;Actinomyces
LN125.3;ASV176;0;LN125;larvae;sorb-;1.25;3;Bacteria;Proteobacteria;Gammaproteobacteria;Burkholderiales;Comamonadaceae;Aquabacterium
LN125.3;ASV178;0;LN125;larvae;sorb-;1.25;3;Bacteria;Proteobacteria;Gammaproteobacteria;Burkholderiales;Burkholderiaceae;Burkholderia-Caballeronia-Paraburkholderia
LN125.3;ASV182;0;LN125;larvae;sorb-;1.25;3;Bacteria;Proteobacteria;Gammaproteobacteria;Enterobacterales;Alteromonadaceae;Alteromonas
LN125.3;ASV183;0;LN125;larvae;sorb-;1.25;3;Bacteria;Proteobacteria;Gammaproteobacteria;Xanthomonadales;Xanthomonadaceae;Stenotrophomonas
LN125.3;ASV185;0;LN125;larvae;sorb-;1.25;3;Bacteria;Firmicutes;Bacilli;Bacillales;Bacillaceae;Anaerobacillus
LN125.3;ASV191;0;LN125;larvae;sorb-;1.25;3;Bacteria;Firmicutes;Clostridia;Oscillospirales;Ruminococcaceae;Faecalibacterium
LN125.3;ASV194;0;LN125;larvae;sorb-;1.25;3;Bacteria;Proteobacteria;Gammaproteobacteria;Burkholderiales;Comamonadaceae;
LN125.3;ASV195;0;LN125;larvae;sorb-;1.25;3;Bacteria;Firmicutes;Bacilli;Thermicanales;Thermicanaceae;Thermicanus
LN125.3;ASV197;0;LN125;larvae;sorb-;1.25;3;Bacteria;Firmicutes;Bacilli;Bacillales;Bacillaceae;Aeribacillus
LN125.3;ASV198;0;LN125;larvae;sorb-;1.25;3;Bacteria;Proteobacteria;Gammaproteobacteria;Burkholderiales;Comamonadaceae;
LN125.3;ASV200;0;LN125;larvae;sorb-;1.25;3;Bacteria;Proteobacteria;Gammaproteobacteria;Enterobacterales;Pseudoalteromonadaceae;Pseudoalteromonas
LN125.3;ASV206;0;LN125;larvae;sorb-;1.25;3;Bacteria;Firmicutes;Clostridia;Oscillospirales;Oscillospiraceae;UCG-002
LN125.3;ASV207;0;LN125;larvae;sorb-;1.25;3;Bacteria;Firmicutes;Negativicutes;Veillonellales-Selenomonadales;Veillonellaceae;Dialister
LN125.3;ASV208;0;LN125;larvae;sorb-;1.25;3;Bacteria;Actinobacteriota;Actinobacteria;Micromonosporales;Micromonosporaceae;Catellatospora
LN125.3;ASV211;0;LN125;larvae;sorb-;1.25;3;Bacteria;Firmicutes;Bacilli;Lactobacillales;Carnobacteriaceae;Atopostipes
LN125.3;ASV212;0;LN125;larvae;sorb-;1.25;3;Bacteria;Proteobacteria;Gammaproteobacteria;Xanthomonadales;Xanthomonadaceae;Stenotrophomonas
LN125.3;ASV213;0;LN125;larvae;sorb-;1.25;3;Bacteria;Proteobacteria;Gammaproteobacteria;Enterobacterales;Pseudoalteromonadaceae;Pseudoalteromonas
LN125.3;ASV214;0;LN125;larvae;sorb-;1.25;3;Bacteria;Proteobacteria;Gammaproteobacteria;Xanthomonadales;Xanthomonadaceae;Stenotrophomonas
LN125.3;ASV215;0;LN125;larvae;sorb-;1.25;3;Bacteria;Bacteroidota;Bacteroidia;Bacteroidales;Bacteroidaceae;Bacteroides
LN125.3;ASV216;0;LN125;larvae;sorb-;1.25;3;Bacteria;Proteobacteria;Gammaproteobacteria;Burkholderiales;Hydrogenophilaceae;Tepidiphilus
LN125.3;ASV217;0;LN125;larvae;sorb-;1.25;3;Bacteria;Proteobacteria;Gammaproteobacteria;Pseudomonadales;Alcanivoracaceae1;Alcanivorax
LN125.3;ASV218;0;LN125;larvae;sorb-;1.25;3;Bacteria;Proteobacteria;Gammaproteobacteria;Enterobacterales;Morganellaceae;Moellerella
LN125.3;ASV226;0;LN125;larvae;sorb-;1.25;3;Bacteria;Proteobacteria;Gammaproteobacteria;Burkholderiales;Oxalobacteraceae;Massilia
LN125.3;ASV235;0;LN125;larvae;sorb-;1.25;3;Bacteria;Actinobacteriota;Actinobacteria;Micrococcales;Micrococcaceae;Micrococcus
LN125.3;ASV236;0;LN125;larvae;sorb-;1.25;3;Bacteria;Proteobacteria;Gammaproteobacteria;Burkholderiales;Comamonadaceae;Schlegelella
LN125.3;ASV237;4;LN125;larvae;sorb-;1.25;3;Bacteria;Verrucomicrobiota;Verrucomicrobiae;Pedosphaerales;Pedosphaeraceae;
LN125.3;ASV239;2;LN125;larvae;sorb-;1.25;3;Bacteria;Actinobacteriota;Acidimicrobiia;Microtrichales;Ilumatobacteraceae;Ilumatobacter
LN125.3;ASV240;1;LN125;larvae;sorb-;1.25;3;Bacteria;Proteobacteria;Gammaproteobacteria;Xanthomonadales;Xanthomonadaceae;Lysobacter
LN125.3;ASV241;0;LN125;larvae;sorb-;1.25;3;Bacteria;Actinobacteriota;Actinobacteria;Micrococcales;Micrococcaceae;Micrococcus
LN125.3;ASV242;0;LN125;larvae;sorb-;1.25;3;Bacteria;Actinobacteriota;Actinobacteria;Actinomycetales;Actinomycetaceae;Actinomyces
LN125.3;ASV243;0;LN125;larvae;sorb-;1.25;3;Bacteria;Proteobacteria;Gammaproteobacteria;Xanthomonadales;Xanthomonadaceae;Stenotrophomonas
LN125.3;ASV244;0;LN125;larvae;sorb-;1.25;3;Bacteria;Proteobacteria;Gammaproteobacteria;Pseudomonadales;Moraxellaceae;Enhydrobacter
LN125.3;ASV246;0;LN125;larvae;sorb-;1.25;3;Bacteria;Proteobacteria;Gammaproteobacteria;Nitrosococcales;Methylophagaceae;Methylophaga
LN125.3;ASV247;0;LN125;larvae;sorb-;1.25;3;Bacteria;Bacteroidota;Bacteroidia;Bacteroidales;Bacteroidaceae;Bacteroides
LN125.3;ASV248;0;LN125;larvae;sorb-;1.25;3;Bacteria;Proteobacteria;Gammaproteobacteria;Burkholderiales;Comamonadaceae;Tepidimonas
LN125.3;ASV250;0;LN125;larvae;sorb-;1.25;3;Bacteria;Proteobacteria;Gammaproteobacteria;Pseudomonadales;Marinobacteraceae;Marinobacter
LN125.3;ASV251;0;LN125;larvae;sorb-;1.25;3;Bacteria;Actinobacteriota;Actinobacteria;Streptomycetales;Streptomycetaceae;Streptomyces
LN125.3;ASV252;0;LN125;larvae;sorb-;1.25;3;Bacteria;Firmicutes;Bacilli;Staphylococcales;Staphylococcaceae;
LN125.3;ASV253;0;LN125;larvae;sorb-;1.25;3;Bacteria;Planctomycetota;Planctomycetes;Gemmatales;Gemmataceae;
LN125.3;ASV282;0;LN125;larvae;sorb-;1.25;3;Bacteria;Firmicutes;Bacilli;Lactobacillales;Carnobacteriaceae;Isobaculum
LN125.3;ASV283;0;LN125;larvae;sorb-;1.25;3;Bacteria;Proteobacteria;Gammaproteobacteria;Burkholderiales;Alcaligenaceae;Alcaligenes
LN125.3;ASV284;0;LN125;larvae;sorb-;1.25;3;Bacteria;Firmicutes;Bacilli;Lactobacillales;Lactobacillaceae;Weissella
LN125.3;ASV287;0;LN125;larvae;sorb-;1.25;3;Bacteria;Myxococcota;Polyangia;Polyangiales;BIrii41;
LN125.3;ASV290;0;LN125;larvae;sorb-;1.25;3;Bacteria;Firmicutes;Clostridia;Oscillospirales;[Eubacterium] coprostanoligenes group;
LN125.3;ASV291;0;LN125;larvae;sorb-;1.25;3;Bacteria;Proteobacteria;Alphaproteobacteria;Rhizobiales;Amb-16S-1323;
LN125.3;ASV294;1;LN125;larvae;sorb-;1.25;3;Bacteria;Proteobacteria;Gammaproteobacteria;Burkholderiales;SC-I-84;
LN125.3;ASV295;2;LN125;larvae;sorb-;1.25;3;Bacteria;Actinobacteriota;Actinobacteria;Micromonosporales;Micromonosporaceae;Virgisporangium
LN125.3;ASV296;0;LN125;larvae;sorb-;1.25;3;Bacteria;Proteobacteria;Gammaproteobacteria;Pseudomonadales;Moraxellaceae;Acinetobacter
LN125.3;ASV297;0;LN125;larvae;sorb-;1.25;3;Bacteria;Actinobacteriota;Acidimicrobiia;Microtrichales;Ilumatobacteraceae;
LN125.3;ASV298;0;LN125;larvae;sorb-;1.25;3;Bacteria;Firmicutes;Bacilli;Paenibacillales;Paenibacillaceae;Paenibacillus
LN125.3;ASV299;0;LN125;larvae;sorb-;1.25;3;Bacteria;Actinobacteriota;Thermoleophilia;Solirubrobacterales;67-14;
LN125.3;ASV300;0;LN125;larvae;sorb-;1.25;3;Bacteria;Proteobacteria;Gammaproteobacteria;Enterobacterales;Vibrionaceae;
LN125.3;ASV304;0;LN125;larvae;sorb-;1.25;3;Bacteria;Firmicutes;Clostridia;Lachnospirales;Lachnospiraceae;[Ruminococcus] gauvreauii group
LN125.3;ASV305;0;LN125;larvae;sorb-;1.25;3;Bacteria;Actinobacteriota;Actinobacteria;Micrococcales;Brevibacteriaceae;Brevibacterium
LN125.3;ASV306;0;LN125;larvae;sorb-;1.25;3;Bacteria;Firmicutes;Bacilli;Lactobacillales;Lactobacillaceae;Weissella
LN125.3;ASV308;0;LN125;larvae;sorb-;1.25;3;Bacteria;Proteobacteria;Gammaproteobacteria;Burkholderiales;Oxalobacteraceae;Duganella
LN125.3;ASV309;0;LN125;larvae;sorb-;1.25;3;Bacteria;Firmicutes;Bacilli;Lactobacillales;Carnobacteriaceae;Isobaculum
LN125.3;ASV310;0;LN125;larvae;sorb-;1.25;3;Bacteria;Proteobacteria;Alphaproteobacteria;Rhodobacterales;Rhodobacteraceae;Paracoccus
LN125.3;ASV311;0;LN125;larvae;sorb-;1.25;3;Bacteria;Acidobacteriota;Vicinamibacteria;Vicinamibacterales;Vicinamibacteraceae;
LN125.3;ASV362;0;LN125;larvae;sorb-;1.25;3;Bacteria;Firmicutes;Bacilli;Lactobacillales;Lactobacillaceae;Lactobacillus
LN125.3;ASV363;0;LN125;larvae;sorb-;1.25;3;Bacteria;Bacteroidota;Bacteroidia;Bacteroidales;Tannerellaceae;Parabacteroides
LN125.3;ASV365;0;LN125;larvae;sorb-;1.25;3;Bacteria;Proteobacteria;Gammaproteobacteria;Burkholderiales;Burkholderiaceae;Ralstonia
LN125.3;ASV370;0;LN125;larvae;sorb-;1.25;3;Bacteria;Proteobacteria;Gammaproteobacteria;Burkholderiales;Rhodocyclaceae;
LN125.3;ASV371;0;LN125;larvae;sorb-;1.25;3;Bacteria;Firmicutes;Clostridia;Lachnospirales;Lachnospiraceae;Lachnospiraceae NK4A136 group
LN125.3;ASV374;0;LN125;larvae;sorb-;1.25;3;Bacteria;Gemmatimonadota;Gemmatimonadetes;Gemmatimonadales;Gemmatimonadaceae;Gemmatimonas
LN125.3;ASV376;0;LN125;larvae;sorb-;1.25;3;Bacteria;Acidobacteriota;Vicinamibacteria;Vicinamibacterales;Vicinamibacteraceae;Vicinamibacter
LN125.3;ASV383;1;LN125;larvae;sorb-;1.25;3;Bacteria;Proteobacteria;Gammaproteobacteria;Burkholderiales;Gallionellaceae;Gallionella
LN125.3;ASV389;0;LN125;larvae;sorb-;1.25;3;Bacteria;Proteobacteria;Alphaproteobacteria;Sphingomonadales;Sphingomonadaceae;Sphingobium
LN125.3;ASV393;0;LN125;larvae;sorb-;1.25;3;Bacteria;Firmicutes;Bacilli;Lactobacillales;Lactobacillaceae;Weissella
LN125.3;ASV394;0;LN125;larvae;sorb-;1.25;3;Bacteria;Proteobacteria;Gammaproteobacteria;Burkholderiales;Sutterellaceae;Parasutterella
LN125.3;ASV395;0;LN125;larvae;sorb-;1.25;3;Bacteria;Actinobacteriota;Actinobacteria;Frankiales;Cryptosporangiaceae;Cryptosporangium
LN125.3;ASV397;0;LN125;larvae;sorb-;1.25;3;Bacteria;Bacteroidota;Bacteroidia;Bacteroidales;Muribaculaceae;
LN125.3;ASV399;0;LN125;larvae;sorb-;1.25;3;Bacteria;Firmicutes;Bacilli;Paenibacillales;Paenibacillaceae;Paenibacillus
LN125.3;ASV400;0;LN125;larvae;sorb-;1.25;3;Bacteria;Proteobacteria;Gammaproteobacteria;Pseudomonadales;Moraxellaceae;Acinetobacter
LN125.3;ASV401;0;LN125;larvae;sorb-;1.25;3;Bacteria;Proteobacteria;Alphaproteobacteria;Caulobacterales;Caulobacteraceae;Brevundimonas
LN125.3;ASV402;0;LN125;larvae;sorb-;1.25;3;Bacteria;Proteobacteria;Gammaproteobacteria;Pseudomonadales;Moraxellaceae;Psychrobacter
LN125.3;ASV408;0;LN125;larvae;sorb-;1.25;3;Bacteria;Proteobacteria;Gammaproteobacteria;Burkholderiales;SC-I-84;
LN125.3;ASV410;0;LN125;larvae;sorb-;1.25;3;Bacteria;Proteobacteria;Alphaproteobacteria;Rhizobiales;Xanthobacteraceae;Bradyrhizobium
LN250.1;ASV1;15587;LN250;larvae;sorb-;2.5;1;Bacteria;Proteobacteria;Gammaproteobacteria;Enterobacterales;Morganellaceae;Providencia
LN250.1;ASV2;3594;LN250;larvae;sorb-;2.5;1;Bacteria;Proteobacteria;Gammaproteobacteria;Enterobacterales;Enterobacteriaceae;Klebsiella
LN250.1;ASV3;20742;LN250;larvae;sorb-;2.5;1;Bacteria;Proteobacteria;Gammaproteobacteria;Enterobacterales;Enterobacteriaceae;Enterobacter*
LN250.1;ASV4;4266;LN250;larvae;sorb-;2.5;1;Bacteria;Firmicutes;Bacilli;Lactobacillales;Enterococcaceae;Enterococcus
LN250.1;ASV5;0;LN250;larvae;sorb-;2.5;1;Bacteria;Firmicutes;Bacilli;Lactobacillales;Lactobacillaceae;Lactiplantibacillus
LN250.1;ASV6;0;LN250;larvae;sorb-;2.5;1;Bacteria;Firmicutes;Bacilli;Lactobacillales;Lactobacillaceae;Lactobacillus
LN250.1;ASV7;0;LN250;larvae;sorb-;2.5;1;Bacteria;Firmicutes;Bacilli;Lactobacillales;Lactobacillaceae;Weissella
LN250.1;ASV8;1147;LN250;larvae;sorb-;2.5;1;Bacteria;Firmicutes;Bacilli;Lactobacillales;Enterococcaceae;Enterococcus
LN250.1;ASV9;0;LN250;larvae;sorb-;2.5;1;Bacteria;Firmicutes;Bacilli;Lactobacillales;Lactobacillaceae;Levilactobacillus
LN250.1;ASV13;117;LN250;larvae;sorb-;2.5;1;Bacteria;Firmicutes;Bacilli;Staphylococcales;Staphylococcaceae;Mammaliicoccus*
LN250.1;ASV14;75;LN250;larvae;sorb-;2.5;1;Bacteria;Firmicutes;Bacilli;Lactobacillales;Enterococcaceae;Enterococcus
LN250.1;ASV15;0;LN250;larvae;sorb-;2.5;1;Bacteria;Firmicutes;Bacilli;Lactobacillales;Lactobacillaceae;Lacticaseibacillus
LN250.1;ASV18;159;LN250;larvae;sorb-;2.5;1;Bacteria;Actinobacteriota;Actinobacteria;Actinomycetales;Actinomycetaceae;Actinomyces
LN250.1;ASV19;0;LN250;larvae;sorb-;2.5;1;Bacteria;Proteobacteria;Gammaproteobacteria;Enterobacterales;Morganellaceae;Proteus
LN250.1;ASV20;0;LN250;larvae;sorb-;2.5;1;Bacteria;Actinobacteriota;Actinobacteria;Corynebacteriales;Corynebacteriaceae;Corynebacterium
LN250.1;ASV21;5;LN250;larvae;sorb-;2.5;1;Bacteria;Firmicutes;Bacilli;Bacillales;Bacillaceae;Bacillus
LN250.1;ASV22;0;LN250;larvae;sorb-;2.5;1;Bacteria;Firmicutes;Bacilli;Lactobacillales;Lactobacillaceae;Lacticaseibacillus
LN250.1;ASV23;0;LN250;larvae;sorb-;2.5;1;Bacteria;Firmicutes;Bacilli;Lactobacillales;Lactobacillaceae;Limosilactobacillus
LN250.1;ASV24;0;LN250;larvae;sorb-;2.5;1;Bacteria;Proteobacteria;Gammaproteobacteria;Enterobacterales;Enterobacteriaceae;Escherichia-Shigella
LN250.1;ASV25;914;LN250;larvae;sorb-;2.5;1;Bacteria;Firmicutes;Bacilli;Lactobacillales;Enterococcaceae;Enterococcus
LN250.1;ASV28;0;LN250;larvae;sorb-;2.5;1;Bacteria;Firmicutes;Bacilli;Lactobacillales;Lactobacillaceae;Lacticaseibacillus
LN250.1;ASV34;165;LN250;larvae;sorb-;2.5;1;Bacteria;Proteobacteria;Gammaproteobacteria;Enterobacterales;Enterobacteriaceae;Klebsiella
LN250.1;ASV35;0;LN250;larvae;sorb-;2.5;1;Bacteria;Firmicutes;Bacilli;Lactobacillales;Lactobacillaceae;Weissella
LN250.1;ASV36;0;LN250;larvae;sorb-;2.5;1;Bacteria;Proteobacteria;Gammaproteobacteria;Enterobacterales;Morganellaceae;Providencia
LN250.1;ASV37;0;LN250;larvae;sorb-;2.5;1;Bacteria;Firmicutes;Bacilli;Lactobacillales;Lactobacillaceae;Pediococcus
LN250.1;ASV40;0;LN250;larvae;sorb-;2.5;1;Bacteria;Actinobacteriota;Actinobacteria;Corynebacteriales;Corynebacteriaceae;Corynebacterium
LN250.1;ASV43;0;LN250;larvae;sorb-;2.5;1;Bacteria;Proteobacteria;Gammaproteobacteria;Enterobacterales;Enterobacteriaceae;Enterobacter*
LN250.1;ASV44;170;LN250;larvae;sorb-;2.5;1;Bacteria;Firmicutes;Bacilli;Lactobacillales;Enterococcaceae;Enterococcus*
LN250.1;ASV46;0;LN250;larvae;sorb-;2.5;1;Bacteria;Firmicutes;Bacilli;Lactobacillales;Enterococcaceae;Enterococcus
LN250.1;ASV50;6;LN250;larvae;sorb-;2.5;1;Bacteria;Proteobacteria;Gammaproteobacteria;Pseudomonadales;Pseudomonadaceae;Pseudomonas
LN250.1;ASV53;0;LN250;larvae;sorb-;2.5;1;Bacteria;Actinobacteriota;Actinobacteria;Corynebacteriales;Corynebacteriaceae;Corynebacterium
LN250.1;ASV55;0;LN250;larvae;sorb-;2.5;1;Bacteria;Firmicutes;Bacilli;Bacillales;Bacillaceae;Bacillus
LN250.1;ASV58;0;LN250;larvae;sorb-;2.5;1;Bacteria;Actinobacteriota;Actinobacteria;Micrococcales;Brevibacteriaceae;Brevibacterium
LN250.1;ASV65;0;LN250;larvae;sorb-;2.5;1;Bacteria;Bacteroidota;Bacteroidia;Bacteroidales;Bacteroidaceae;Bacteroides
LN250.1;ASV66;0;LN250;larvae;sorb-;2.5;1;Bacteria;Firmicutes;Bacilli;Staphylococcales;Staphylococcaceae;Staphylococcus
LN250.1;ASV69;0;LN250;larvae;sorb-;2.5;1;Bacteria;Firmicutes;Bacilli;Bacillales;Planococcaceae;Uncult. bacterium*
LN250.1;ASV73;0;LN250;larvae;sorb-;2.5;1;Bacteria;Proteobacteria;Gammaproteobacteria;Burkholderiales;Burkholderiaceae;Ralstonia
LN250.1;ASV76;0;LN250;larvae;sorb-;2.5;1;Bacteria;Proteobacteria;Gammaproteobacteria;Pseudomonadales;Pseudomonadaceae;Pseudomonas
LN250.1;ASV83;0;LN250;larvae;sorb-;2.5;1;Bacteria;Proteobacteria;Gammaproteobacteria;Burkholderiales;Comamonadaceae;Delftia
LN250.1;ASV85;0;LN250;larvae;sorb-;2.5;1;Bacteria;Bacteroidota;Bacteroidia;Bacteroidales;Bacteroidaceae;Bacteroides
LN250.1;ASV86;0;LN250;larvae;sorb-;2.5;1;Bacteria;Bacteroidota;Bacteroidia;Bacteroidales;Bacteroidaceae;Bacteroides
LN250.1;ASV87;0;LN250;larvae;sorb-;2.5;1;Bacteria;Firmicutes;Bacilli;Lactobacillales;Streptococcaceae;Streptococcus
LN250.1;ASV90;0;LN250;larvae;sorb-;2.5;1;Bacteria;Proteobacteria;Gammaproteobacteria;Xanthomonadales;Xanthomonadaceae;Stenotrophomonas
LN250.1;ASV92;0;LN250;larvae;sorb-;2.5;1;Bacteria;Proteobacteria;Gammaproteobacteria;Enterobacterales;Yersiniaceae;Yersinia
LN250.1;ASV95;3;LN250;larvae;sorb-;2.5;1;Bacteria;Proteobacteria;Gammaproteobacteria;Pseudomonadales;Moraxellaceae;Psychrobacter
LN250.1;ASV98;0;LN250;larvae;sorb-;2.5;1;Bacteria;Proteobacteria;Gammaproteobacteria;Enterobacterales;Enterobacteriaceae;
LN250.1;ASV99;1;LN250;larvae;sorb-;2.5;1;Bacteria;Proteobacteria;Alphaproteobacteria;Sphingomonadales;Sphingomonadaceae;Sphingomonas
LN250.1;ASV100;0;LN250;larvae;sorb-;2.5;1;Bacteria;Firmicutes;Bacilli;Lactobacillales;Lactobacillaceae;Lapidilactobacillus
LN250.1;ASV103;0;LN250;larvae;sorb-;2.5;1;Bacteria;Bacteroidota;Bacteroidia;Bacteroidales;Tannerellaceae;Parabacteroides
LN250.1;ASV106;0;LN250;larvae;sorb-;2.5;1;Bacteria;Proteobacteria;Gammaproteobacteria;Enterobacterales;Morganellaceae;Providencia
LN250.1;ASV109;0;LN250;larvae;sorb-;2.5;1;Bacteria;Proteobacteria;Alphaproteobacteria;Rhodobacterales;Rhodobacteraceae;Rubellimicrobium
LN250.1;ASV111;0;LN250;larvae;sorb-;2.5;1;Bacteria;Bacteroidota;Bacteroidia;Bacteroidales;Bacteroidaceae;Bacteroides
LN250.1;ASV115;0;LN250;larvae;sorb-;2.5;1;Bacteria;Proteobacteria;Gammaproteobacteria;Pseudomonadales;Alcanivoracaceae1;Alcanivorax
LN250.1;ASV117;0;LN250;larvae;sorb-;2.5;1;Bacteria;Actinobacteriota;Actinobacteria;Corynebacteriales;Corynebacteriaceae;Corynebacterium
LN250.1;ASV120;0;LN250;larvae;sorb-;2.5;1;Bacteria;Proteobacteria;Gammaproteobacteria;Burkholderiales;Sutterellaceae;Parasutterella
LN250.1;ASV124;0;LN250;larvae;sorb-;2.5;1;Bacteria;Firmicutes;Bacilli;Staphylococcales;Staphylococcaceae;Staphylococcus
LN250.1;ASV128;0;LN250;larvae;sorb-;2.5;1;Bacteria;Proteobacteria;Gammaproteobacteria;Burkholderiales;Hydrogenophilaceae;Tepidiphilus
LN250.1;ASV129;0;LN250;larvae;sorb-;2.5;1;Bacteria;Proteobacteria;Alphaproteobacteria;Rhizobiales;Beijerinckiaceae;Methylobacterium-Methylorubrum
LN250.1;ASV130;0;LN250;larvae;sorb-;2.5;1;Bacteria;Proteobacteria;Alphaproteobacteria;Sphingomonadales;Sphingomonadaceae;Sphingomonas
LN250.1;ASV132;0;LN250;larvae;sorb-;2.5;1;Bacteria;Bacteroidota;Bacteroidia;Bacteroidales;Bacteroidaceae;Bacteroides
LN250.1;ASV134;0;LN250;larvae;sorb-;2.5;1;Bacteria;Proteobacteria;Gammaproteobacteria;Burkholderiales;Comamonadaceae;
LN250.1;ASV137;0;LN250;larvae;sorb-;2.5;1;Bacteria;Proteobacteria;Gammaproteobacteria;Pseudomonadales;Pseudomonadaceae;Pseudomonas
LN250.1;ASV146;0;LN250;larvae;sorb-;2.5;1;Bacteria;Firmicutes;Negativicutes;Veillonellales-Selenomonadales;Veillonellaceae;Dialister
LN250.1;ASV147;0;LN250;larvae;sorb-;2.5;1;Bacteria;Proteobacteria;Gammaproteobacteria;Pseudomonadales;Moraxellaceae;Acinetobacter
LN250.1;ASV148;0;LN250;larvae;sorb-;2.5;1;Bacteria;Actinobacteriota;Actinobacteria;Micrococcales;Dermabacteraceae;Brachybacterium
LN250.1;ASV153;0;LN250;larvae;sorb-;2.5;1;Bacteria;Proteobacteria;Gammaproteobacteria;Pseudomonadales;Pseudomonadaceae;Pseudomonas
LN250.1;ASV155;0;LN250;larvae;sorb-;2.5;1;Bacteria;Proteobacteria;Gammaproteobacteria;Pseudomonadales;Halomonadaceae;Halomonas
LN250.1;ASV159;0;LN250;larvae;sorb-;2.5;1;Bacteria;Actinobacteriota;Thermoleophilia;Solirubrobacterales;67-14;
LN250.1;ASV160;0;LN250;larvae;sorb-;2.5;1;Bacteria;Proteobacteria;Gammaproteobacteria;Burkholderiales;Burkholderiaceae;Ralstonia
LN250.1;ASV162;0;LN250;larvae;sorb-;2.5;1;Bacteria;Proteobacteria;Gammaproteobacteria;Pseudomonadales;Moraxellaceae;Acinetobacter
LN250.1;ASV164;0;LN250;larvae;sorb-;2.5;1;Bacteria;Proteobacteria;Gammaproteobacteria;Pseudomonadales;Alcanivoracaceae1;Alcanivorax
LN250.1;ASV165;0;LN250;larvae;sorb-;2.5;1;Bacteria;Dependentiae;Babeliae;Babeliales;Vermiphilaceae;
LN250.1;ASV172;1;LN250;larvae;sorb-;2.5;1;Bacteria;Proteobacteria;Gammaproteobacteria;Enterobacterales;Pseudoalteromonadaceae;Pseudoalteromonas
LN250.1;ASV173;0;LN250;larvae;sorb-;2.5;1;Bacteria;Firmicutes;Bacilli;Lactobacillales;Carnobacteriaceae;Isobaculum
LN250.1;ASV174;0;LN250;larvae;sorb-;2.5;1;Bacteria;Firmicutes;Bacilli;Erysipelotrichales;Erysipelotrichaceae;Turicibacter
LN250.1;ASV175;0;LN250;larvae;sorb-;2.5;1;Bacteria;Actinobacteriota;Actinobacteria;Actinomycetales;Actinomycetaceae;Actinomyces
LN250.1;ASV176;0;LN250;larvae;sorb-;2.5;1;Bacteria;Proteobacteria;Gammaproteobacteria;Burkholderiales;Comamonadaceae;Aquabacterium
LN250.1;ASV178;0;LN250;larvae;sorb-;2.5;1;Bacteria;Proteobacteria;Gammaproteobacteria;Burkholderiales;Burkholderiaceae;Burkholderia-Caballeronia-Paraburkholderia
LN250.1;ASV182;0;LN250;larvae;sorb-;2.5;1;Bacteria;Proteobacteria;Gammaproteobacteria;Enterobacterales;Alteromonadaceae;Alteromonas
LN250.1;ASV183;0;LN250;larvae;sorb-;2.5;1;Bacteria;Proteobacteria;Gammaproteobacteria;Xanthomonadales;Xanthomonadaceae;Stenotrophomonas
LN250.1;ASV185;0;LN250;larvae;sorb-;2.5;1;Bacteria;Firmicutes;Bacilli;Bacillales;Bacillaceae;Anaerobacillus
LN250.1;ASV191;0;LN250;larvae;sorb-;2.5;1;Bacteria;Firmicutes;Clostridia;Oscillospirales;Ruminococcaceae;Faecalibacterium
LN250.1;ASV194;0;LN250;larvae;sorb-;2.5;1;Bacteria;Proteobacteria;Gammaproteobacteria;Burkholderiales;Comamonadaceae;
LN250.1;ASV195;0;LN250;larvae;sorb-;2.5;1;Bacteria;Firmicutes;Bacilli;Thermicanales;Thermicanaceae;Thermicanus
LN250.1;ASV197;0;LN250;larvae;sorb-;2.5;1;Bacteria;Firmicutes;Bacilli;Bacillales;Bacillaceae;Aeribacillus
LN250.1;ASV198;0;LN250;larvae;sorb-;2.5;1;Bacteria;Proteobacteria;Gammaproteobacteria;Burkholderiales;Comamonadaceae;
LN250.1;ASV200;0;LN250;larvae;sorb-;2.5;1;Bacteria;Proteobacteria;Gammaproteobacteria;Enterobacterales;Pseudoalteromonadaceae;Pseudoalteromonas
LN250.1;ASV206;0;LN250;larvae;sorb-;2.5;1;Bacteria;Firmicutes;Clostridia;Oscillospirales;Oscillospiraceae;UCG-002
LN250.1;ASV207;0;LN250;larvae;sorb-;2.5;1;Bacteria;Firmicutes;Negativicutes;Veillonellales-Selenomonadales;Veillonellaceae;Dialister
LN250.1;ASV208;0;LN250;larvae;sorb-;2.5;1;Bacteria;Actinobacteriota;Actinobacteria;Micromonosporales;Micromonosporaceae;Catellatospora
LN250.1;ASV211;0;LN250;larvae;sorb-;2.5;1;Bacteria;Firmicutes;Bacilli;Lactobacillales;Carnobacteriaceae;Atopostipes
LN250.1;ASV212;0;LN250;larvae;sorb-;2.5;1;Bacteria;Proteobacteria;Gammaproteobacteria;Xanthomonadales;Xanthomonadaceae;Stenotrophomonas
LN250.1;ASV213;0;LN250;larvae;sorb-;2.5;1;Bacteria;Proteobacteria;Gammaproteobacteria;Enterobacterales;Pseudoalteromonadaceae;Pseudoalteromonas
LN250.1;ASV214;0;LN250;larvae;sorb-;2.5;1;Bacteria;Proteobacteria;Gammaproteobacteria;Xanthomonadales;Xanthomonadaceae;Stenotrophomonas
LN250.1;ASV215;0;LN250;larvae;sorb-;2.5;1;Bacteria;Bacteroidota;Bacteroidia;Bacteroidales;Bacteroidaceae;Bacteroides
LN250.1;ASV216;0;LN250;larvae;sorb-;2.5;1;Bacteria;Proteobacteria;Gammaproteobacteria;Burkholderiales;Hydrogenophilaceae;Tepidiphilus
LN250.1;ASV217;0;LN250;larvae;sorb-;2.5;1;Bacteria;Proteobacteria;Gammaproteobacteria;Pseudomonadales;Alcanivoracaceae1;Alcanivorax
LN250.1;ASV218;0;LN250;larvae;sorb-;2.5;1;Bacteria;Proteobacteria;Gammaproteobacteria;Enterobacterales;Morganellaceae;Moellerella
LN250.1;ASV226;0;LN250;larvae;sorb-;2.5;1;Bacteria;Proteobacteria;Gammaproteobacteria;Burkholderiales;Oxalobacteraceae;Massilia
LN250.1;ASV235;0;LN250;larvae;sorb-;2.5;1;Bacteria;Actinobacteriota;Actinobacteria;Micrococcales;Micrococcaceae;Micrococcus
LN250.1;ASV236;0;LN250;larvae;sorb-;2.5;1;Bacteria;Proteobacteria;Gammaproteobacteria;Burkholderiales;Comamonadaceae;Schlegelella
LN250.1;ASV237;0;LN250;larvae;sorb-;2.5;1;Bacteria;Verrucomicrobiota;Verrucomicrobiae;Pedosphaerales;Pedosphaeraceae;
LN250.1;ASV239;0;LN250;larvae;sorb-;2.5;1;Bacteria;Actinobacteriota;Acidimicrobiia;Microtrichales;Ilumatobacteraceae;Ilumatobacter
LN250.1;ASV240;0;LN250;larvae;sorb-;2.5;1;Bacteria;Proteobacteria;Gammaproteobacteria;Xanthomonadales;Xanthomonadaceae;Lysobacter
LN250.1;ASV241;0;LN250;larvae;sorb-;2.5;1;Bacteria;Actinobacteriota;Actinobacteria;Micrococcales;Micrococcaceae;Micrococcus
LN250.1;ASV242;0;LN250;larvae;sorb-;2.5;1;Bacteria;Actinobacteriota;Actinobacteria;Actinomycetales;Actinomycetaceae;Actinomyces
LN250.1;ASV243;0;LN250;larvae;sorb-;2.5;1;Bacteria;Proteobacteria;Gammaproteobacteria;Xanthomonadales;Xanthomonadaceae;Stenotrophomonas
LN250.1;ASV244;0;LN250;larvae;sorb-;2.5;1;Bacteria;Proteobacteria;Gammaproteobacteria;Pseudomonadales;Moraxellaceae;Enhydrobacter
LN250.1;ASV246;0;LN250;larvae;sorb-;2.5;1;Bacteria;Proteobacteria;Gammaproteobacteria;Nitrosococcales;Methylophagaceae;Methylophaga
LN250.1;ASV247;0;LN250;larvae;sorb-;2.5;1;Bacteria;Bacteroidota;Bacteroidia;Bacteroidales;Bacteroidaceae;Bacteroides
LN250.1;ASV248;0;LN250;larvae;sorb-;2.5;1;Bacteria;Proteobacteria;Gammaproteobacteria;Burkholderiales;Comamonadaceae;Tepidimonas
LN250.1;ASV250;0;LN250;larvae;sorb-;2.5;1;Bacteria;Proteobacteria;Gammaproteobacteria;Pseudomonadales;Marinobacteraceae;Marinobacter
LN250.1;ASV251;0;LN250;larvae;sorb-;2.5;1;Bacteria;Actinobacteriota;Actinobacteria;Streptomycetales;Streptomycetaceae;Streptomyces
LN250.1;ASV252;0;LN250;larvae;sorb-;2.5;1;Bacteria;Firmicutes;Bacilli;Staphylococcales;Staphylococcaceae;
LN250.1;ASV253;0;LN250;larvae;sorb-;2.5;1;Bacteria;Planctomycetota;Planctomycetes;Gemmatales;Gemmataceae;
LN250.1;ASV282;0;LN250;larvae;sorb-;2.5;1;Bacteria;Firmicutes;Bacilli;Lactobacillales;Carnobacteriaceae;Isobaculum
LN250.1;ASV283;0;LN250;larvae;sorb-;2.5;1;Bacteria;Proteobacteria;Gammaproteobacteria;Burkholderiales;Alcaligenaceae;Alcaligenes
LN250.1;ASV284;0;LN250;larvae;sorb-;2.5;1;Bacteria;Firmicutes;Bacilli;Lactobacillales;Lactobacillaceae;Weissella
LN250.1;ASV287;0;LN250;larvae;sorb-;2.5;1;Bacteria;Myxococcota;Polyangia;Polyangiales;BIrii41;
LN250.1;ASV290;0;LN250;larvae;sorb-;2.5;1;Bacteria;Firmicutes;Clostridia;Oscillospirales;[Eubacterium] coprostanoligenes group;
LN250.1;ASV291;0;LN250;larvae;sorb-;2.5;1;Bacteria;Proteobacteria;Alphaproteobacteria;Rhizobiales;Amb-16S-1323;
LN250.1;ASV294;0;LN250;larvae;sorb-;2.5;1;Bacteria;Proteobacteria;Gammaproteobacteria;Burkholderiales;SC-I-84;
LN250.1;ASV295;0;LN250;larvae;sorb-;2.5;1;Bacteria;Actinobacteriota;Actinobacteria;Micromonosporales;Micromonosporaceae;Virgisporangium
LN250.1;ASV296;2;LN250;larvae;sorb-;2.5;1;Bacteria;Proteobacteria;Gammaproteobacteria;Pseudomonadales;Moraxellaceae;Acinetobacter
LN250.1;ASV297;1;LN250;larvae;sorb-;2.5;1;Bacteria;Actinobacteriota;Acidimicrobiia;Microtrichales;Ilumatobacteraceae;
LN250.1;ASV298;3;LN250;larvae;sorb-;2.5;1;Bacteria;Firmicutes;Bacilli;Paenibacillales;Paenibacillaceae;Paenibacillus
LN250.1;ASV299;1;LN250;larvae;sorb-;2.5;1;Bacteria;Actinobacteriota;Thermoleophilia;Solirubrobacterales;67-14;
LN250.1;ASV300;0;LN250;larvae;sorb-;2.5;1;Bacteria;Proteobacteria;Gammaproteobacteria;Enterobacterales;Vibrionaceae;
LN250.1;ASV304;0;LN250;larvae;sorb-;2.5;1;Bacteria;Firmicutes;Clostridia;Lachnospirales;Lachnospiraceae;[Ruminococcus] gauvreauii group
LN250.1;ASV305;0;LN250;larvae;sorb-;2.5;1;Bacteria;Actinobacteriota;Actinobacteria;Micrococcales;Brevibacteriaceae;Brevibacterium
LN250.1;ASV306;0;LN250;larvae;sorb-;2.5;1;Bacteria;Firmicutes;Bacilli;Lactobacillales;Lactobacillaceae;Weissella
LN250.1;ASV308;0;LN250;larvae;sorb-;2.5;1;Bacteria;Proteobacteria;Gammaproteobacteria;Burkholderiales;Oxalobacteraceae;Duganella
LN250.1;ASV309;0;LN250;larvae;sorb-;2.5;1;Bacteria;Firmicutes;Bacilli;Lactobacillales;Carnobacteriaceae;Isobaculum
LN250.1;ASV310;0;LN250;larvae;sorb-;2.5;1;Bacteria;Proteobacteria;Alphaproteobacteria;Rhodobacterales;Rhodobacteraceae;Paracoccus
LN250.1;ASV311;0;LN250;larvae;sorb-;2.5;1;Bacteria;Acidobacteriota;Vicinamibacteria;Vicinamibacterales;Vicinamibacteraceae;
LN250.1;ASV362;0;LN250;larvae;sorb-;2.5;1;Bacteria;Firmicutes;Bacilli;Lactobacillales;Lactobacillaceae;Lactobacillus
LN250.1;ASV363;0;LN250;larvae;sorb-;2.5;1;Bacteria;Bacteroidota;Bacteroidia;Bacteroidales;Tannerellaceae;Parabacteroides
LN250.1;ASV365;0;LN250;larvae;sorb-;2.5;1;Bacteria;Proteobacteria;Gammaproteobacteria;Burkholderiales;Burkholderiaceae;Ralstonia
LN250.1;ASV370;0;LN250;larvae;sorb-;2.5;1;Bacteria;Proteobacteria;Gammaproteobacteria;Burkholderiales;Rhodocyclaceae;
LN250.1;ASV371;0;LN250;larvae;sorb-;2.5;1;Bacteria;Firmicutes;Clostridia;Lachnospirales;Lachnospiraceae;Lachnospiraceae NK4A136 group
LN250.1;ASV374;0;LN250;larvae;sorb-;2.5;1;Bacteria;Gemmatimonadota;Gemmatimonadetes;Gemmatimonadales;Gemmatimonadaceae;Gemmatimonas
LN250.1;ASV376;0;LN250;larvae;sorb-;2.5;1;Bacteria;Acidobacteriota;Vicinamibacteria;Vicinamibacterales;Vicinamibacteraceae;Vicinamibacter
LN250.1;ASV383;0;LN250;larvae;sorb-;2.5;1;Bacteria;Proteobacteria;Gammaproteobacteria;Burkholderiales;Gallionellaceae;Gallionella
LN250.1;ASV389;2;LN250;larvae;sorb-;2.5;1;Bacteria;Proteobacteria;Alphaproteobacteria;Sphingomonadales;Sphingomonadaceae;Sphingobium
LN250.1;ASV393;0;LN250;larvae;sorb-;2.5;1;Bacteria;Firmicutes;Bacilli;Lactobacillales;Lactobacillaceae;Weissella
LN250.1;ASV394;0;LN250;larvae;sorb-;2.5;1;Bacteria;Proteobacteria;Gammaproteobacteria;Burkholderiales;Sutterellaceae;Parasutterella
LN250.1;ASV395;0;LN250;larvae;sorb-;2.5;1;Bacteria;Actinobacteriota;Actinobacteria;Frankiales;Cryptosporangiaceae;Cryptosporangium
LN250.1;ASV397;0;LN250;larvae;sorb-;2.5;1;Bacteria;Bacteroidota;Bacteroidia;Bacteroidales;Muribaculaceae;
LN250.1;ASV399;0;LN250;larvae;sorb-;2.5;1;Bacteria;Firmicutes;Bacilli;Paenibacillales;Paenibacillaceae;Paenibacillus
LN250.1;ASV400;0;LN250;larvae;sorb-;2.5;1;Bacteria;Proteobacteria;Gammaproteobacteria;Pseudomonadales;Moraxellaceae;Acinetobacter
LN250.1;ASV401;0;LN250;larvae;sorb-;2.5;1;Bacteria;Proteobacteria;Alphaproteobacteria;Caulobacterales;Caulobacteraceae;Brevundimonas
LN250.1;ASV402;0;LN250;larvae;sorb-;2.5;1;Bacteria;Proteobacteria;Gammaproteobacteria;Pseudomonadales;Moraxellaceae;Psychrobacter
LN250.1;ASV408;0;LN250;larvae;sorb-;2.5;1;Bacteria;Proteobacteria;Gammaproteobacteria;Burkholderiales;SC-I-84;
LN250.1;ASV410;0;LN250;larvae;sorb-;2.5;1;Bacteria;Proteobacteria;Alphaproteobacteria;Rhizobiales;Xanthobacteraceae;Bradyrhizobium
LN250.2;ASV1;16393;LN250;larvae;sorb-;2.5;2;Bacteria;Proteobacteria;Gammaproteobacteria;Enterobacterales;Morganellaceae;Providencia
LN250.2;ASV2;4986;LN250;larvae;sorb-;2.5;2;Bacteria;Proteobacteria;Gammaproteobacteria;Enterobacterales;Enterobacteriaceae;Klebsiella
LN250.2;ASV3;19468;LN250;larvae;sorb-;2.5;2;Bacteria;Proteobacteria;Gammaproteobacteria;Enterobacterales;Enterobacteriaceae;Enterobacter*
LN250.2;ASV4;3554;LN250;larvae;sorb-;2.5;2;Bacteria;Firmicutes;Bacilli;Lactobacillales;Enterococcaceae;Enterococcus
LN250.2;ASV5;0;LN250;larvae;sorb-;2.5;2;Bacteria;Firmicutes;Bacilli;Lactobacillales;Lactobacillaceae;Lactiplantibacillus
LN250.2;ASV6;0;LN250;larvae;sorb-;2.5;2;Bacteria;Firmicutes;Bacilli;Lactobacillales;Lactobacillaceae;Lactobacillus
LN250.2;ASV7;0;LN250;larvae;sorb-;2.5;2;Bacteria;Firmicutes;Bacilli;Lactobacillales;Lactobacillaceae;Weissella
LN250.2;ASV8;1301;LN250;larvae;sorb-;2.5;2;Bacteria;Firmicutes;Bacilli;Lactobacillales;Enterococcaceae;Enterococcus
LN250.2;ASV9;0;LN250;larvae;sorb-;2.5;2;Bacteria;Firmicutes;Bacilli;Lactobacillales;Lactobacillaceae;Levilactobacillus
LN250.2;ASV13;20;LN250;larvae;sorb-;2.5;2;Bacteria;Firmicutes;Bacilli;Staphylococcales;Staphylococcaceae;Mammaliicoccus*
LN250.2;ASV14;98;LN250;larvae;sorb-;2.5;2;Bacteria;Firmicutes;Bacilli;Lactobacillales;Enterococcaceae;Enterococcus
LN250.2;ASV15;0;LN250;larvae;sorb-;2.5;2;Bacteria;Firmicutes;Bacilli;Lactobacillales;Lactobacillaceae;Lacticaseibacillus
LN250.2;ASV18;143;LN250;larvae;sorb-;2.5;2;Bacteria;Actinobacteriota;Actinobacteria;Actinomycetales;Actinomycetaceae;Actinomyces
LN250.2;ASV19;0;LN250;larvae;sorb-;2.5;2;Bacteria;Proteobacteria;Gammaproteobacteria;Enterobacterales;Morganellaceae;Proteus
LN250.2;ASV20;0;LN250;larvae;sorb-;2.5;2;Bacteria;Actinobacteriota;Actinobacteria;Corynebacteriales;Corynebacteriaceae;Corynebacterium
LN250.2;ASV21;1;LN250;larvae;sorb-;2.5;2;Bacteria;Firmicutes;Bacilli;Bacillales;Bacillaceae;Bacillus
LN250.2;ASV22;0;LN250;larvae;sorb-;2.5;2;Bacteria;Firmicutes;Bacilli;Lactobacillales;Lactobacillaceae;Lacticaseibacillus
LN250.2;ASV23;0;LN250;larvae;sorb-;2.5;2;Bacteria;Firmicutes;Bacilli;Lactobacillales;Lactobacillaceae;Limosilactobacillus
LN250.2;ASV24;0;LN250;larvae;sorb-;2.5;2;Bacteria;Proteobacteria;Gammaproteobacteria;Enterobacterales;Enterobacteriaceae;Escherichia-Shigella
LN250.2;ASV25;819;LN250;larvae;sorb-;2.5;2;Bacteria;Firmicutes;Bacilli;Lactobacillales;Enterococcaceae;Enterococcus
LN250.2;ASV28;0;LN250;larvae;sorb-;2.5;2;Bacteria;Firmicutes;Bacilli;Lactobacillales;Lactobacillaceae;Lacticaseibacillus
LN250.2;ASV34;158;LN250;larvae;sorb-;2.5;2;Bacteria;Proteobacteria;Gammaproteobacteria;Enterobacterales;Enterobacteriaceae;Klebsiella
LN250.2;ASV35;0;LN250;larvae;sorb-;2.5;2;Bacteria;Firmicutes;Bacilli;Lactobacillales;Lactobacillaceae;Weissella
LN250.2;ASV36;0;LN250;larvae;sorb-;2.5;2;Bacteria;Proteobacteria;Gammaproteobacteria;Enterobacterales;Morganellaceae;Providencia
LN250.2;ASV37;0;LN250;larvae;sorb-;2.5;2;Bacteria;Firmicutes;Bacilli;Lactobacillales;Lactobacillaceae;Pediococcus
LN250.2;ASV40;0;LN250;larvae;sorb-;2.5;2;Bacteria;Actinobacteriota;Actinobacteria;Corynebacteriales;Corynebacteriaceae;Corynebacterium
LN250.2;ASV43;0;LN250;larvae;sorb-;2.5;2;Bacteria;Proteobacteria;Gammaproteobacteria;Enterobacterales;Enterobacteriaceae;Enterobacter*
LN250.2;ASV44;0;LN250;larvae;sorb-;2.5;2;Bacteria;Firmicutes;Bacilli;Lactobacillales;Enterococcaceae;Enterococcus*
LN250.2;ASV46;0;LN250;larvae;sorb-;2.5;2;Bacteria;Firmicutes;Bacilli;Lactobacillales;Enterococcaceae;Enterococcus
LN250.2;ASV50;7;LN250;larvae;sorb-;2.5;2;Bacteria;Proteobacteria;Gammaproteobacteria;Pseudomonadales;Pseudomonadaceae;Pseudomonas
LN250.2;ASV53;0;LN250;larvae;sorb-;2.5;2;Bacteria;Actinobacteriota;Actinobacteria;Corynebacteriales;Corynebacteriaceae;Corynebacterium
LN250.2;ASV55;0;LN250;larvae;sorb-;2.5;2;Bacteria;Firmicutes;Bacilli;Bacillales;Bacillaceae;Bacillus
LN250.2;ASV58;0;LN250;larvae;sorb-;2.5;2;Bacteria;Actinobacteriota;Actinobacteria;Micrococcales;Brevibacteriaceae;Brevibacterium
LN250.2;ASV65;0;LN250;larvae;sorb-;2.5;2;Bacteria;Bacteroidota;Bacteroidia;Bacteroidales;Bacteroidaceae;Bacteroides
LN250.2;ASV66;0;LN250;larvae;sorb-;2.5;2;Bacteria;Firmicutes;Bacilli;Staphylococcales;Staphylococcaceae;Staphylococcus
LN250.2;ASV69;0;LN250;larvae;sorb-;2.5;2;Bacteria;Firmicutes;Bacilli;Bacillales;Planococcaceae;Uncult. bacterium*
LN250.2;ASV73;1;LN250;larvae;sorb-;2.5;2;Bacteria;Proteobacteria;Gammaproteobacteria;Burkholderiales;Burkholderiaceae;Ralstonia
LN250.2;ASV76;0;LN250;larvae;sorb-;2.5;2;Bacteria;Proteobacteria;Gammaproteobacteria;Pseudomonadales;Pseudomonadaceae;Pseudomonas
LN250.2;ASV83;4;LN250;larvae;sorb-;2.5;2;Bacteria;Proteobacteria;Gammaproteobacteria;Burkholderiales;Comamonadaceae;Delftia
LN250.2;ASV85;0;LN250;larvae;sorb-;2.5;2;Bacteria;Bacteroidota;Bacteroidia;Bacteroidales;Bacteroidaceae;Bacteroides
LN250.2;ASV86;0;LN250;larvae;sorb-;2.5;2;Bacteria;Bacteroidota;Bacteroidia;Bacteroidales;Bacteroidaceae;Bacteroides
LN250.2;ASV87;0;LN250;larvae;sorb-;2.5;2;Bacteria;Firmicutes;Bacilli;Lactobacillales;Streptococcaceae;Streptococcus
LN250.2;ASV90;0;LN250;larvae;sorb-;2.5;2;Bacteria;Proteobacteria;Gammaproteobacteria;Xanthomonadales;Xanthomonadaceae;Stenotrophomonas
LN250.2;ASV92;0;LN250;larvae;sorb-;2.5;2;Bacteria;Proteobacteria;Gammaproteobacteria;Enterobacterales;Yersiniaceae;Yersinia
LN250.2;ASV95;0;LN250;larvae;sorb-;2.5;2;Bacteria;Proteobacteria;Gammaproteobacteria;Pseudomonadales;Moraxellaceae;Psychrobacter
LN250.2;ASV98;0;LN250;larvae;sorb-;2.5;2;Bacteria;Proteobacteria;Gammaproteobacteria;Enterobacterales;Enterobacteriaceae;
LN250.2;ASV99;4;LN250;larvae;sorb-;2.5;2;Bacteria;Proteobacteria;Alphaproteobacteria;Sphingomonadales;Sphingomonadaceae;Sphingomonas
LN250.2;ASV100;0;LN250;larvae;sorb-;2.5;2;Bacteria;Firmicutes;Bacilli;Lactobacillales;Lactobacillaceae;Lapidilactobacillus
LN250.2;ASV103;0;LN250;larvae;sorb-;2.5;2;Bacteria;Bacteroidota;Bacteroidia;Bacteroidales;Tannerellaceae;Parabacteroides
LN250.2;ASV106;0;LN250;larvae;sorb-;2.5;2;Bacteria;Proteobacteria;Gammaproteobacteria;Enterobacterales;Morganellaceae;Providencia
LN250.2;ASV109;0;LN250;larvae;sorb-;2.5;2;Bacteria;Proteobacteria;Alphaproteobacteria;Rhodobacterales;Rhodobacteraceae;Rubellimicrobium
LN250.2;ASV111;0;LN250;larvae;sorb-;2.5;2;Bacteria;Bacteroidota;Bacteroidia;Bacteroidales;Bacteroidaceae;Bacteroides
LN250.2;ASV115;1;LN250;larvae;sorb-;2.5;2;Bacteria;Proteobacteria;Gammaproteobacteria;Pseudomonadales;Alcanivoracaceae1;Alcanivorax
LN250.2;ASV117;0;LN250;larvae;sorb-;2.5;2;Bacteria;Actinobacteriota;Actinobacteria;Corynebacteriales;Corynebacteriaceae;Corynebacterium
LN250.2;ASV120;0;LN250;larvae;sorb-;2.5;2;Bacteria;Proteobacteria;Gammaproteobacteria;Burkholderiales;Sutterellaceae;Parasutterella
LN250.2;ASV124;0;LN250;larvae;sorb-;2.5;2;Bacteria;Firmicutes;Bacilli;Staphylococcales;Staphylococcaceae;Staphylococcus
LN250.2;ASV128;0;LN250;larvae;sorb-;2.5;2;Bacteria;Proteobacteria;Gammaproteobacteria;Burkholderiales;Hydrogenophilaceae;Tepidiphilus
LN250.2;ASV129;0;LN250;larvae;sorb-;2.5;2;Bacteria;Proteobacteria;Alphaproteobacteria;Rhizobiales;Beijerinckiaceae;Methylobacterium-Methylorubrum
LN250.2;ASV130;0;LN250;larvae;sorb-;2.5;2;Bacteria;Proteobacteria;Alphaproteobacteria;Sphingomonadales;Sphingomonadaceae;Sphingomonas
LN250.2;ASV132;0;LN250;larvae;sorb-;2.5;2;Bacteria;Bacteroidota;Bacteroidia;Bacteroidales;Bacteroidaceae;Bacteroides
LN250.2;ASV134;0;LN250;larvae;sorb-;2.5;2;Bacteria;Proteobacteria;Gammaproteobacteria;Burkholderiales;Comamonadaceae;
LN250.2;ASV137;0;LN250;larvae;sorb-;2.5;2;Bacteria;Proteobacteria;Gammaproteobacteria;Pseudomonadales;Pseudomonadaceae;Pseudomonas
LN250.2;ASV146;0;LN250;larvae;sorb-;2.5;2;Bacteria;Firmicutes;Negativicutes;Veillonellales-Selenomonadales;Veillonellaceae;Dialister
LN250.2;ASV147;0;LN250;larvae;sorb-;2.5;2;Bacteria;Proteobacteria;Gammaproteobacteria;Pseudomonadales;Moraxellaceae;Acinetobacter
LN250.2;ASV148;0;LN250;larvae;sorb-;2.5;2;Bacteria;Actinobacteriota;Actinobacteria;Micrococcales;Dermabacteraceae;Brachybacterium
LN250.2;ASV153;0;LN250;larvae;sorb-;2.5;2;Bacteria;Proteobacteria;Gammaproteobacteria;Pseudomonadales;Pseudomonadaceae;Pseudomonas
LN250.2;ASV155;0;LN250;larvae;sorb-;2.5;2;Bacteria;Proteobacteria;Gammaproteobacteria;Pseudomonadales;Halomonadaceae;Halomonas
LN250.2;ASV159;0;LN250;larvae;sorb-;2.5;2;Bacteria;Actinobacteriota;Thermoleophilia;Solirubrobacterales;67-14;
LN250.2;ASV160;0;LN250;larvae;sorb-;2.5;2;Bacteria;Proteobacteria;Gammaproteobacteria;Burkholderiales;Burkholderiaceae;Ralstonia
LN250.2;ASV162;0;LN250;larvae;sorb-;2.5;2;Bacteria;Proteobacteria;Gammaproteobacteria;Pseudomonadales;Moraxellaceae;Acinetobacter
LN250.2;ASV164;0;LN250;larvae;sorb-;2.5;2;Bacteria;Proteobacteria;Gammaproteobacteria;Pseudomonadales;Alcanivoracaceae1;Alcanivorax
LN250.2;ASV165;0;LN250;larvae;sorb-;2.5;2;Bacteria;Dependentiae;Babeliae;Babeliales;Vermiphilaceae;
LN250.2;ASV172;0;LN250;larvae;sorb-;2.5;2;Bacteria;Proteobacteria;Gammaproteobacteria;Enterobacterales;Pseudoalteromonadaceae;Pseudoalteromonas
LN250.2;ASV173;0;LN250;larvae;sorb-;2.5;2;Bacteria;Firmicutes;Bacilli;Lactobacillales;Carnobacteriaceae;Isobaculum
LN250.2;ASV174;0;LN250;larvae;sorb-;2.5;2;Bacteria;Firmicutes;Bacilli;Erysipelotrichales;Erysipelotrichaceae;Turicibacter
LN250.2;ASV175;0;LN250;larvae;sorb-;2.5;2;Bacteria;Actinobacteriota;Actinobacteria;Actinomycetales;Actinomycetaceae;Actinomyces
LN250.2;ASV176;0;LN250;larvae;sorb-;2.5;2;Bacteria;Proteobacteria;Gammaproteobacteria;Burkholderiales;Comamonadaceae;Aquabacterium
LN250.2;ASV178;0;LN250;larvae;sorb-;2.5;2;Bacteria;Proteobacteria;Gammaproteobacteria;Burkholderiales;Burkholderiaceae;Burkholderia-Caballeronia-Paraburkholderia
LN250.2;ASV182;0;LN250;larvae;sorb-;2.5;2;Bacteria;Proteobacteria;Gammaproteobacteria;Enterobacterales;Alteromonadaceae;Alteromonas
LN250.2;ASV183;0;LN250;larvae;sorb-;2.5;2;Bacteria;Proteobacteria;Gammaproteobacteria;Xanthomonadales;Xanthomonadaceae;Stenotrophomonas
LN250.2;ASV185;0;LN250;larvae;sorb-;2.5;2;Bacteria;Firmicutes;Bacilli;Bacillales;Bacillaceae;Anaerobacillus
LN250.2;ASV191;0;LN250;larvae;sorb-;2.5;2;Bacteria;Firmicutes;Clostridia;Oscillospirales;Ruminococcaceae;Faecalibacterium
LN250.2;ASV194;0;LN250;larvae;sorb-;2.5;2;Bacteria;Proteobacteria;Gammaproteobacteria;Burkholderiales;Comamonadaceae;
LN250.2;ASV195;0;LN250;larvae;sorb-;2.5;2;Bacteria;Firmicutes;Bacilli;Thermicanales;Thermicanaceae;Thermicanus
LN250.2;ASV197;0;LN250;larvae;sorb-;2.5;2;Bacteria;Firmicutes;Bacilli;Bacillales;Bacillaceae;Aeribacillus
LN250.2;ASV198;0;LN250;larvae;sorb-;2.5;2;Bacteria;Proteobacteria;Gammaproteobacteria;Burkholderiales;Comamonadaceae;
LN250.2;ASV200;0;LN250;larvae;sorb-;2.5;2;Bacteria;Proteobacteria;Gammaproteobacteria;Enterobacterales;Pseudoalteromonadaceae;Pseudoalteromonas
LN250.2;ASV206;0;LN250;larvae;sorb-;2.5;2;Bacteria;Firmicutes;Clostridia;Oscillospirales;Oscillospiraceae;UCG-002
LN250.2;ASV207;0;LN250;larvae;sorb-;2.5;2;Bacteria;Firmicutes;Negativicutes;Veillonellales-Selenomonadales;Veillonellaceae;Dialister
LN250.2;ASV208;0;LN250;larvae;sorb-;2.5;2;Bacteria;Actinobacteriota;Actinobacteria;Micromonosporales;Micromonosporaceae;Catellatospora
LN250.2;ASV211;0;LN250;larvae;sorb-;2.5;2;Bacteria;Firmicutes;Bacilli;Lactobacillales;Carnobacteriaceae;Atopostipes
LN250.2;ASV212;0;LN250;larvae;sorb-;2.5;2;Bacteria;Proteobacteria;Gammaproteobacteria;Xanthomonadales;Xanthomonadaceae;Stenotrophomonas
LN250.2;ASV213;0;LN250;larvae;sorb-;2.5;2;Bacteria;Proteobacteria;Gammaproteobacteria;Enterobacterales;Pseudoalteromonadaceae;Pseudoalteromonas
LN250.2;ASV214;0;LN250;larvae;sorb-;2.5;2;Bacteria;Proteobacteria;Gammaproteobacteria;Xanthomonadales;Xanthomonadaceae;Stenotrophomonas
LN250.2;ASV215;0;LN250;larvae;sorb-;2.5;2;Bacteria;Bacteroidota;Bacteroidia;Bacteroidales;Bacteroidaceae;Bacteroides
LN250.2;ASV216;0;LN250;larvae;sorb-;2.5;2;Bacteria;Proteobacteria;Gammaproteobacteria;Burkholderiales;Hydrogenophilaceae;Tepidiphilus
LN250.2;ASV217;0;LN250;larvae;sorb-;2.5;2;Bacteria;Proteobacteria;Gammaproteobacteria;Pseudomonadales;Alcanivoracaceae1;Alcanivorax
LN250.2;ASV218;0;LN250;larvae;sorb-;2.5;2;Bacteria;Proteobacteria;Gammaproteobacteria;Enterobacterales;Morganellaceae;Moellerella
LN250.2;ASV226;0;LN250;larvae;sorb-;2.5;2;Bacteria;Proteobacteria;Gammaproteobacteria;Burkholderiales;Oxalobacteraceae;Massilia
LN250.2;ASV235;0;LN250;larvae;sorb-;2.5;2;Bacteria;Actinobacteriota;Actinobacteria;Micrococcales;Micrococcaceae;Micrococcus
LN250.2;ASV236;0;LN250;larvae;sorb-;2.5;2;Bacteria;Proteobacteria;Gammaproteobacteria;Burkholderiales;Comamonadaceae;Schlegelella
LN250.2;ASV237;0;LN250;larvae;sorb-;2.5;2;Bacteria;Verrucomicrobiota;Verrucomicrobiae;Pedosphaerales;Pedosphaeraceae;
LN250.2;ASV239;0;LN250;larvae;sorb-;2.5;2;Bacteria;Actinobacteriota;Acidimicrobiia;Microtrichales;Ilumatobacteraceae;Ilumatobacter
LN250.2;ASV240;0;LN250;larvae;sorb-;2.5;2;Bacteria;Proteobacteria;Gammaproteobacteria;Xanthomonadales;Xanthomonadaceae;Lysobacter
LN250.2;ASV241;0;LN250;larvae;sorb-;2.5;2;Bacteria;Actinobacteriota;Actinobacteria;Micrococcales;Micrococcaceae;Micrococcus
LN250.2;ASV242;0;LN250;larvae;sorb-;2.5;2;Bacteria;Actinobacteriota;Actinobacteria;Actinomycetales;Actinomycetaceae;Actinomyces
LN250.2;ASV243;0;LN250;larvae;sorb-;2.5;2;Bacteria;Proteobacteria;Gammaproteobacteria;Xanthomonadales;Xanthomonadaceae;Stenotrophomonas
LN250.2;ASV244;0;LN250;larvae;sorb-;2.5;2;Bacteria;Proteobacteria;Gammaproteobacteria;Pseudomonadales;Moraxellaceae;Enhydrobacter
LN250.2;ASV246;0;LN250;larvae;sorb-;2.5;2;Bacteria;Proteobacteria;Gammaproteobacteria;Nitrosococcales;Methylophagaceae;Methylophaga
LN250.2;ASV247;0;LN250;larvae;sorb-;2.5;2;Bacteria;Bacteroidota;Bacteroidia;Bacteroidales;Bacteroidaceae;Bacteroides
LN250.2;ASV248;0;LN250;larvae;sorb-;2.5;2;Bacteria;Proteobacteria;Gammaproteobacteria;Burkholderiales;Comamonadaceae;Tepidimonas
LN250.2;ASV250;0;LN250;larvae;sorb-;2.5;2;Bacteria;Proteobacteria;Gammaproteobacteria;Pseudomonadales;Marinobacteraceae;Marinobacter
LN250.2;ASV251;0;LN250;larvae;sorb-;2.5;2;Bacteria;Actinobacteriota;Actinobacteria;Streptomycetales;Streptomycetaceae;Streptomyces
LN250.2;ASV252;0;LN250;larvae;sorb-;2.5;2;Bacteria;Firmicutes;Bacilli;Staphylococcales;Staphylococcaceae;
LN250.2;ASV253;0;LN250;larvae;sorb-;2.5;2;Bacteria;Planctomycetota;Planctomycetes;Gemmatales;Gemmataceae;
LN250.2;ASV282;0;LN250;larvae;sorb-;2.5;2;Bacteria;Firmicutes;Bacilli;Lactobacillales;Carnobacteriaceae;Isobaculum
LN250.2;ASV283;0;LN250;larvae;sorb-;2.5;2;Bacteria;Proteobacteria;Gammaproteobacteria;Burkholderiales;Alcaligenaceae;Alcaligenes
LN250.2;ASV284;0;LN250;larvae;sorb-;2.5;2;Bacteria;Firmicutes;Bacilli;Lactobacillales;Lactobacillaceae;Weissella
LN250.2;ASV287;0;LN250;larvae;sorb-;2.5;2;Bacteria;Myxococcota;Polyangia;Polyangiales;BIrii41;
LN250.2;ASV290;0;LN250;larvae;sorb-;2.5;2;Bacteria;Firmicutes;Clostridia;Oscillospirales;[Eubacterium] coprostanoligenes group;
LN250.2;ASV291;0;LN250;larvae;sorb-;2.5;2;Bacteria;Proteobacteria;Alphaproteobacteria;Rhizobiales;Amb-16S-1323;
LN250.2;ASV294;0;LN250;larvae;sorb-;2.5;2;Bacteria;Proteobacteria;Gammaproteobacteria;Burkholderiales;SC-I-84;
LN250.2;ASV295;0;LN250;larvae;sorb-;2.5;2;Bacteria;Actinobacteriota;Actinobacteria;Micromonosporales;Micromonosporaceae;Virgisporangium
LN250.2;ASV296;0;LN250;larvae;sorb-;2.5;2;Bacteria;Proteobacteria;Gammaproteobacteria;Pseudomonadales;Moraxellaceae;Acinetobacter
LN250.2;ASV297;0;LN250;larvae;sorb-;2.5;2;Bacteria;Actinobacteriota;Acidimicrobiia;Microtrichales;Ilumatobacteraceae;
LN250.2;ASV298;0;LN250;larvae;sorb-;2.5;2;Bacteria;Firmicutes;Bacilli;Paenibacillales;Paenibacillaceae;Paenibacillus
LN250.2;ASV299;0;LN250;larvae;sorb-;2.5;2;Bacteria;Actinobacteriota;Thermoleophilia;Solirubrobacterales;67-14;
LN250.2;ASV300;3;LN250;larvae;sorb-;2.5;2;Bacteria;Proteobacteria;Gammaproteobacteria;Enterobacterales;Vibrionaceae;
LN250.2;ASV304;0;LN250;larvae;sorb-;2.5;2;Bacteria;Firmicutes;Clostridia;Lachnospirales;Lachnospiraceae;[Ruminococcus] gauvreauii group
LN250.2;ASV305;0;LN250;larvae;sorb-;2.5;2;Bacteria;Actinobacteriota;Actinobacteria;Micrococcales;Brevibacteriaceae;Brevibacterium
LN250.2;ASV306;0;LN250;larvae;sorb-;2.5;2;Bacteria;Firmicutes;Bacilli;Lactobacillales;Lactobacillaceae;Weissella
LN250.2;ASV308;0;LN250;larvae;sorb-;2.5;2;Bacteria;Proteobacteria;Gammaproteobacteria;Burkholderiales;Oxalobacteraceae;Duganella
LN250.2;ASV309;0;LN250;larvae;sorb-;2.5;2;Bacteria;Firmicutes;Bacilli;Lactobacillales;Carnobacteriaceae;Isobaculum
LN250.2;ASV310;0;LN250;larvae;sorb-;2.5;2;Bacteria;Proteobacteria;Alphaproteobacteria;Rhodobacterales;Rhodobacteraceae;Paracoccus
LN250.2;ASV311;0;LN250;larvae;sorb-;2.5;2;Bacteria;Acidobacteriota;Vicinamibacteria;Vicinamibacterales;Vicinamibacteraceae;
LN250.2;ASV362;0;LN250;larvae;sorb-;2.5;2;Bacteria;Firmicutes;Bacilli;Lactobacillales;Lactobacillaceae;Lactobacillus
LN250.2;ASV363;0;LN250;larvae;sorb-;2.5;2;Bacteria;Bacteroidota;Bacteroidia;Bacteroidales;Tannerellaceae;Parabacteroides
LN250.2;ASV365;0;LN250;larvae;sorb-;2.5;2;Bacteria;Proteobacteria;Gammaproteobacteria;Burkholderiales;Burkholderiaceae;Ralstonia
LN250.2;ASV370;0;LN250;larvae;sorb-;2.5;2;Bacteria;Proteobacteria;Gammaproteobacteria;Burkholderiales;Rhodocyclaceae;
LN250.2;ASV371;0;LN250;larvae;sorb-;2.5;2;Bacteria;Firmicutes;Clostridia;Lachnospirales;Lachnospiraceae;Lachnospiraceae NK4A136 group
LN250.2;ASV374;0;LN250;larvae;sorb-;2.5;2;Bacteria;Gemmatimonadota;Gemmatimonadetes;Gemmatimonadales;Gemmatimonadaceae;Gemmatimonas
LN250.2;ASV376;0;LN250;larvae;sorb-;2.5;2;Bacteria;Acidobacteriota;Vicinamibacteria;Vicinamibacterales;Vicinamibacteraceae;Vicinamibacter
LN250.2;ASV383;0;LN250;larvae;sorb-;2.5;2;Bacteria;Proteobacteria;Gammaproteobacteria;Burkholderiales;Gallionellaceae;Gallionella
LN250.2;ASV389;0;LN250;larvae;sorb-;2.5;2;Bacteria;Proteobacteria;Alphaproteobacteria;Sphingomonadales;Sphingomonadaceae;Sphingobium
LN250.2;ASV393;0;LN250;larvae;sorb-;2.5;2;Bacteria;Firmicutes;Bacilli;Lactobacillales;Lactobacillaceae;Weissella
LN250.2;ASV394;0;LN250;larvae;sorb-;2.5;2;Bacteria;Proteobacteria;Gammaproteobacteria;Burkholderiales;Sutterellaceae;Parasutterella
LN250.2;ASV395;0;LN250;larvae;sorb-;2.5;2;Bacteria;Actinobacteriota;Actinobacteria;Frankiales;Cryptosporangiaceae;Cryptosporangium
LN250.2;ASV397;0;LN250;larvae;sorb-;2.5;2;Bacteria;Bacteroidota;Bacteroidia;Bacteroidales;Muribaculaceae;
LN250.2;ASV399;0;LN250;larvae;sorb-;2.5;2;Bacteria;Firmicutes;Bacilli;Paenibacillales;Paenibacillaceae;Paenibacillus
LN250.2;ASV400;0;LN250;larvae;sorb-;2.5;2;Bacteria;Proteobacteria;Gammaproteobacteria;Pseudomonadales;Moraxellaceae;Acinetobacter
LN250.2;ASV401;0;LN250;larvae;sorb-;2.5;2;Bacteria;Proteobacteria;Alphaproteobacteria;Caulobacterales;Caulobacteraceae;Brevundimonas
LN250.2;ASV402;0;LN250;larvae;sorb-;2.5;2;Bacteria;Proteobacteria;Gammaproteobacteria;Pseudomonadales;Moraxellaceae;Psychrobacter
LN250.2;ASV408;0;LN250;larvae;sorb-;2.5;2;Bacteria;Proteobacteria;Gammaproteobacteria;Burkholderiales;SC-I-84;
LN250.2;ASV410;0;LN250;larvae;sorb-;2.5;2;Bacteria;Proteobacteria;Alphaproteobacteria;Rhizobiales;Xanthobacteraceae;Bradyrhizobium
LN250.3;ASV1;5823;LN250;larvae;sorb-;2.5;3;Bacteria;Proteobacteria;Gammaproteobacteria;Enterobacterales;Morganellaceae;Providencia
LN250.3;ASV2;7629;LN250;larvae;sorb-;2.5;3;Bacteria;Proteobacteria;Gammaproteobacteria;Enterobacterales;Enterobacteriaceae;Klebsiella
LN250.3;ASV3;21205;LN250;larvae;sorb-;2.5;3;Bacteria;Proteobacteria;Gammaproteobacteria;Enterobacterales;Enterobacteriaceae;Enterobacter*
LN250.3;ASV4;3161;LN250;larvae;sorb-;2.5;3;Bacteria;Firmicutes;Bacilli;Lactobacillales;Enterococcaceae;Enterococcus
LN250.3;ASV5;0;LN250;larvae;sorb-;2.5;3;Bacteria;Firmicutes;Bacilli;Lactobacillales;Lactobacillaceae;Lactiplantibacillus
LN250.3;ASV6;0;LN250;larvae;sorb-;2.5;3;Bacteria;Firmicutes;Bacilli;Lactobacillales;Lactobacillaceae;Lactobacillus
LN250.3;ASV7;0;LN250;larvae;sorb-;2.5;3;Bacteria;Firmicutes;Bacilli;Lactobacillales;Lactobacillaceae;Weissella
LN250.3;ASV8;1154;LN250;larvae;sorb-;2.5;3;Bacteria;Firmicutes;Bacilli;Lactobacillales;Enterococcaceae;Enterococcus
LN250.3;ASV9;0;LN250;larvae;sorb-;2.5;3;Bacteria;Firmicutes;Bacilli;Lactobacillales;Lactobacillaceae;Levilactobacillus
LN250.3;ASV13;7;LN250;larvae;sorb-;2.5;3;Bacteria;Firmicutes;Bacilli;Staphylococcales;Staphylococcaceae;Mammaliicoccus*
LN250.3;ASV14;136;LN250;larvae;sorb-;2.5;3;Bacteria;Firmicutes;Bacilli;Lactobacillales;Enterococcaceae;Enterococcus
LN250.3;ASV15;0;LN250;larvae;sorb-;2.5;3;Bacteria;Firmicutes;Bacilli;Lactobacillales;Lactobacillaceae;Lacticaseibacillus
LN250.3;ASV18;10;LN250;larvae;sorb-;2.5;3;Bacteria;Actinobacteriota;Actinobacteria;Actinomycetales;Actinomycetaceae;Actinomyces
LN250.3;ASV19;5417;LN250;larvae;sorb-;2.5;3;Bacteria;Proteobacteria;Gammaproteobacteria;Enterobacterales;Morganellaceae;Proteus
LN250.3;ASV20;0;LN250;larvae;sorb-;2.5;3;Bacteria;Actinobacteriota;Actinobacteria;Corynebacteriales;Corynebacteriaceae;Corynebacterium
LN250.3;ASV21;0;LN250;larvae;sorb-;2.5;3;Bacteria;Firmicutes;Bacilli;Bacillales;Bacillaceae;Bacillus
LN250.3;ASV22;0;LN250;larvae;sorb-;2.5;3;Bacteria;Firmicutes;Bacilli;Lactobacillales;Lactobacillaceae;Lacticaseibacillus
LN250.3;ASV23;0;LN250;larvae;sorb-;2.5;3;Bacteria;Firmicutes;Bacilli;Lactobacillales;Lactobacillaceae;Limosilactobacillus
LN250.3;ASV24;959;LN250;larvae;sorb-;2.5;3;Bacteria;Proteobacteria;Gammaproteobacteria;Enterobacterales;Enterobacteriaceae;Escherichia-Shigella
LN250.3;ASV25;1117;LN250;larvae;sorb-;2.5;3;Bacteria;Firmicutes;Bacilli;Lactobacillales;Enterococcaceae;Enterococcus
LN250.3;ASV28;0;LN250;larvae;sorb-;2.5;3;Bacteria;Firmicutes;Bacilli;Lactobacillales;Lactobacillaceae;Lacticaseibacillus
LN250.3;ASV34;128;LN250;larvae;sorb-;2.5;3;Bacteria;Proteobacteria;Gammaproteobacteria;Enterobacterales;Enterobacteriaceae;Klebsiella
LN250.3;ASV35;0;LN250;larvae;sorb-;2.5;3;Bacteria;Firmicutes;Bacilli;Lactobacillales;Lactobacillaceae;Weissella
LN250.3;ASV36;0;LN250;larvae;sorb-;2.5;3;Bacteria;Proteobacteria;Gammaproteobacteria;Enterobacterales;Morganellaceae;Providencia
LN250.3;ASV37;0;LN250;larvae;sorb-;2.5;3;Bacteria;Firmicutes;Bacilli;Lactobacillales;Lactobacillaceae;Pediococcus
LN250.3;ASV40;0;LN250;larvae;sorb-;2.5;3;Bacteria;Actinobacteriota;Actinobacteria;Corynebacteriales;Corynebacteriaceae;Corynebacterium
LN250.3;ASV43;0;LN250;larvae;sorb-;2.5;3;Bacteria;Proteobacteria;Gammaproteobacteria;Enterobacterales;Enterobacteriaceae;Enterobacter*
LN250.3;ASV44;195;LN250;larvae;sorb-;2.5;3;Bacteria;Firmicutes;Bacilli;Lactobacillales;Enterococcaceae;Enterococcus*
LN250.3;ASV46;0;LN250;larvae;sorb-;2.5;3;Bacteria;Firmicutes;Bacilli;Lactobacillales;Enterococcaceae;Enterococcus
LN250.3;ASV50;8;LN250;larvae;sorb-;2.5;3;Bacteria;Proteobacteria;Gammaproteobacteria;Pseudomonadales;Pseudomonadaceae;Pseudomonas
LN250.3;ASV53;0;LN250;larvae;sorb-;2.5;3;Bacteria;Actinobacteriota;Actinobacteria;Corynebacteriales;Corynebacteriaceae;Corynebacterium
LN250.3;ASV55;0;LN250;larvae;sorb-;2.5;3;Bacteria;Firmicutes;Bacilli;Bacillales;Bacillaceae;Bacillus
LN250.3;ASV58;0;LN250;larvae;sorb-;2.5;3;Bacteria;Actinobacteriota;Actinobacteria;Micrococcales;Brevibacteriaceae;Brevibacterium
LN250.3;ASV65;0;LN250;larvae;sorb-;2.5;3;Bacteria;Bacteroidota;Bacteroidia;Bacteroidales;Bacteroidaceae;Bacteroides
LN250.3;ASV66;0;LN250;larvae;sorb-;2.5;3;Bacteria;Firmicutes;Bacilli;Staphylococcales;Staphylococcaceae;Staphylococcus
LN250.3;ASV69;0;LN250;larvae;sorb-;2.5;3;Bacteria;Firmicutes;Bacilli;Bacillales;Planococcaceae;Uncult. bacterium*
LN250.3;ASV73;5;LN250;larvae;sorb-;2.5;3;Bacteria;Proteobacteria;Gammaproteobacteria;Burkholderiales;Burkholderiaceae;Ralstonia
LN250.3;ASV76;0;LN250;larvae;sorb-;2.5;3;Bacteria;Proteobacteria;Gammaproteobacteria;Pseudomonadales;Pseudomonadaceae;Pseudomonas
LN250.3;ASV83;1;LN250;larvae;sorb-;2.5;3;Bacteria;Proteobacteria;Gammaproteobacteria;Burkholderiales;Comamonadaceae;Delftia
LN250.3;ASV85;0;LN250;larvae;sorb-;2.5;3;Bacteria;Bacteroidota;Bacteroidia;Bacteroidales;Bacteroidaceae;Bacteroides
LN250.3;ASV86;0;LN250;larvae;sorb-;2.5;3;Bacteria;Bacteroidota;Bacteroidia;Bacteroidales;Bacteroidaceae;Bacteroides
LN250.3;ASV87;0;LN250;larvae;sorb-;2.5;3;Bacteria;Firmicutes;Bacilli;Lactobacillales;Streptococcaceae;Streptococcus
LN250.3;ASV90;0;LN250;larvae;sorb-;2.5;3;Bacteria;Proteobacteria;Gammaproteobacteria;Xanthomonadales;Xanthomonadaceae;Stenotrophomonas
LN250.3;ASV92;0;LN250;larvae;sorb-;2.5;3;Bacteria;Proteobacteria;Gammaproteobacteria;Enterobacterales;Yersiniaceae;Yersinia
LN250.3;ASV95;0;LN250;larvae;sorb-;2.5;3;Bacteria;Proteobacteria;Gammaproteobacteria;Pseudomonadales;Moraxellaceae;Psychrobacter
LN250.3;ASV98;0;LN250;larvae;sorb-;2.5;3;Bacteria;Proteobacteria;Gammaproteobacteria;Enterobacterales;Enterobacteriaceae;
LN250.3;ASV99;0;LN250;larvae;sorb-;2.5;3;Bacteria;Proteobacteria;Alphaproteobacteria;Sphingomonadales;Sphingomonadaceae;Sphingomonas
LN250.3;ASV100;0;LN250;larvae;sorb-;2.5;3;Bacteria;Firmicutes;Bacilli;Lactobacillales;Lactobacillaceae;Lapidilactobacillus
LN250.3;ASV103;0;LN250;larvae;sorb-;2.5;3;Bacteria;Bacteroidota;Bacteroidia;Bacteroidales;Tannerellaceae;Parabacteroides
LN250.3;ASV106;0;LN250;larvae;sorb-;2.5;3;Bacteria;Proteobacteria;Gammaproteobacteria;Enterobacterales;Morganellaceae;Providencia
LN250.3;ASV109;0;LN250;larvae;sorb-;2.5;3;Bacteria;Proteobacteria;Alphaproteobacteria;Rhodobacterales;Rhodobacteraceae;Rubellimicrobium
LN250.3;ASV111;0;LN250;larvae;sorb-;2.5;3;Bacteria;Bacteroidota;Bacteroidia;Bacteroidales;Bacteroidaceae;Bacteroides
LN250.3;ASV115;0;LN250;larvae;sorb-;2.5;3;Bacteria;Proteobacteria;Gammaproteobacteria;Pseudomonadales;Alcanivoracaceae1;Alcanivorax
LN250.3;ASV117;0;LN250;larvae;sorb-;2.5;3;Bacteria;Actinobacteriota;Actinobacteria;Corynebacteriales;Corynebacteriaceae;Corynebacterium
LN250.3;ASV120;0;LN250;larvae;sorb-;2.5;3;Bacteria;Proteobacteria;Gammaproteobacteria;Burkholderiales;Sutterellaceae;Parasutterella
LN250.3;ASV124;0;LN250;larvae;sorb-;2.5;3;Bacteria;Firmicutes;Bacilli;Staphylococcales;Staphylococcaceae;Staphylococcus
LN250.3;ASV128;0;LN250;larvae;sorb-;2.5;3;Bacteria;Proteobacteria;Gammaproteobacteria;Burkholderiales;Hydrogenophilaceae;Tepidiphilus
LN250.3;ASV129;0;LN250;larvae;sorb-;2.5;3;Bacteria;Proteobacteria;Alphaproteobacteria;Rhizobiales;Beijerinckiaceae;Methylobacterium-Methylorubrum
LN250.3;ASV130;0;LN250;larvae;sorb-;2.5;3;Bacteria;Proteobacteria;Alphaproteobacteria;Sphingomonadales;Sphingomonadaceae;Sphingomonas
LN250.3;ASV132;0;LN250;larvae;sorb-;2.5;3;Bacteria;Bacteroidota;Bacteroidia;Bacteroidales;Bacteroidaceae;Bacteroides
LN250.3;ASV134;0;LN250;larvae;sorb-;2.5;3;Bacteria;Proteobacteria;Gammaproteobacteria;Burkholderiales;Comamonadaceae;
LN250.3;ASV137;0;LN250;larvae;sorb-;2.5;3;Bacteria;Proteobacteria;Gammaproteobacteria;Pseudomonadales;Pseudomonadaceae;Pseudomonas
LN250.3;ASV146;0;LN250;larvae;sorb-;2.5;3;Bacteria;Firmicutes;Negativicutes;Veillonellales-Selenomonadales;Veillonellaceae;Dialister
LN250.3;ASV147;0;LN250;larvae;sorb-;2.5;3;Bacteria;Proteobacteria;Gammaproteobacteria;Pseudomonadales;Moraxellaceae;Acinetobacter
LN250.3;ASV148;0;LN250;larvae;sorb-;2.5;3;Bacteria;Actinobacteriota;Actinobacteria;Micrococcales;Dermabacteraceae;Brachybacterium
LN250.3;ASV153;0;LN250;larvae;sorb-;2.5;3;Bacteria;Proteobacteria;Gammaproteobacteria;Pseudomonadales;Pseudomonadaceae;Pseudomonas
LN250.3;ASV155;0;LN250;larvae;sorb-;2.5;3;Bacteria;Proteobacteria;Gammaproteobacteria;Pseudomonadales;Halomonadaceae;Halomonas
LN250.3;ASV159;0;LN250;larvae;sorb-;2.5;3;Bacteria;Actinobacteriota;Thermoleophilia;Solirubrobacterales;67-14;
LN250.3;ASV160;0;LN250;larvae;sorb-;2.5;3;Bacteria;Proteobacteria;Gammaproteobacteria;Burkholderiales;Burkholderiaceae;Ralstonia
LN250.3;ASV162;0;LN250;larvae;sorb-;2.5;3;Bacteria;Proteobacteria;Gammaproteobacteria;Pseudomonadales;Moraxellaceae;Acinetobacter
LN250.3;ASV164;0;LN250;larvae;sorb-;2.5;3;Bacteria;Proteobacteria;Gammaproteobacteria;Pseudomonadales;Alcanivoracaceae1;Alcanivorax
LN250.3;ASV165;0;LN250;larvae;sorb-;2.5;3;Bacteria;Dependentiae;Babeliae;Babeliales;Vermiphilaceae;
LN250.3;ASV172;0;LN250;larvae;sorb-;2.5;3;Bacteria;Proteobacteria;Gammaproteobacteria;Enterobacterales;Pseudoalteromonadaceae;Pseudoalteromonas
LN250.3;ASV173;0;LN250;larvae;sorb-;2.5;3;Bacteria;Firmicutes;Bacilli;Lactobacillales;Carnobacteriaceae;Isobaculum
LN250.3;ASV174;0;LN250;larvae;sorb-;2.5;3;Bacteria;Firmicutes;Bacilli;Erysipelotrichales;Erysipelotrichaceae;Turicibacter
LN250.3;ASV175;0;LN250;larvae;sorb-;2.5;3;Bacteria;Actinobacteriota;Actinobacteria;Actinomycetales;Actinomycetaceae;Actinomyces
LN250.3;ASV176;0;LN250;larvae;sorb-;2.5;3;Bacteria;Proteobacteria;Gammaproteobacteria;Burkholderiales;Comamonadaceae;Aquabacterium
LN250.3;ASV178;0;LN250;larvae;sorb-;2.5;3;Bacteria;Proteobacteria;Gammaproteobacteria;Burkholderiales;Burkholderiaceae;Burkholderia-Caballeronia-Paraburkholderia
LN250.3;ASV182;0;LN250;larvae;sorb-;2.5;3;Bacteria;Proteobacteria;Gammaproteobacteria;Enterobacterales;Alteromonadaceae;Alteromonas
LN250.3;ASV183;5;LN250;larvae;sorb-;2.5;3;Bacteria;Proteobacteria;Gammaproteobacteria;Xanthomonadales;Xanthomonadaceae;Stenotrophomonas
LN250.3;ASV185;0;LN250;larvae;sorb-;2.5;3;Bacteria;Firmicutes;Bacilli;Bacillales;Bacillaceae;Anaerobacillus
LN250.3;ASV191;0;LN250;larvae;sorb-;2.5;3;Bacteria;Firmicutes;Clostridia;Oscillospirales;Ruminococcaceae;Faecalibacterium
LN250.3;ASV194;0;LN250;larvae;sorb-;2.5;3;Bacteria;Proteobacteria;Gammaproteobacteria;Burkholderiales;Comamonadaceae;
LN250.3;ASV195;0;LN250;larvae;sorb-;2.5;3;Bacteria;Firmicutes;Bacilli;Thermicanales;Thermicanaceae;Thermicanus
LN250.3;ASV197;0;LN250;larvae;sorb-;2.5;3;Bacteria;Firmicutes;Bacilli;Bacillales;Bacillaceae;Aeribacillus
LN250.3;ASV198;0;LN250;larvae;sorb-;2.5;3;Bacteria;Proteobacteria;Gammaproteobacteria;Burkholderiales;Comamonadaceae;
LN250.3;ASV200;0;LN250;larvae;sorb-;2.5;3;Bacteria;Proteobacteria;Gammaproteobacteria;Enterobacterales;Pseudoalteromonadaceae;Pseudoalteromonas
LN250.3;ASV206;0;LN250;larvae;sorb-;2.5;3;Bacteria;Firmicutes;Clostridia;Oscillospirales;Oscillospiraceae;UCG-002
LN250.3;ASV207;0;LN250;larvae;sorb-;2.5;3;Bacteria;Firmicutes;Negativicutes;Veillonellales-Selenomonadales;Veillonellaceae;Dialister
LN250.3;ASV208;0;LN250;larvae;sorb-;2.5;3;Bacteria;Actinobacteriota;Actinobacteria;Micromonosporales;Micromonosporaceae;Catellatospora
LN250.3;ASV211;0;LN250;larvae;sorb-;2.5;3;Bacteria;Firmicutes;Bacilli;Lactobacillales;Carnobacteriaceae;Atopostipes
LN250.3;ASV212;0;LN250;larvae;sorb-;2.5;3;Bacteria;Proteobacteria;Gammaproteobacteria;Xanthomonadales;Xanthomonadaceae;Stenotrophomonas
LN250.3;ASV213;0;LN250;larvae;sorb-;2.5;3;Bacteria;Proteobacteria;Gammaproteobacteria;Enterobacterales;Pseudoalteromonadaceae;Pseudoalteromonas
LN250.3;ASV214;0;LN250;larvae;sorb-;2.5;3;Bacteria;Proteobacteria;Gammaproteobacteria;Xanthomonadales;Xanthomonadaceae;Stenotrophomonas
LN250.3;ASV215;0;LN250;larvae;sorb-;2.5;3;Bacteria;Bacteroidota;Bacteroidia;Bacteroidales;Bacteroidaceae;Bacteroides
LN250.3;ASV216;0;LN250;larvae;sorb-;2.5;3;Bacteria;Proteobacteria;Gammaproteobacteria;Burkholderiales;Hydrogenophilaceae;Tepidiphilus
LN250.3;ASV217;0;LN250;larvae;sorb-;2.5;3;Bacteria;Proteobacteria;Gammaproteobacteria;Pseudomonadales;Alcanivoracaceae1;Alcanivorax
LN250.3;ASV218;0;LN250;larvae;sorb-;2.5;3;Bacteria;Proteobacteria;Gammaproteobacteria;Enterobacterales;Morganellaceae;Moellerella
LN250.3;ASV226;0;LN250;larvae;sorb-;2.5;3;Bacteria;Proteobacteria;Gammaproteobacteria;Burkholderiales;Oxalobacteraceae;Massilia
LN250.3;ASV235;0;LN250;larvae;sorb-;2.5;3;Bacteria;Actinobacteriota;Actinobacteria;Micrococcales;Micrococcaceae;Micrococcus
LN250.3;ASV236;0;LN250;larvae;sorb-;2.5;3;Bacteria;Proteobacteria;Gammaproteobacteria;Burkholderiales;Comamonadaceae;Schlegelella
LN250.3;ASV237;0;LN250;larvae;sorb-;2.5;3;Bacteria;Verrucomicrobiota;Verrucomicrobiae;Pedosphaerales;Pedosphaeraceae;
LN250.3;ASV239;0;LN250;larvae;sorb-;2.5;3;Bacteria;Actinobacteriota;Acidimicrobiia;Microtrichales;Ilumatobacteraceae;Ilumatobacter
LN250.3;ASV240;0;LN250;larvae;sorb-;2.5;3;Bacteria;Proteobacteria;Gammaproteobacteria;Xanthomonadales;Xanthomonadaceae;Lysobacter
LN250.3;ASV241;0;LN250;larvae;sorb-;2.5;3;Bacteria;Actinobacteriota;Actinobacteria;Micrococcales;Micrococcaceae;Micrococcus
LN250.3;ASV242;0;LN250;larvae;sorb-;2.5;3;Bacteria;Actinobacteriota;Actinobacteria;Actinomycetales;Actinomycetaceae;Actinomyces
LN250.3;ASV243;0;LN250;larvae;sorb-;2.5;3;Bacteria;Proteobacteria;Gammaproteobacteria;Xanthomonadales;Xanthomonadaceae;Stenotrophomonas
LN250.3;ASV244;0;LN250;larvae;sorb-;2.5;3;Bacteria;Proteobacteria;Gammaproteobacteria;Pseudomonadales;Moraxellaceae;Enhydrobacter
LN250.3;ASV246;0;LN250;larvae;sorb-;2.5;3;Bacteria;Proteobacteria;Gammaproteobacteria;Nitrosococcales;Methylophagaceae;Methylophaga
LN250.3;ASV247;0;LN250;larvae;sorb-;2.5;3;Bacteria;Bacteroidota;Bacteroidia;Bacteroidales;Bacteroidaceae;Bacteroides
LN250.3;ASV248;0;LN250;larvae;sorb-;2.5;3;Bacteria;Proteobacteria;Gammaproteobacteria;Burkholderiales;Comamonadaceae;Tepidimonas
LN250.3;ASV250;0;LN250;larvae;sorb-;2.5;3;Bacteria;Proteobacteria;Gammaproteobacteria;Pseudomonadales;Marinobacteraceae;Marinobacter
LN250.3;ASV251;0;LN250;larvae;sorb-;2.5;3;Bacteria;Actinobacteriota;Actinobacteria;Streptomycetales;Streptomycetaceae;Streptomyces
LN250.3;ASV252;0;LN250;larvae;sorb-;2.5;3;Bacteria;Firmicutes;Bacilli;Staphylococcales;Staphylococcaceae;
LN250.3;ASV253;0;LN250;larvae;sorb-;2.5;3;Bacteria;Planctomycetota;Planctomycetes;Gemmatales;Gemmataceae;
LN250.3;ASV282;0;LN250;larvae;sorb-;2.5;3;Bacteria;Firmicutes;Bacilli;Lactobacillales;Carnobacteriaceae;Isobaculum
LN250.3;ASV283;0;LN250;larvae;sorb-;2.5;3;Bacteria;Proteobacteria;Gammaproteobacteria;Burkholderiales;Alcaligenaceae;Alcaligenes
LN250.3;ASV284;0;LN250;larvae;sorb-;2.5;3;Bacteria;Firmicutes;Bacilli;Lactobacillales;Lactobacillaceae;Weissella
LN250.3;ASV287;0;LN250;larvae;sorb-;2.5;3;Bacteria;Myxococcota;Polyangia;Polyangiales;BIrii41;
LN250.3;ASV290;0;LN250;larvae;sorb-;2.5;3;Bacteria;Firmicutes;Clostridia;Oscillospirales;[Eubacterium] coprostanoligenes group;
LN250.3;ASV291;0;LN250;larvae;sorb-;2.5;3;Bacteria;Proteobacteria;Alphaproteobacteria;Rhizobiales;Amb-16S-1323;
LN250.3;ASV294;0;LN250;larvae;sorb-;2.5;3;Bacteria;Proteobacteria;Gammaproteobacteria;Burkholderiales;SC-I-84;
LN250.3;ASV295;0;LN250;larvae;sorb-;2.5;3;Bacteria;Actinobacteriota;Actinobacteria;Micromonosporales;Micromonosporaceae;Virgisporangium
LN250.3;ASV296;0;LN250;larvae;sorb-;2.5;3;Bacteria;Proteobacteria;Gammaproteobacteria;Pseudomonadales;Moraxellaceae;Acinetobacter
LN250.3;ASV297;0;LN250;larvae;sorb-;2.5;3;Bacteria;Actinobacteriota;Acidimicrobiia;Microtrichales;Ilumatobacteraceae;
LN250.3;ASV298;0;LN250;larvae;sorb-;2.5;3;Bacteria;Firmicutes;Bacilli;Paenibacillales;Paenibacillaceae;Paenibacillus
LN250.3;ASV299;0;LN250;larvae;sorb-;2.5;3;Bacteria;Actinobacteriota;Thermoleophilia;Solirubrobacterales;67-14;
LN250.3;ASV300;0;LN250;larvae;sorb-;2.5;3;Bacteria;Proteobacteria;Gammaproteobacteria;Enterobacterales;Vibrionaceae;
LN250.3;ASV304;0;LN250;larvae;sorb-;2.5;3;Bacteria;Firmicutes;Clostridia;Lachnospirales;Lachnospiraceae;[Ruminococcus] gauvreauii group
LN250.3;ASV305;0;LN250;larvae;sorb-;2.5;3;Bacteria;Actinobacteriota;Actinobacteria;Micrococcales;Brevibacteriaceae;Brevibacterium
LN250.3;ASV306;0;LN250;larvae;sorb-;2.5;3;Bacteria;Firmicutes;Bacilli;Lactobacillales;Lactobacillaceae;Weissella
LN250.3;ASV308;0;LN250;larvae;sorb-;2.5;3;Bacteria;Proteobacteria;Gammaproteobacteria;Burkholderiales;Oxalobacteraceae;Duganella
LN250.3;ASV309;0;LN250;larvae;sorb-;2.5;3;Bacteria;Firmicutes;Bacilli;Lactobacillales;Carnobacteriaceae;Isobaculum
LN250.3;ASV310;0;LN250;larvae;sorb-;2.5;3;Bacteria;Proteobacteria;Alphaproteobacteria;Rhodobacterales;Rhodobacteraceae;Paracoccus
LN250.3;ASV311;0;LN250;larvae;sorb-;2.5;3;Bacteria;Acidobacteriota;Vicinamibacteria;Vicinamibacterales;Vicinamibacteraceae;
LN250.3;ASV362;0;LN250;larvae;sorb-;2.5;3;Bacteria;Firmicutes;Bacilli;Lactobacillales;Lactobacillaceae;Lactobacillus
LN250.3;ASV363;0;LN250;larvae;sorb-;2.5;3;Bacteria;Bacteroidota;Bacteroidia;Bacteroidales;Tannerellaceae;Parabacteroides
LN250.3;ASV365;0;LN250;larvae;sorb-;2.5;3;Bacteria;Proteobacteria;Gammaproteobacteria;Burkholderiales;Burkholderiaceae;Ralstonia
LN250.3;ASV370;0;LN250;larvae;sorb-;2.5;3;Bacteria;Proteobacteria;Gammaproteobacteria;Burkholderiales;Rhodocyclaceae;
LN250.3;ASV371;0;LN250;larvae;sorb-;2.5;3;Bacteria;Firmicutes;Clostridia;Lachnospirales;Lachnospiraceae;Lachnospiraceae NK4A136 group
LN250.3;ASV374;0;LN250;larvae;sorb-;2.5;3;Bacteria;Gemmatimonadota;Gemmatimonadetes;Gemmatimonadales;Gemmatimonadaceae;Gemmatimonas
LN250.3;ASV376;0;LN250;larvae;sorb-;2.5;3;Bacteria;Acidobacteriota;Vicinamibacteria;Vicinamibacterales;Vicinamibacteraceae;Vicinamibacter
LN250.3;ASV383;0;LN250;larvae;sorb-;2.5;3;Bacteria;Proteobacteria;Gammaproteobacteria;Burkholderiales;Gallionellaceae;Gallionella
LN250.3;ASV389;0;LN250;larvae;sorb-;2.5;3;Bacteria;Proteobacteria;Alphaproteobacteria;Sphingomonadales;Sphingomonadaceae;Sphingobium
LN250.3;ASV393;1;LN250;larvae;sorb-;2.5;3;Bacteria;Firmicutes;Bacilli;Lactobacillales;Lactobacillaceae;Weissella
LN250.3;ASV394;0;LN250;larvae;sorb-;2.5;3;Bacteria;Proteobacteria;Gammaproteobacteria;Burkholderiales;Sutterellaceae;Parasutterella
LN250.3;ASV395;0;LN250;larvae;sorb-;2.5;3;Bacteria;Actinobacteriota;Actinobacteria;Frankiales;Cryptosporangiaceae;Cryptosporangium
LN250.3;ASV397;0;LN250;larvae;sorb-;2.5;3;Bacteria;Bacteroidota;Bacteroidia;Bacteroidales;Muribaculaceae;
LN250.3;ASV399;0;LN250;larvae;sorb-;2.5;3;Bacteria;Firmicutes;Bacilli;Paenibacillales;Paenibacillaceae;Paenibacillus
LN250.3;ASV400;0;LN250;larvae;sorb-;2.5;3;Bacteria;Proteobacteria;Gammaproteobacteria;Pseudomonadales;Moraxellaceae;Acinetobacter
LN250.3;ASV401;0;LN250;larvae;sorb-;2.5;3;Bacteria;Proteobacteria;Alphaproteobacteria;Caulobacterales;Caulobacteraceae;Brevundimonas
LN250.3;ASV402;0;LN250;larvae;sorb-;2.5;3;Bacteria;Proteobacteria;Gammaproteobacteria;Pseudomonadales;Moraxellaceae;Psychrobacter
LN250.3;ASV408;0;LN250;larvae;sorb-;2.5;3;Bacteria;Proteobacteria;Gammaproteobacteria;Burkholderiales;SC-I-84;
LN250.3;ASV410;0;LN250;larvae;sorb-;2.5;3;Bacteria;Proteobacteria;Alphaproteobacteria;Rhizobiales;Xanthobacteraceae;Bradyrhizobium
LN500.1;ASV1;14851;LN500;larvae;sorb-;5;1;Bacteria;Proteobacteria;Gammaproteobacteria;Enterobacterales;Morganellaceae;Providencia
LN500.1;ASV2;2363;LN500;larvae;sorb-;5;1;Bacteria;Proteobacteria;Gammaproteobacteria;Enterobacterales;Enterobacteriaceae;Klebsiella
LN500.1;ASV3;16492;LN500;larvae;sorb-;5;1;Bacteria;Proteobacteria;Gammaproteobacteria;Enterobacterales;Enterobacteriaceae;Enterobacter*
LN500.1;ASV4;7327;LN500;larvae;sorb-;5;1;Bacteria;Firmicutes;Bacilli;Lactobacillales;Enterococcaceae;Enterococcus
LN500.1;ASV5;0;LN500;larvae;sorb-;5;1;Bacteria;Firmicutes;Bacilli;Lactobacillales;Lactobacillaceae;Lactiplantibacillus
LN500.1;ASV6;1;LN500;larvae;sorb-;5;1;Bacteria;Firmicutes;Bacilli;Lactobacillales;Lactobacillaceae;Lactobacillus
LN500.1;ASV7;0;LN500;larvae;sorb-;5;1;Bacteria;Firmicutes;Bacilli;Lactobacillales;Lactobacillaceae;Weissella
LN500.1;ASV8;490;LN500;larvae;sorb-;5;1;Bacteria;Firmicutes;Bacilli;Lactobacillales;Enterococcaceae;Enterococcus
LN500.1;ASV9;19;LN500;larvae;sorb-;5;1;Bacteria;Firmicutes;Bacilli;Lactobacillales;Lactobacillaceae;Levilactobacillus
LN500.1;ASV13;117;LN500;larvae;sorb-;5;1;Bacteria;Firmicutes;Bacilli;Staphylococcales;Staphylococcaceae;Mammaliicoccus*
LN500.1;ASV14;0;LN500;larvae;sorb-;5;1;Bacteria;Firmicutes;Bacilli;Lactobacillales;Enterococcaceae;Enterococcus
LN500.1;ASV15;15;LN500;larvae;sorb-;5;1;Bacteria;Firmicutes;Bacilli;Lactobacillales;Lactobacillaceae;Lacticaseibacillus
LN500.1;ASV18;2503;LN500;larvae;sorb-;5;1;Bacteria;Actinobacteriota;Actinobacteria;Actinomycetales;Actinomycetaceae;Actinomyces
LN500.1;ASV19;21;LN500;larvae;sorb-;5;1;Bacteria;Proteobacteria;Gammaproteobacteria;Enterobacterales;Morganellaceae;Proteus
LN500.1;ASV20;0;LN500;larvae;sorb-;5;1;Bacteria;Actinobacteriota;Actinobacteria;Corynebacteriales;Corynebacteriaceae;Corynebacterium
LN500.1;ASV21;7;LN500;larvae;sorb-;5;1;Bacteria;Firmicutes;Bacilli;Bacillales;Bacillaceae;Bacillus
LN500.1;ASV22;0;LN500;larvae;sorb-;5;1;Bacteria;Firmicutes;Bacilli;Lactobacillales;Lactobacillaceae;Lacticaseibacillus
LN500.1;ASV23;0;LN500;larvae;sorb-;5;1;Bacteria;Firmicutes;Bacilli;Lactobacillales;Lactobacillaceae;Limosilactobacillus
LN500.1;ASV24;2259;LN500;larvae;sorb-;5;1;Bacteria;Proteobacteria;Gammaproteobacteria;Enterobacterales;Enterobacteriaceae;Escherichia-Shigella
LN500.1;ASV25;385;LN500;larvae;sorb-;5;1;Bacteria;Firmicutes;Bacilli;Lactobacillales;Enterococcaceae;Enterococcus
LN500.1;ASV28;0;LN500;larvae;sorb-;5;1;Bacteria;Firmicutes;Bacilli;Lactobacillales;Lactobacillaceae;Lacticaseibacillus
LN500.1;ASV34;0;LN500;larvae;sorb-;5;1;Bacteria;Proteobacteria;Gammaproteobacteria;Enterobacterales;Enterobacteriaceae;Klebsiella
LN500.1;ASV35;0;LN500;larvae;sorb-;5;1;Bacteria;Firmicutes;Bacilli;Lactobacillales;Lactobacillaceae;Weissella
LN500.1;ASV36;0;LN500;larvae;sorb-;5;1;Bacteria;Proteobacteria;Gammaproteobacteria;Enterobacterales;Morganellaceae;Providencia
LN500.1;ASV37;0;LN500;larvae;sorb-;5;1;Bacteria;Firmicutes;Bacilli;Lactobacillales;Lactobacillaceae;Pediococcus
LN500.1;ASV40;0;LN500;larvae;sorb-;5;1;Bacteria;Actinobacteriota;Actinobacteria;Corynebacteriales;Corynebacteriaceae;Corynebacterium
LN500.1;ASV43;0;LN500;larvae;sorb-;5;1;Bacteria;Proteobacteria;Gammaproteobacteria;Enterobacterales;Enterobacteriaceae;Enterobacter*
LN500.1;ASV44;62;LN500;larvae;sorb-;5;1;Bacteria;Firmicutes;Bacilli;Lactobacillales;Enterococcaceae;Enterococcus*
LN500.1;ASV46;0;LN500;larvae;sorb-;5;1;Bacteria;Firmicutes;Bacilli;Lactobacillales;Enterococcaceae;Enterococcus
LN500.1;ASV50;0;LN500;larvae;sorb-;5;1;Bacteria;Proteobacteria;Gammaproteobacteria;Pseudomonadales;Pseudomonadaceae;Pseudomonas
LN500.1;ASV53;0;LN500;larvae;sorb-;5;1;Bacteria;Actinobacteriota;Actinobacteria;Corynebacteriales;Corynebacteriaceae;Corynebacterium
LN500.1;ASV55;0;LN500;larvae;sorb-;5;1;Bacteria;Firmicutes;Bacilli;Bacillales;Bacillaceae;Bacillus
LN500.1;ASV58;0;LN500;larvae;sorb-;5;1;Bacteria;Actinobacteriota;Actinobacteria;Micrococcales;Brevibacteriaceae;Brevibacterium
LN500.1;ASV65;0;LN500;larvae;sorb-;5;1;Bacteria;Bacteroidota;Bacteroidia;Bacteroidales;Bacteroidaceae;Bacteroides
LN500.1;ASV66;0;LN500;larvae;sorb-;5;1;Bacteria;Firmicutes;Bacilli;Staphylococcales;Staphylococcaceae;Staphylococcus
LN500.1;ASV69;0;LN500;larvae;sorb-;5;1;Bacteria;Firmicutes;Bacilli;Bacillales;Planococcaceae;Uncult. bacterium*
LN500.1;ASV73;5;LN500;larvae;sorb-;5;1;Bacteria;Proteobacteria;Gammaproteobacteria;Burkholderiales;Burkholderiaceae;Ralstonia
LN500.1;ASV76;0;LN500;larvae;sorb-;5;1;Bacteria;Proteobacteria;Gammaproteobacteria;Pseudomonadales;Pseudomonadaceae;Pseudomonas
LN500.1;ASV83;0;LN500;larvae;sorb-;5;1;Bacteria;Proteobacteria;Gammaproteobacteria;Burkholderiales;Comamonadaceae;Delftia
LN500.1;ASV85;0;LN500;larvae;sorb-;5;1;Bacteria;Bacteroidota;Bacteroidia;Bacteroidales;Bacteroidaceae;Bacteroides
LN500.1;ASV86;0;LN500;larvae;sorb-;5;1;Bacteria;Bacteroidota;Bacteroidia;Bacteroidales;Bacteroidaceae;Bacteroides
LN500.1;ASV87;0;LN500;larvae;sorb-;5;1;Bacteria;Firmicutes;Bacilli;Lactobacillales;Streptococcaceae;Streptococcus
LN500.1;ASV90;1;LN500;larvae;sorb-;5;1;Bacteria;Proteobacteria;Gammaproteobacteria;Xanthomonadales;Xanthomonadaceae;Stenotrophomonas
LN500.1;ASV92;0;LN500;larvae;sorb-;5;1;Bacteria;Proteobacteria;Gammaproteobacteria;Enterobacterales;Yersiniaceae;Yersinia
LN500.1;ASV95;0;LN500;larvae;sorb-;5;1;Bacteria;Proteobacteria;Gammaproteobacteria;Pseudomonadales;Moraxellaceae;Psychrobacter
LN500.1;ASV98;35;LN500;larvae;sorb-;5;1;Bacteria;Proteobacteria;Gammaproteobacteria;Enterobacterales;Enterobacteriaceae;
LN500.1;ASV99;0;LN500;larvae;sorb-;5;1;Bacteria;Proteobacteria;Alphaproteobacteria;Sphingomonadales;Sphingomonadaceae;Sphingomonas
LN500.1;ASV100;0;LN500;larvae;sorb-;5;1;Bacteria;Firmicutes;Bacilli;Lactobacillales;Lactobacillaceae;Lapidilactobacillus
LN500.1;ASV103;0;LN500;larvae;sorb-;5;1;Bacteria;Bacteroidota;Bacteroidia;Bacteroidales;Tannerellaceae;Parabacteroides
LN500.1;ASV106;0;LN500;larvae;sorb-;5;1;Bacteria;Proteobacteria;Gammaproteobacteria;Enterobacterales;Morganellaceae;Providencia
LN500.1;ASV109;0;LN500;larvae;sorb-;5;1;Bacteria;Proteobacteria;Alphaproteobacteria;Rhodobacterales;Rhodobacteraceae;Rubellimicrobium
LN500.1;ASV111;0;LN500;larvae;sorb-;5;1;Bacteria;Bacteroidota;Bacteroidia;Bacteroidales;Bacteroidaceae;Bacteroides
LN500.1;ASV115;0;LN500;larvae;sorb-;5;1;Bacteria;Proteobacteria;Gammaproteobacteria;Pseudomonadales;Alcanivoracaceae1;Alcanivorax
LN500.1;ASV117;0;LN500;larvae;sorb-;5;1;Bacteria;Actinobacteriota;Actinobacteria;Corynebacteriales;Corynebacteriaceae;Corynebacterium
LN500.1;ASV120;0;LN500;larvae;sorb-;5;1;Bacteria;Proteobacteria;Gammaproteobacteria;Burkholderiales;Sutterellaceae;Parasutterella
LN500.1;ASV124;0;LN500;larvae;sorb-;5;1;Bacteria;Firmicutes;Bacilli;Staphylococcales;Staphylococcaceae;Staphylococcus
LN500.1;ASV128;0;LN500;larvae;sorb-;5;1;Bacteria;Proteobacteria;Gammaproteobacteria;Burkholderiales;Hydrogenophilaceae;Tepidiphilus
LN500.1;ASV129;0;LN500;larvae;sorb-;5;1;Bacteria;Proteobacteria;Alphaproteobacteria;Rhizobiales;Beijerinckiaceae;Methylobacterium-Methylorubrum
LN500.1;ASV130;0;LN500;larvae;sorb-;5;1;Bacteria;Proteobacteria;Alphaproteobacteria;Sphingomonadales;Sphingomonadaceae;Sphingomonas
LN500.1;ASV132;0;LN500;larvae;sorb-;5;1;Bacteria;Bacteroidota;Bacteroidia;Bacteroidales;Bacteroidaceae;Bacteroides
LN500.1;ASV134;0;LN500;larvae;sorb-;5;1;Bacteria;Proteobacteria;Gammaproteobacteria;Burkholderiales;Comamonadaceae;
LN500.1;ASV137;0;LN500;larvae;sorb-;5;1;Bacteria;Proteobacteria;Gammaproteobacteria;Pseudomonadales;Pseudomonadaceae;Pseudomonas
LN500.1;ASV146;0;LN500;larvae;sorb-;5;1;Bacteria;Firmicutes;Negativicutes;Veillonellales-Selenomonadales;Veillonellaceae;Dialister
LN500.1;ASV147;0;LN500;larvae;sorb-;5;1;Bacteria;Proteobacteria;Gammaproteobacteria;Pseudomonadales;Moraxellaceae;Acinetobacter
LN500.1;ASV148;0;LN500;larvae;sorb-;5;1;Bacteria;Actinobacteriota;Actinobacteria;Micrococcales;Dermabacteraceae;Brachybacterium
LN500.1;ASV153;0;LN500;larvae;sorb-;5;1;Bacteria;Proteobacteria;Gammaproteobacteria;Pseudomonadales;Pseudomonadaceae;Pseudomonas
LN500.1;ASV155;0;LN500;larvae;sorb-;5;1;Bacteria;Proteobacteria;Gammaproteobacteria;Pseudomonadales;Halomonadaceae;Halomonas
LN500.1;ASV159;0;LN500;larvae;sorb-;5;1;Bacteria;Actinobacteriota;Thermoleophilia;Solirubrobacterales;67-14;
LN500.1;ASV160;0;LN500;larvae;sorb-;5;1;Bacteria;Proteobacteria;Gammaproteobacteria;Burkholderiales;Burkholderiaceae;Ralstonia
LN500.1;ASV162;0;LN500;larvae;sorb-;5;1;Bacteria;Proteobacteria;Gammaproteobacteria;Pseudomonadales;Moraxellaceae;Acinetobacter
LN500.1;ASV164;0;LN500;larvae;sorb-;5;1;Bacteria;Proteobacteria;Gammaproteobacteria;Pseudomonadales;Alcanivoracaceae1;Alcanivorax
LN500.1;ASV165;0;LN500;larvae;sorb-;5;1;Bacteria;Dependentiae;Babeliae;Babeliales;Vermiphilaceae;
LN500.1;ASV172;0;LN500;larvae;sorb-;5;1;Bacteria;Proteobacteria;Gammaproteobacteria;Enterobacterales;Pseudoalteromonadaceae;Pseudoalteromonas
LN500.1;ASV173;0;LN500;larvae;sorb-;5;1;Bacteria;Firmicutes;Bacilli;Lactobacillales;Carnobacteriaceae;Isobaculum
LN500.1;ASV174;0;LN500;larvae;sorb-;5;1;Bacteria;Firmicutes;Bacilli;Erysipelotrichales;Erysipelotrichaceae;Turicibacter
LN500.1;ASV175;0;LN500;larvae;sorb-;5;1;Bacteria;Actinobacteriota;Actinobacteria;Actinomycetales;Actinomycetaceae;Actinomyces
LN500.1;ASV176;0;LN500;larvae;sorb-;5;1;Bacteria;Proteobacteria;Gammaproteobacteria;Burkholderiales;Comamonadaceae;Aquabacterium
LN500.1;ASV178;0;LN500;larvae;sorb-;5;1;Bacteria;Proteobacteria;Gammaproteobacteria;Burkholderiales;Burkholderiaceae;Burkholderia-Caballeronia-Paraburkholderia
LN500.1;ASV182;0;LN500;larvae;sorb-;5;1;Bacteria;Proteobacteria;Gammaproteobacteria;Enterobacterales;Alteromonadaceae;Alteromonas
LN500.1;ASV183;0;LN500;larvae;sorb-;5;1;Bacteria;Proteobacteria;Gammaproteobacteria;Xanthomonadales;Xanthomonadaceae;Stenotrophomonas
LN500.1;ASV185;0;LN500;larvae;sorb-;5;1;Bacteria;Firmicutes;Bacilli;Bacillales;Bacillaceae;Anaerobacillus
LN500.1;ASV191;0;LN500;larvae;sorb-;5;1;Bacteria;Firmicutes;Clostridia;Oscillospirales;Ruminococcaceae;Faecalibacterium
LN500.1;ASV194;0;LN500;larvae;sorb-;5;1;Bacteria;Proteobacteria;Gammaproteobacteria;Burkholderiales;Comamonadaceae;
LN500.1;ASV195;0;LN500;larvae;sorb-;5;1;Bacteria;Firmicutes;Bacilli;Thermicanales;Thermicanaceae;Thermicanus
LN500.1;ASV197;0;LN500;larvae;sorb-;5;1;Bacteria;Firmicutes;Bacilli;Bacillales;Bacillaceae;Aeribacillus
LN500.1;ASV198;0;LN500;larvae;sorb-;5;1;Bacteria;Proteobacteria;Gammaproteobacteria;Burkholderiales;Comamonadaceae;
LN500.1;ASV200;0;LN500;larvae;sorb-;5;1;Bacteria;Proteobacteria;Gammaproteobacteria;Enterobacterales;Pseudoalteromonadaceae;Pseudoalteromonas
LN500.1;ASV206;0;LN500;larvae;sorb-;5;1;Bacteria;Firmicutes;Clostridia;Oscillospirales;Oscillospiraceae;UCG-002
LN500.1;ASV207;0;LN500;larvae;sorb-;5;1;Bacteria;Firmicutes;Negativicutes;Veillonellales-Selenomonadales;Veillonellaceae;Dialister
LN500.1;ASV208;0;LN500;larvae;sorb-;5;1;Bacteria;Actinobacteriota;Actinobacteria;Micromonosporales;Micromonosporaceae;Catellatospora
LN500.1;ASV211;3;LN500;larvae;sorb-;5;1;Bacteria;Firmicutes;Bacilli;Lactobacillales;Carnobacteriaceae;Atopostipes
LN500.1;ASV212;0;LN500;larvae;sorb-;5;1;Bacteria;Proteobacteria;Gammaproteobacteria;Xanthomonadales;Xanthomonadaceae;Stenotrophomonas
LN500.1;ASV213;0;LN500;larvae;sorb-;5;1;Bacteria;Proteobacteria;Gammaproteobacteria;Enterobacterales;Pseudoalteromonadaceae;Pseudoalteromonas
LN500.1;ASV214;0;LN500;larvae;sorb-;5;1;Bacteria;Proteobacteria;Gammaproteobacteria;Xanthomonadales;Xanthomonadaceae;Stenotrophomonas
LN500.1;ASV215;0;LN500;larvae;sorb-;5;1;Bacteria;Bacteroidota;Bacteroidia;Bacteroidales;Bacteroidaceae;Bacteroides
LN500.1;ASV216;0;LN500;larvae;sorb-;5;1;Bacteria;Proteobacteria;Gammaproteobacteria;Burkholderiales;Hydrogenophilaceae;Tepidiphilus
LN500.1;ASV217;0;LN500;larvae;sorb-;5;1;Bacteria;Proteobacteria;Gammaproteobacteria;Pseudomonadales;Alcanivoracaceae1;Alcanivorax
LN500.1;ASV218;0;LN500;larvae;sorb-;5;1;Bacteria;Proteobacteria;Gammaproteobacteria;Enterobacterales;Morganellaceae;Moellerella
LN500.1;ASV226;0;LN500;larvae;sorb-;5;1;Bacteria;Proteobacteria;Gammaproteobacteria;Burkholderiales;Oxalobacteraceae;Massilia
LN500.1;ASV235;0;LN500;larvae;sorb-;5;1;Bacteria;Actinobacteriota;Actinobacteria;Micrococcales;Micrococcaceae;Micrococcus
LN500.1;ASV236;0;LN500;larvae;sorb-;5;1;Bacteria;Proteobacteria;Gammaproteobacteria;Burkholderiales;Comamonadaceae;Schlegelella
LN500.1;ASV237;0;LN500;larvae;sorb-;5;1;Bacteria;Verrucomicrobiota;Verrucomicrobiae;Pedosphaerales;Pedosphaeraceae;
LN500.1;ASV239;0;LN500;larvae;sorb-;5;1;Bacteria;Actinobacteriota;Acidimicrobiia;Microtrichales;Ilumatobacteraceae;Ilumatobacter
LN500.1;ASV240;0;LN500;larvae;sorb-;5;1;Bacteria;Proteobacteria;Gammaproteobacteria;Xanthomonadales;Xanthomonadaceae;Lysobacter
LN500.1;ASV241;4;LN500;larvae;sorb-;5;1;Bacteria;Actinobacteriota;Actinobacteria;Micrococcales;Micrococcaceae;Micrococcus
LN500.1;ASV242;0;LN500;larvae;sorb-;5;1;Bacteria;Actinobacteriota;Actinobacteria;Actinomycetales;Actinomycetaceae;Actinomyces
LN500.1;ASV243;0;LN500;larvae;sorb-;5;1;Bacteria;Proteobacteria;Gammaproteobacteria;Xanthomonadales;Xanthomonadaceae;Stenotrophomonas
LN500.1;ASV244;0;LN500;larvae;sorb-;5;1;Bacteria;Proteobacteria;Gammaproteobacteria;Pseudomonadales;Moraxellaceae;Enhydrobacter
LN500.1;ASV246;0;LN500;larvae;sorb-;5;1;Bacteria;Proteobacteria;Gammaproteobacteria;Nitrosococcales;Methylophagaceae;Methylophaga
LN500.1;ASV247;0;LN500;larvae;sorb-;5;1;Bacteria;Bacteroidota;Bacteroidia;Bacteroidales;Bacteroidaceae;Bacteroides
LN500.1;ASV248;0;LN500;larvae;sorb-;5;1;Bacteria;Proteobacteria;Gammaproteobacteria;Burkholderiales;Comamonadaceae;Tepidimonas
LN500.1;ASV250;0;LN500;larvae;sorb-;5;1;Bacteria;Proteobacteria;Gammaproteobacteria;Pseudomonadales;Marinobacteraceae;Marinobacter
LN500.1;ASV251;0;LN500;larvae;sorb-;5;1;Bacteria;Actinobacteriota;Actinobacteria;Streptomycetales;Streptomycetaceae;Streptomyces
LN500.1;ASV252;0;LN500;larvae;sorb-;5;1;Bacteria;Firmicutes;Bacilli;Staphylococcales;Staphylococcaceae;
LN500.1;ASV253;0;LN500;larvae;sorb-;5;1;Bacteria;Planctomycetota;Planctomycetes;Gemmatales;Gemmataceae;
LN500.1;ASV282;0;LN500;larvae;sorb-;5;1;Bacteria;Firmicutes;Bacilli;Lactobacillales;Carnobacteriaceae;Isobaculum
LN500.1;ASV283;0;LN500;larvae;sorb-;5;1;Bacteria;Proteobacteria;Gammaproteobacteria;Burkholderiales;Alcaligenaceae;Alcaligenes
LN500.1;ASV284;0;LN500;larvae;sorb-;5;1;Bacteria;Firmicutes;Bacilli;Lactobacillales;Lactobacillaceae;Weissella
LN500.1;ASV287;0;LN500;larvae;sorb-;5;1;Bacteria;Myxococcota;Polyangia;Polyangiales;BIrii41;
LN500.1;ASV290;0;LN500;larvae;sorb-;5;1;Bacteria;Firmicutes;Clostridia;Oscillospirales;[Eubacterium] coprostanoligenes group;
LN500.1;ASV291;0;LN500;larvae;sorb-;5;1;Bacteria;Proteobacteria;Alphaproteobacteria;Rhizobiales;Amb-16S-1323;
LN500.1;ASV294;0;LN500;larvae;sorb-;5;1;Bacteria;Proteobacteria;Gammaproteobacteria;Burkholderiales;SC-I-84;
LN500.1;ASV295;0;LN500;larvae;sorb-;5;1;Bacteria;Actinobacteriota;Actinobacteria;Micromonosporales;Micromonosporaceae;Virgisporangium
LN500.1;ASV296;0;LN500;larvae;sorb-;5;1;Bacteria;Proteobacteria;Gammaproteobacteria;Pseudomonadales;Moraxellaceae;Acinetobacter
LN500.1;ASV297;0;LN500;larvae;sorb-;5;1;Bacteria;Actinobacteriota;Acidimicrobiia;Microtrichales;Ilumatobacteraceae;
LN500.1;ASV298;0;LN500;larvae;sorb-;5;1;Bacteria;Firmicutes;Bacilli;Paenibacillales;Paenibacillaceae;Paenibacillus
LN500.1;ASV299;0;LN500;larvae;sorb-;5;1;Bacteria;Actinobacteriota;Thermoleophilia;Solirubrobacterales;67-14;
LN500.1;ASV300;0;LN500;larvae;sorb-;5;1;Bacteria;Proteobacteria;Gammaproteobacteria;Enterobacterales;Vibrionaceae;
LN500.1;ASV304;0;LN500;larvae;sorb-;5;1;Bacteria;Firmicutes;Clostridia;Lachnospirales;Lachnospiraceae;[Ruminococcus] gauvreauii group
LN500.1;ASV305;0;LN500;larvae;sorb-;5;1;Bacteria;Actinobacteriota;Actinobacteria;Micrococcales;Brevibacteriaceae;Brevibacterium
LN500.1;ASV306;0;LN500;larvae;sorb-;5;1;Bacteria;Firmicutes;Bacilli;Lactobacillales;Lactobacillaceae;Weissella
LN500.1;ASV308;0;LN500;larvae;sorb-;5;1;Bacteria;Proteobacteria;Gammaproteobacteria;Burkholderiales;Oxalobacteraceae;Duganella
LN500.1;ASV309;0;LN500;larvae;sorb-;5;1;Bacteria;Firmicutes;Bacilli;Lactobacillales;Carnobacteriaceae;Isobaculum
LN500.1;ASV310;0;LN500;larvae;sorb-;5;1;Bacteria;Proteobacteria;Alphaproteobacteria;Rhodobacterales;Rhodobacteraceae;Paracoccus
LN500.1;ASV311;0;LN500;larvae;sorb-;5;1;Bacteria;Acidobacteriota;Vicinamibacteria;Vicinamibacterales;Vicinamibacteraceae;
LN500.1;ASV362;0;LN500;larvae;sorb-;5;1;Bacteria;Firmicutes;Bacilli;Lactobacillales;Lactobacillaceae;Lactobacillus
LN500.1;ASV363;0;LN500;larvae;sorb-;5;1;Bacteria;Bacteroidota;Bacteroidia;Bacteroidales;Tannerellaceae;Parabacteroides
LN500.1;ASV365;0;LN500;larvae;sorb-;5;1;Bacteria;Proteobacteria;Gammaproteobacteria;Burkholderiales;Burkholderiaceae;Ralstonia
LN500.1;ASV370;0;LN500;larvae;sorb-;5;1;Bacteria;Proteobacteria;Gammaproteobacteria;Burkholderiales;Rhodocyclaceae;
LN500.1;ASV371;0;LN500;larvae;sorb-;5;1;Bacteria;Firmicutes;Clostridia;Lachnospirales;Lachnospiraceae;Lachnospiraceae NK4A136 group
LN500.1;ASV374;0;LN500;larvae;sorb-;5;1;Bacteria;Gemmatimonadota;Gemmatimonadetes;Gemmatimonadales;Gemmatimonadaceae;Gemmatimonas
LN500.1;ASV376;0;LN500;larvae;sorb-;5;1;Bacteria;Acidobacteriota;Vicinamibacteria;Vicinamibacterales;Vicinamibacteraceae;Vicinamibacter
LN500.1;ASV383;0;LN500;larvae;sorb-;5;1;Bacteria;Proteobacteria;Gammaproteobacteria;Burkholderiales;Gallionellaceae;Gallionella
LN500.1;ASV389;0;LN500;larvae;sorb-;5;1;Bacteria;Proteobacteria;Alphaproteobacteria;Sphingomonadales;Sphingomonadaceae;Sphingobium
LN500.1;ASV393;0;LN500;larvae;sorb-;5;1;Bacteria;Firmicutes;Bacilli;Lactobacillales;Lactobacillaceae;Weissella
LN500.1;ASV394;1;LN500;larvae;sorb-;5;1;Bacteria;Proteobacteria;Gammaproteobacteria;Burkholderiales;Sutterellaceae;Parasutterella
LN500.1;ASV395;0;LN500;larvae;sorb-;5;1;Bacteria;Actinobacteriota;Actinobacteria;Frankiales;Cryptosporangiaceae;Cryptosporangium
LN500.1;ASV397;0;LN500;larvae;sorb-;5;1;Bacteria;Bacteroidota;Bacteroidia;Bacteroidales;Muribaculaceae;
LN500.1;ASV399;0;LN500;larvae;sorb-;5;1;Bacteria;Firmicutes;Bacilli;Paenibacillales;Paenibacillaceae;Paenibacillus
LN500.1;ASV400;0;LN500;larvae;sorb-;5;1;Bacteria;Proteobacteria;Gammaproteobacteria;Pseudomonadales;Moraxellaceae;Acinetobacter
LN500.1;ASV401;0;LN500;larvae;sorb-;5;1;Bacteria;Proteobacteria;Alphaproteobacteria;Caulobacterales;Caulobacteraceae;Brevundimonas
LN500.1;ASV402;0;LN500;larvae;sorb-;5;1;Bacteria;Proteobacteria;Gammaproteobacteria;Pseudomonadales;Moraxellaceae;Psychrobacter
LN500.1;ASV408;0;LN500;larvae;sorb-;5;1;Bacteria;Proteobacteria;Gammaproteobacteria;Burkholderiales;SC-I-84;
LN500.1;ASV410;0;LN500;larvae;sorb-;5;1;Bacteria;Proteobacteria;Alphaproteobacteria;Rhizobiales;Xanthobacteraceae;Bradyrhizobium
LN500.2;ASV1;11858;LN500;larvae;sorb-;5;2;Bacteria;Proteobacteria;Gammaproteobacteria;Enterobacterales;Morganellaceae;Providencia
LN500.2;ASV2;7970;LN500;larvae;sorb-;5;2;Bacteria;Proteobacteria;Gammaproteobacteria;Enterobacterales;Enterobacteriaceae;Klebsiella
LN500.2;ASV3;16744;LN500;larvae;sorb-;5;2;Bacteria;Proteobacteria;Gammaproteobacteria;Enterobacterales;Enterobacteriaceae;Enterobacter*
LN500.2;ASV4;4999;LN500;larvae;sorb-;5;2;Bacteria;Firmicutes;Bacilli;Lactobacillales;Enterococcaceae;Enterococcus
LN500.2;ASV5;0;LN500;larvae;sorb-;5;2;Bacteria;Firmicutes;Bacilli;Lactobacillales;Lactobacillaceae;Lactiplantibacillus
LN500.2;ASV6;1;LN500;larvae;sorb-;5;2;Bacteria;Firmicutes;Bacilli;Lactobacillales;Lactobacillaceae;Lactobacillus
LN500.2;ASV7;0;LN500;larvae;sorb-;5;2;Bacteria;Firmicutes;Bacilli;Lactobacillales;Lactobacillaceae;Weissella
LN500.2;ASV8;2354;LN500;larvae;sorb-;5;2;Bacteria;Firmicutes;Bacilli;Lactobacillales;Enterococcaceae;Enterococcus
LN500.2;ASV9;4;LN500;larvae;sorb-;5;2;Bacteria;Firmicutes;Bacilli;Lactobacillales;Lactobacillaceae;Levilactobacillus
LN500.2;ASV13;0;LN500;larvae;sorb-;5;2;Bacteria;Firmicutes;Bacilli;Staphylococcales;Staphylococcaceae;Mammaliicoccus*
LN500.2;ASV14;0;LN500;larvae;sorb-;5;2;Bacteria;Firmicutes;Bacilli;Lactobacillales;Enterococcaceae;Enterococcus
LN500.2;ASV15;4;LN500;larvae;sorb-;5;2;Bacteria;Firmicutes;Bacilli;Lactobacillales;Lactobacillaceae;Lacticaseibacillus
LN500.2;ASV18;150;LN500;larvae;sorb-;5;2;Bacteria;Actinobacteriota;Actinobacteria;Actinomycetales;Actinomycetaceae;Actinomyces
LN500.2;ASV19;0;LN500;larvae;sorb-;5;2;Bacteria;Proteobacteria;Gammaproteobacteria;Enterobacterales;Morganellaceae;Proteus
LN500.2;ASV20;0;LN500;larvae;sorb-;5;2;Bacteria;Actinobacteriota;Actinobacteria;Corynebacteriales;Corynebacteriaceae;Corynebacterium
LN500.2;ASV21;23;LN500;larvae;sorb-;5;2;Bacteria;Firmicutes;Bacilli;Bacillales;Bacillaceae;Bacillus
LN500.2;ASV22;0;LN500;larvae;sorb-;5;2;Bacteria;Firmicutes;Bacilli;Lactobacillales;Lactobacillaceae;Lacticaseibacillus
LN500.2;ASV23;0;LN500;larvae;sorb-;5;2;Bacteria;Firmicutes;Bacilli;Lactobacillales;Lactobacillaceae;Limosilactobacillus
LN500.2;ASV24;1445;LN500;larvae;sorb-;5;2;Bacteria;Proteobacteria;Gammaproteobacteria;Enterobacterales;Enterobacteriaceae;Escherichia-Shigella
LN500.2;ASV25;388;LN500;larvae;sorb-;5;2;Bacteria;Firmicutes;Bacilli;Lactobacillales;Enterococcaceae;Enterococcus
LN500.2;ASV28;0;LN500;larvae;sorb-;5;2;Bacteria;Firmicutes;Bacilli;Lactobacillales;Lactobacillaceae;Lacticaseibacillus
LN500.2;ASV34;79;LN500;larvae;sorb-;5;2;Bacteria;Proteobacteria;Gammaproteobacteria;Enterobacterales;Enterobacteriaceae;Klebsiella
LN500.2;ASV35;0;LN500;larvae;sorb-;5;2;Bacteria;Firmicutes;Bacilli;Lactobacillales;Lactobacillaceae;Weissella
LN500.2;ASV36;370;LN500;larvae;sorb-;5;2;Bacteria;Proteobacteria;Gammaproteobacteria;Enterobacterales;Morganellaceae;Providencia
LN500.2;ASV37;0;LN500;larvae;sorb-;5;2;Bacteria;Firmicutes;Bacilli;Lactobacillales;Lactobacillaceae;Pediococcus
LN500.2;ASV40;0;LN500;larvae;sorb-;5;2;Bacteria;Actinobacteriota;Actinobacteria;Corynebacteriales;Corynebacteriaceae;Corynebacterium
LN500.2;ASV43;475;LN500;larvae;sorb-;5;2;Bacteria;Proteobacteria;Gammaproteobacteria;Enterobacterales;Enterobacteriaceae;Enterobacter*
LN500.2;ASV44;59;LN500;larvae;sorb-;5;2;Bacteria;Firmicutes;Bacilli;Lactobacillales;Enterococcaceae;Enterococcus*
LN500.2;ASV46;0;LN500;larvae;sorb-;5;2;Bacteria;Firmicutes;Bacilli;Lactobacillales;Enterococcaceae;Enterococcus
LN500.2;ASV50;10;LN500;larvae;sorb-;5;2;Bacteria;Proteobacteria;Gammaproteobacteria;Pseudomonadales;Pseudomonadaceae;Pseudomonas
LN500.2;ASV53;0;LN500;larvae;sorb-;5;2;Bacteria;Actinobacteriota;Actinobacteria;Corynebacteriales;Corynebacteriaceae;Corynebacterium
LN500.2;ASV55;0;LN500;larvae;sorb-;5;2;Bacteria;Firmicutes;Bacilli;Bacillales;Bacillaceae;Bacillus
LN500.2;ASV58;0;LN500;larvae;sorb-;5;2;Bacteria;Actinobacteriota;Actinobacteria;Micrococcales;Brevibacteriaceae;Brevibacterium
LN500.2;ASV65;0;LN500;larvae;sorb-;5;2;Bacteria;Bacteroidota;Bacteroidia;Bacteroidales;Bacteroidaceae;Bacteroides
LN500.2;ASV66;0;LN500;larvae;sorb-;5;2;Bacteria;Firmicutes;Bacilli;Staphylococcales;Staphylococcaceae;Staphylococcus
LN500.2;ASV69;0;LN500;larvae;sorb-;5;2;Bacteria;Firmicutes;Bacilli;Bacillales;Planococcaceae;Uncult. bacterium*
LN500.2;ASV73;13;LN500;larvae;sorb-;5;2;Bacteria;Proteobacteria;Gammaproteobacteria;Burkholderiales;Burkholderiaceae;Ralstonia
LN500.2;ASV76;0;LN500;larvae;sorb-;5;2;Bacteria;Proteobacteria;Gammaproteobacteria;Pseudomonadales;Pseudomonadaceae;Pseudomonas
LN500.2;ASV83;4;LN500;larvae;sorb-;5;2;Bacteria;Proteobacteria;Gammaproteobacteria;Burkholderiales;Comamonadaceae;Delftia
LN500.2;ASV85;0;LN500;larvae;sorb-;5;2;Bacteria;Bacteroidota;Bacteroidia;Bacteroidales;Bacteroidaceae;Bacteroides
LN500.2;ASV86;0;LN500;larvae;sorb-;5;2;Bacteria;Bacteroidota;Bacteroidia;Bacteroidales;Bacteroidaceae;Bacteroides
LN500.2;ASV87;0;LN500;larvae;sorb-;5;2;Bacteria;Firmicutes;Bacilli;Lactobacillales;Streptococcaceae;Streptococcus
LN500.2;ASV90;2;LN500;larvae;sorb-;5;2;Bacteria;Proteobacteria;Gammaproteobacteria;Xanthomonadales;Xanthomonadaceae;Stenotrophomonas
LN500.2;ASV92;2;LN500;larvae;sorb-;5;2;Bacteria;Proteobacteria;Gammaproteobacteria;Enterobacterales;Yersiniaceae;Yersinia
LN500.2;ASV95;0;LN500;larvae;sorb-;5;2;Bacteria;Proteobacteria;Gammaproteobacteria;Pseudomonadales;Moraxellaceae;Psychrobacter
LN500.2;ASV98;0;LN500;larvae;sorb-;5;2;Bacteria;Proteobacteria;Gammaproteobacteria;Enterobacterales;Enterobacteriaceae;
LN500.2;ASV99;0;LN500;larvae;sorb-;5;2;Bacteria;Proteobacteria;Alphaproteobacteria;Sphingomonadales;Sphingomonadaceae;Sphingomonas
LN500.2;ASV100;0;LN500;larvae;sorb-;5;2;Bacteria;Firmicutes;Bacilli;Lactobacillales;Lactobacillaceae;Lapidilactobacillus
LN500.2;ASV103;0;LN500;larvae;sorb-;5;2;Bacteria;Bacteroidota;Bacteroidia;Bacteroidales;Tannerellaceae;Parabacteroides
LN500.2;ASV106;0;LN500;larvae;sorb-;5;2;Bacteria;Proteobacteria;Gammaproteobacteria;Enterobacterales;Morganellaceae;Providencia
LN500.2;ASV109;0;LN500;larvae;sorb-;5;2;Bacteria;Proteobacteria;Alphaproteobacteria;Rhodobacterales;Rhodobacteraceae;Rubellimicrobium
LN500.2;ASV111;0;LN500;larvae;sorb-;5;2;Bacteria;Bacteroidota;Bacteroidia;Bacteroidales;Bacteroidaceae;Bacteroides
LN500.2;ASV115;0;LN500;larvae;sorb-;5;2;Bacteria;Proteobacteria;Gammaproteobacteria;Pseudomonadales;Alcanivoracaceae1;Alcanivorax
LN500.2;ASV117;0;LN500;larvae;sorb-;5;2;Bacteria;Actinobacteriota;Actinobacteria;Corynebacteriales;Corynebacteriaceae;Corynebacterium
LN500.2;ASV120;0;LN500;larvae;sorb-;5;2;Bacteria;Proteobacteria;Gammaproteobacteria;Burkholderiales;Sutterellaceae;Parasutterella
LN500.2;ASV124;0;LN500;larvae;sorb-;5;2;Bacteria;Firmicutes;Bacilli;Staphylococcales;Staphylococcaceae;Staphylococcus
LN500.2;ASV128;0;LN500;larvae;sorb-;5;2;Bacteria;Proteobacteria;Gammaproteobacteria;Burkholderiales;Hydrogenophilaceae;Tepidiphilus
LN500.2;ASV129;0;LN500;larvae;sorb-;5;2;Bacteria;Proteobacteria;Alphaproteobacteria;Rhizobiales;Beijerinckiaceae;Methylobacterium-Methylorubrum
LN500.2;ASV130;0;LN500;larvae;sorb-;5;2;Bacteria;Proteobacteria;Alphaproteobacteria;Sphingomonadales;Sphingomonadaceae;Sphingomonas
LN500.2;ASV132;0;LN500;larvae;sorb-;5;2;Bacteria;Bacteroidota;Bacteroidia;Bacteroidales;Bacteroidaceae;Bacteroides
LN500.2;ASV134;0;LN500;larvae;sorb-;5;2;Bacteria;Proteobacteria;Gammaproteobacteria;Burkholderiales;Comamonadaceae;
LN500.2;ASV137;0;LN500;larvae;sorb-;5;2;Bacteria;Proteobacteria;Gammaproteobacteria;Pseudomonadales;Pseudomonadaceae;Pseudomonas
LN500.2;ASV146;0;LN500;larvae;sorb-;5;2;Bacteria;Firmicutes;Negativicutes;Veillonellales-Selenomonadales;Veillonellaceae;Dialister
LN500.2;ASV147;0;LN500;larvae;sorb-;5;2;Bacteria;Proteobacteria;Gammaproteobacteria;Pseudomonadales;Moraxellaceae;Acinetobacter
LN500.2;ASV148;0;LN500;larvae;sorb-;5;2;Bacteria;Actinobacteriota;Actinobacteria;Micrococcales;Dermabacteraceae;Brachybacterium
LN500.2;ASV153;0;LN500;larvae;sorb-;5;2;Bacteria;Proteobacteria;Gammaproteobacteria;Pseudomonadales;Pseudomonadaceae;Pseudomonas
LN500.2;ASV155;0;LN500;larvae;sorb-;5;2;Bacteria;Proteobacteria;Gammaproteobacteria;Pseudomonadales;Halomonadaceae;Halomonas
LN500.2;ASV159;0;LN500;larvae;sorb-;5;2;Bacteria;Actinobacteriota;Thermoleophilia;Solirubrobacterales;67-14;
LN500.2;ASV160;0;LN500;larvae;sorb-;5;2;Bacteria;Proteobacteria;Gammaproteobacteria;Burkholderiales;Burkholderiaceae;Ralstonia
LN500.2;ASV162;0;LN500;larvae;sorb-;5;2;Bacteria;Proteobacteria;Gammaproteobacteria;Pseudomonadales;Moraxellaceae;Acinetobacter
LN500.2;ASV164;3;LN500;larvae;sorb-;5;2;Bacteria;Proteobacteria;Gammaproteobacteria;Pseudomonadales;Alcanivoracaceae1;Alcanivorax
LN500.2;ASV165;0;LN500;larvae;sorb-;5;2;Bacteria;Dependentiae;Babeliae;Babeliales;Vermiphilaceae;
LN500.2;ASV172;0;LN500;larvae;sorb-;5;2;Bacteria;Proteobacteria;Gammaproteobacteria;Enterobacterales;Pseudoalteromonadaceae;Pseudoalteromonas
LN500.2;ASV173;0;LN500;larvae;sorb-;5;2;Bacteria;Firmicutes;Bacilli;Lactobacillales;Carnobacteriaceae;Isobaculum
LN500.2;ASV174;0;LN500;larvae;sorb-;5;2;Bacteria;Firmicutes;Bacilli;Erysipelotrichales;Erysipelotrichaceae;Turicibacter
LN500.2;ASV175;0;LN500;larvae;sorb-;5;2;Bacteria;Actinobacteriota;Actinobacteria;Actinomycetales;Actinomycetaceae;Actinomyces
LN500.2;ASV176;0;LN500;larvae;sorb-;5;2;Bacteria;Proteobacteria;Gammaproteobacteria;Burkholderiales;Comamonadaceae;Aquabacterium
LN500.2;ASV178;0;LN500;larvae;sorb-;5;2;Bacteria;Proteobacteria;Gammaproteobacteria;Burkholderiales;Burkholderiaceae;Burkholderia-Caballeronia-Paraburkholderia
LN500.2;ASV182;0;LN500;larvae;sorb-;5;2;Bacteria;Proteobacteria;Gammaproteobacteria;Enterobacterales;Alteromonadaceae;Alteromonas
LN500.2;ASV183;0;LN500;larvae;sorb-;5;2;Bacteria;Proteobacteria;Gammaproteobacteria;Xanthomonadales;Xanthomonadaceae;Stenotrophomonas
LN500.2;ASV185;0;LN500;larvae;sorb-;5;2;Bacteria;Firmicutes;Bacilli;Bacillales;Bacillaceae;Anaerobacillus
LN500.2;ASV191;0;LN500;larvae;sorb-;5;2;Bacteria;Firmicutes;Clostridia;Oscillospirales;Ruminococcaceae;Faecalibacterium
LN500.2;ASV194;0;LN500;larvae;sorb-;5;2;Bacteria;Proteobacteria;Gammaproteobacteria;Burkholderiales;Comamonadaceae;
LN500.2;ASV195;0;LN500;larvae;sorb-;5;2;Bacteria;Firmicutes;Bacilli;Thermicanales;Thermicanaceae;Thermicanus
LN500.2;ASV197;0;LN500;larvae;sorb-;5;2;Bacteria;Firmicutes;Bacilli;Bacillales;Bacillaceae;Aeribacillus
LN500.2;ASV198;0;LN500;larvae;sorb-;5;2;Bacteria;Proteobacteria;Gammaproteobacteria;Burkholderiales;Comamonadaceae;
LN500.2;ASV200;0;LN500;larvae;sorb-;5;2;Bacteria;Proteobacteria;Gammaproteobacteria;Enterobacterales;Pseudoalteromonadaceae;Pseudoalteromonas
LN500.2;ASV206;0;LN500;larvae;sorb-;5;2;Bacteria;Firmicutes;Clostridia;Oscillospirales;Oscillospiraceae;UCG-002
LN500.2;ASV207;0;LN500;larvae;sorb-;5;2;Bacteria;Firmicutes;Negativicutes;Veillonellales-Selenomonadales;Veillonellaceae;Dialister
LN500.2;ASV208;0;LN500;larvae;sorb-;5;2;Bacteria;Actinobacteriota;Actinobacteria;Micromonosporales;Micromonosporaceae;Catellatospora
LN500.2;ASV211;0;LN500;larvae;sorb-;5;2;Bacteria;Firmicutes;Bacilli;Lactobacillales;Carnobacteriaceae;Atopostipes
LN500.2;ASV212;2;LN500;larvae;sorb-;5;2;Bacteria;Proteobacteria;Gammaproteobacteria;Xanthomonadales;Xanthomonadaceae;Stenotrophomonas
LN500.2;ASV213;0;LN500;larvae;sorb-;5;2;Bacteria;Proteobacteria;Gammaproteobacteria;Enterobacterales;Pseudoalteromonadaceae;Pseudoalteromonas
LN500.2;ASV214;0;LN500;larvae;sorb-;5;2;Bacteria;Proteobacteria;Gammaproteobacteria;Xanthomonadales;Xanthomonadaceae;Stenotrophomonas
LN500.2;ASV215;0;LN500;larvae;sorb-;5;2;Bacteria;Bacteroidota;Bacteroidia;Bacteroidales;Bacteroidaceae;Bacteroides
LN500.2;ASV216;0;LN500;larvae;sorb-;5;2;Bacteria;Proteobacteria;Gammaproteobacteria;Burkholderiales;Hydrogenophilaceae;Tepidiphilus
LN500.2;ASV217;0;LN500;larvae;sorb-;5;2;Bacteria;Proteobacteria;Gammaproteobacteria;Pseudomonadales;Alcanivoracaceae1;Alcanivorax
LN500.2;ASV218;0;LN500;larvae;sorb-;5;2;Bacteria;Proteobacteria;Gammaproteobacteria;Enterobacterales;Morganellaceae;Moellerella
LN500.2;ASV226;0;LN500;larvae;sorb-;5;2;Bacteria;Proteobacteria;Gammaproteobacteria;Burkholderiales;Oxalobacteraceae;Massilia
LN500.2;ASV235;0;LN500;larvae;sorb-;5;2;Bacteria;Actinobacteriota;Actinobacteria;Micrococcales;Micrococcaceae;Micrococcus
LN500.2;ASV236;0;LN500;larvae;sorb-;5;2;Bacteria;Proteobacteria;Gammaproteobacteria;Burkholderiales;Comamonadaceae;Schlegelella
LN500.2;ASV237;0;LN500;larvae;sorb-;5;2;Bacteria;Verrucomicrobiota;Verrucomicrobiae;Pedosphaerales;Pedosphaeraceae;
LN500.2;ASV239;0;LN500;larvae;sorb-;5;2;Bacteria;Actinobacteriota;Acidimicrobiia;Microtrichales;Ilumatobacteraceae;Ilumatobacter
LN500.2;ASV240;0;LN500;larvae;sorb-;5;2;Bacteria;Proteobacteria;Gammaproteobacteria;Xanthomonadales;Xanthomonadaceae;Lysobacter
LN500.2;ASV241;0;LN500;larvae;sorb-;5;2;Bacteria;Actinobacteriota;Actinobacteria;Micrococcales;Micrococcaceae;Micrococcus
LN500.2;ASV242;1;LN500;larvae;sorb-;5;2;Bacteria;Actinobacteriota;Actinobacteria;Actinomycetales;Actinomycetaceae;Actinomyces
LN500.2;ASV243;0;LN500;larvae;sorb-;5;2;Bacteria;Proteobacteria;Gammaproteobacteria;Xanthomonadales;Xanthomonadaceae;Stenotrophomonas
LN500.2;ASV244;0;LN500;larvae;sorb-;5;2;Bacteria;Proteobacteria;Gammaproteobacteria;Pseudomonadales;Moraxellaceae;Enhydrobacter
LN500.2;ASV246;0;LN500;larvae;sorb-;5;2;Bacteria;Proteobacteria;Gammaproteobacteria;Nitrosococcales;Methylophagaceae;Methylophaga
LN500.2;ASV247;0;LN500;larvae;sorb-;5;2;Bacteria;Bacteroidota;Bacteroidia;Bacteroidales;Bacteroidaceae;Bacteroides
LN500.2;ASV248;0;LN500;larvae;sorb-;5;2;Bacteria;Proteobacteria;Gammaproteobacteria;Burkholderiales;Comamonadaceae;Tepidimonas
LN500.2;ASV250;0;LN500;larvae;sorb-;5;2;Bacteria;Proteobacteria;Gammaproteobacteria;Pseudomonadales;Marinobacteraceae;Marinobacter
LN500.2;ASV251;0;LN500;larvae;sorb-;5;2;Bacteria;Actinobacteriota;Actinobacteria;Streptomycetales;Streptomycetaceae;Streptomyces
LN500.2;ASV252;0;LN500;larvae;sorb-;5;2;Bacteria;Firmicutes;Bacilli;Staphylococcales;Staphylococcaceae;
LN500.2;ASV253;0;LN500;larvae;sorb-;5;2;Bacteria;Planctomycetota;Planctomycetes;Gemmatales;Gemmataceae;
LN500.2;ASV282;0;LN500;larvae;sorb-;5;2;Bacteria;Firmicutes;Bacilli;Lactobacillales;Carnobacteriaceae;Isobaculum
LN500.2;ASV283;0;LN500;larvae;sorb-;5;2;Bacteria;Proteobacteria;Gammaproteobacteria;Burkholderiales;Alcaligenaceae;Alcaligenes
LN500.2;ASV284;0;LN500;larvae;sorb-;5;2;Bacteria;Firmicutes;Bacilli;Lactobacillales;Lactobacillaceae;Weissella
LN500.2;ASV287;0;LN500;larvae;sorb-;5;2;Bacteria;Myxococcota;Polyangia;Polyangiales;BIrii41;
LN500.2;ASV290;0;LN500;larvae;sorb-;5;2;Bacteria;Firmicutes;Clostridia;Oscillospirales;[Eubacterium] coprostanoligenes group;
LN500.2;ASV291;0;LN500;larvae;sorb-;5;2;Bacteria;Proteobacteria;Alphaproteobacteria;Rhizobiales;Amb-16S-1323;
LN500.2;ASV294;0;LN500;larvae;sorb-;5;2;Bacteria;Proteobacteria;Gammaproteobacteria;Burkholderiales;SC-I-84;
LN500.2;ASV295;0;LN500;larvae;sorb-;5;2;Bacteria;Actinobacteriota;Actinobacteria;Micromonosporales;Micromonosporaceae;Virgisporangium
LN500.2;ASV296;0;LN500;larvae;sorb-;5;2;Bacteria;Proteobacteria;Gammaproteobacteria;Pseudomonadales;Moraxellaceae;Acinetobacter
LN500.2;ASV297;0;LN500;larvae;sorb-;5;2;Bacteria;Actinobacteriota;Acidimicrobiia;Microtrichales;Ilumatobacteraceae;
LN500.2;ASV298;0;LN500;larvae;sorb-;5;2;Bacteria;Firmicutes;Bacilli;Paenibacillales;Paenibacillaceae;Paenibacillus
LN500.2;ASV299;0;LN500;larvae;sorb-;5;2;Bacteria;Actinobacteriota;Thermoleophilia;Solirubrobacterales;67-14;
LN500.2;ASV300;0;LN500;larvae;sorb-;5;2;Bacteria;Proteobacteria;Gammaproteobacteria;Enterobacterales;Vibrionaceae;
LN500.2;ASV304;0;LN500;larvae;sorb-;5;2;Bacteria;Firmicutes;Clostridia;Lachnospirales;Lachnospiraceae;[Ruminococcus] gauvreauii group
LN500.2;ASV305;0;LN500;larvae;sorb-;5;2;Bacteria;Actinobacteriota;Actinobacteria;Micrococcales;Brevibacteriaceae;Brevibacterium
LN500.2;ASV306;0;LN500;larvae;sorb-;5;2;Bacteria;Firmicutes;Bacilli;Lactobacillales;Lactobacillaceae;Weissella
LN500.2;ASV308;0;LN500;larvae;sorb-;5;2;Bacteria;Proteobacteria;Gammaproteobacteria;Burkholderiales;Oxalobacteraceae;Duganella
LN500.2;ASV309;0;LN500;larvae;sorb-;5;2;Bacteria;Firmicutes;Bacilli;Lactobacillales;Carnobacteriaceae;Isobaculum
LN500.2;ASV310;0;LN500;larvae;sorb-;5;2;Bacteria;Proteobacteria;Alphaproteobacteria;Rhodobacterales;Rhodobacteraceae;Paracoccus
LN500.2;ASV311;0;LN500;larvae;sorb-;5;2;Bacteria;Acidobacteriota;Vicinamibacteria;Vicinamibacterales;Vicinamibacteraceae;
LN500.2;ASV362;0;LN500;larvae;sorb-;5;2;Bacteria;Firmicutes;Bacilli;Lactobacillales;Lactobacillaceae;Lactobacillus
LN500.2;ASV363;0;LN500;larvae;sorb-;5;2;Bacteria;Bacteroidota;Bacteroidia;Bacteroidales;Tannerellaceae;Parabacteroides
LN500.2;ASV365;0;LN500;larvae;sorb-;5;2;Bacteria;Proteobacteria;Gammaproteobacteria;Burkholderiales;Burkholderiaceae;Ralstonia
LN500.2;ASV370;0;LN500;larvae;sorb-;5;2;Bacteria;Proteobacteria;Gammaproteobacteria;Burkholderiales;Rhodocyclaceae;
LN500.2;ASV371;0;LN500;larvae;sorb-;5;2;Bacteria;Firmicutes;Clostridia;Lachnospirales;Lachnospiraceae;Lachnospiraceae NK4A136 group
LN500.2;ASV374;0;LN500;larvae;sorb-;5;2;Bacteria;Gemmatimonadota;Gemmatimonadetes;Gemmatimonadales;Gemmatimonadaceae;Gemmatimonas
LN500.2;ASV376;0;LN500;larvae;sorb-;5;2;Bacteria;Acidobacteriota;Vicinamibacteria;Vicinamibacterales;Vicinamibacteraceae;Vicinamibacter
LN500.2;ASV383;0;LN500;larvae;sorb-;5;2;Bacteria;Proteobacteria;Gammaproteobacteria;Burkholderiales;Gallionellaceae;Gallionella
LN500.2;ASV389;0;LN500;larvae;sorb-;5;2;Bacteria;Proteobacteria;Alphaproteobacteria;Sphingomonadales;Sphingomonadaceae;Sphingobium
LN500.2;ASV393;0;LN500;larvae;sorb-;5;2;Bacteria;Firmicutes;Bacilli;Lactobacillales;Lactobacillaceae;Weissella
LN500.2;ASV394;0;LN500;larvae;sorb-;5;2;Bacteria;Proteobacteria;Gammaproteobacteria;Burkholderiales;Sutterellaceae;Parasutterella
LN500.2;ASV395;1;LN500;larvae;sorb-;5;2;Bacteria;Actinobacteriota;Actinobacteria;Frankiales;Cryptosporangiaceae;Cryptosporangium
LN500.2;ASV397;0;LN500;larvae;sorb-;5;2;Bacteria;Bacteroidota;Bacteroidia;Bacteroidales;Muribaculaceae;
LN500.2;ASV399;0;LN500;larvae;sorb-;5;2;Bacteria;Firmicutes;Bacilli;Paenibacillales;Paenibacillaceae;Paenibacillus
LN500.2;ASV400;0;LN500;larvae;sorb-;5;2;Bacteria;Proteobacteria;Gammaproteobacteria;Pseudomonadales;Moraxellaceae;Acinetobacter
LN500.2;ASV401;0;LN500;larvae;sorb-;5;2;Bacteria;Proteobacteria;Alphaproteobacteria;Caulobacterales;Caulobacteraceae;Brevundimonas
LN500.2;ASV402;0;LN500;larvae;sorb-;5;2;Bacteria;Proteobacteria;Gammaproteobacteria;Pseudomonadales;Moraxellaceae;Psychrobacter
LN500.2;ASV408;0;LN500;larvae;sorb-;5;2;Bacteria;Proteobacteria;Gammaproteobacteria;Burkholderiales;SC-I-84;
LN500.2;ASV410;0;LN500;larvae;sorb-;5;2;Bacteria;Proteobacteria;Alphaproteobacteria;Rhizobiales;Xanthobacteraceae;Bradyrhizobium
LN500.3;ASV1;24391;LN500;larvae;sorb-;5;3;Bacteria;Proteobacteria;Gammaproteobacteria;Enterobacterales;Morganellaceae;Providencia
LN500.3;ASV2;5966;LN500;larvae;sorb-;5;3;Bacteria;Proteobacteria;Gammaproteobacteria;Enterobacterales;Enterobacteriaceae;Klebsiella
LN500.3;ASV3;10821;LN500;larvae;sorb-;5;3;Bacteria;Proteobacteria;Gammaproteobacteria;Enterobacterales;Enterobacteriaceae;Enterobacter*
LN500.3;ASV4;3975;LN500;larvae;sorb-;5;3;Bacteria;Firmicutes;Bacilli;Lactobacillales;Enterococcaceae;Enterococcus
LN500.3;ASV5;1;LN500;larvae;sorb-;5;3;Bacteria;Firmicutes;Bacilli;Lactobacillales;Lactobacillaceae;Lactiplantibacillus
LN500.3;ASV6;7;LN500;larvae;sorb-;5;3;Bacteria;Firmicutes;Bacilli;Lactobacillales;Lactobacillaceae;Lactobacillus
LN500.3;ASV7;0;LN500;larvae;sorb-;5;3;Bacteria;Firmicutes;Bacilli;Lactobacillales;Lactobacillaceae;Weissella
LN500.3;ASV8;574;LN500;larvae;sorb-;5;3;Bacteria;Firmicutes;Bacilli;Lactobacillales;Enterococcaceae;Enterococcus
LN500.3;ASV9;13;LN500;larvae;sorb-;5;3;Bacteria;Firmicutes;Bacilli;Lactobacillales;Lactobacillaceae;Levilactobacillus
LN500.3;ASV13;0;LN500;larvae;sorb-;5;3;Bacteria;Firmicutes;Bacilli;Staphylococcales;Staphylococcaceae;Mammaliicoccus*
LN500.3;ASV14;46;LN500;larvae;sorb-;5;3;Bacteria;Firmicutes;Bacilli;Lactobacillales;Enterococcaceae;Enterococcus
LN500.3;ASV15;0;LN500;larvae;sorb-;5;3;Bacteria;Firmicutes;Bacilli;Lactobacillales;Lactobacillaceae;Lacticaseibacillus
LN500.3;ASV18;472;LN500;larvae;sorb-;5;3;Bacteria;Actinobacteriota;Actinobacteria;Actinomycetales;Actinomycetaceae;Actinomyces
LN500.3;ASV19;0;LN500;larvae;sorb-;5;3;Bacteria;Proteobacteria;Gammaproteobacteria;Enterobacterales;Morganellaceae;Proteus
LN500.3;ASV20;0;LN500;larvae;sorb-;5;3;Bacteria;Actinobacteriota;Actinobacteria;Corynebacteriales;Corynebacteriaceae;Corynebacterium
LN500.3;ASV21;20;LN500;larvae;sorb-;5;3;Bacteria;Firmicutes;Bacilli;Bacillales;Bacillaceae;Bacillus
LN500.3;ASV22;8;LN500;larvae;sorb-;5;3;Bacteria;Firmicutes;Bacilli;Lactobacillales;Lactobacillaceae;Lacticaseibacillus
LN500.3;ASV23;6;LN500;larvae;sorb-;5;3;Bacteria;Firmicutes;Bacilli;Lactobacillales;Lactobacillaceae;Limosilactobacillus
LN500.3;ASV24;8;LN500;larvae;sorb-;5;3;Bacteria;Proteobacteria;Gammaproteobacteria;Enterobacterales;Enterobacteriaceae;Escherichia-Shigella
LN500.3;ASV25;431;LN500;larvae;sorb-;5;3;Bacteria;Firmicutes;Bacilli;Lactobacillales;Enterococcaceae;Enterococcus
LN500.3;ASV28;0;LN500;larvae;sorb-;5;3;Bacteria;Firmicutes;Bacilli;Lactobacillales;Lactobacillaceae;Lacticaseibacillus
LN500.3;ASV34;77;LN500;larvae;sorb-;5;3;Bacteria;Proteobacteria;Gammaproteobacteria;Enterobacterales;Enterobacteriaceae;Klebsiella
LN500.3;ASV35;0;LN500;larvae;sorb-;5;3;Bacteria;Firmicutes;Bacilli;Lactobacillales;Lactobacillaceae;Weissella
LN500.3;ASV36;0;LN500;larvae;sorb-;5;3;Bacteria;Proteobacteria;Gammaproteobacteria;Enterobacterales;Morganellaceae;Providencia
LN500.3;ASV37;0;LN500;larvae;sorb-;5;3;Bacteria;Firmicutes;Bacilli;Lactobacillales;Lactobacillaceae;Pediococcus
LN500.3;ASV40;0;LN500;larvae;sorb-;5;3;Bacteria;Actinobacteriota;Actinobacteria;Corynebacteriales;Corynebacteriaceae;Corynebacterium
LN500.3;ASV43;0;LN500;larvae;sorb-;5;3;Bacteria;Proteobacteria;Gammaproteobacteria;Enterobacterales;Enterobacteriaceae;Enterobacter*
LN500.3;ASV44;84;LN500;larvae;sorb-;5;3;Bacteria;Firmicutes;Bacilli;Lactobacillales;Enterococcaceae;Enterococcus*
LN500.3;ASV46;32;LN500;larvae;sorb-;5;3;Bacteria;Firmicutes;Bacilli;Lactobacillales;Enterococcaceae;Enterococcus
LN500.3;ASV50;8;LN500;larvae;sorb-;5;3;Bacteria;Proteobacteria;Gammaproteobacteria;Pseudomonadales;Pseudomonadaceae;Pseudomonas
LN500.3;ASV53;0;LN500;larvae;sorb-;5;3;Bacteria;Actinobacteriota;Actinobacteria;Corynebacteriales;Corynebacteriaceae;Corynebacterium
LN500.3;ASV55;0;LN500;larvae;sorb-;5;3;Bacteria;Firmicutes;Bacilli;Bacillales;Bacillaceae;Bacillus
LN500.3;ASV58;0;LN500;larvae;sorb-;5;3;Bacteria;Actinobacteriota;Actinobacteria;Micrococcales;Brevibacteriaceae;Brevibacterium
LN500.3;ASV65;0;LN500;larvae;sorb-;5;3;Bacteria;Bacteroidota;Bacteroidia;Bacteroidales;Bacteroidaceae;Bacteroides
LN500.3;ASV66;0;LN500;larvae;sorb-;5;3;Bacteria;Firmicutes;Bacilli;Staphylococcales;Staphylococcaceae;Staphylococcus
LN500.3;ASV69;0;LN500;larvae;sorb-;5;3;Bacteria;Firmicutes;Bacilli;Bacillales;Planococcaceae;Uncult. bacterium*
LN500.3;ASV73;6;LN500;larvae;sorb-;5;3;Bacteria;Proteobacteria;Gammaproteobacteria;Burkholderiales;Burkholderiaceae;Ralstonia
LN500.3;ASV76;0;LN500;larvae;sorb-;5;3;Bacteria;Proteobacteria;Gammaproteobacteria;Pseudomonadales;Pseudomonadaceae;Pseudomonas
LN500.3;ASV83;2;LN500;larvae;sorb-;5;3;Bacteria;Proteobacteria;Gammaproteobacteria;Burkholderiales;Comamonadaceae;Delftia
LN500.3;ASV85;0;LN500;larvae;sorb-;5;3;Bacteria;Bacteroidota;Bacteroidia;Bacteroidales;Bacteroidaceae;Bacteroides
LN500.3;ASV86;0;LN500;larvae;sorb-;5;3;Bacteria;Bacteroidota;Bacteroidia;Bacteroidales;Bacteroidaceae;Bacteroides
LN500.3;ASV87;0;LN500;larvae;sorb-;5;3;Bacteria;Firmicutes;Bacilli;Lactobacillales;Streptococcaceae;Streptococcus
LN500.3;ASV90;0;LN500;larvae;sorb-;5;3;Bacteria;Proteobacteria;Gammaproteobacteria;Xanthomonadales;Xanthomonadaceae;Stenotrophomonas
LN500.3;ASV92;0;LN500;larvae;sorb-;5;3;Bacteria;Proteobacteria;Gammaproteobacteria;Enterobacterales;Yersiniaceae;Yersinia
LN500.3;ASV95;0;LN500;larvae;sorb-;5;3;Bacteria;Proteobacteria;Gammaproteobacteria;Pseudomonadales;Moraxellaceae;Psychrobacter
LN500.3;ASV98;0;LN500;larvae;sorb-;5;3;Bacteria;Proteobacteria;Gammaproteobacteria;Enterobacterales;Enterobacteriaceae;
LN500.3;ASV99;0;LN500;larvae;sorb-;5;3;Bacteria;Proteobacteria;Alphaproteobacteria;Sphingomonadales;Sphingomonadaceae;Sphingomonas
LN500.3;ASV100;0;LN500;larvae;sorb-;5;3;Bacteria;Firmicutes;Bacilli;Lactobacillales;Lactobacillaceae;Lapidilactobacillus
LN500.3;ASV103;0;LN500;larvae;sorb-;5;3;Bacteria;Bacteroidota;Bacteroidia;Bacteroidales;Tannerellaceae;Parabacteroides
LN500.3;ASV106;0;LN500;larvae;sorb-;5;3;Bacteria;Proteobacteria;Gammaproteobacteria;Enterobacterales;Morganellaceae;Providencia
LN500.3;ASV109;0;LN500;larvae;sorb-;5;3;Bacteria;Proteobacteria;Alphaproteobacteria;Rhodobacterales;Rhodobacteraceae;Rubellimicrobium
LN500.3;ASV111;0;LN500;larvae;sorb-;5;3;Bacteria;Bacteroidota;Bacteroidia;Bacteroidales;Bacteroidaceae;Bacteroides
LN500.3;ASV115;6;LN500;larvae;sorb-;5;3;Bacteria;Proteobacteria;Gammaproteobacteria;Pseudomonadales;Alcanivoracaceae1;Alcanivorax
LN500.3;ASV117;0;LN500;larvae;sorb-;5;3;Bacteria;Actinobacteriota;Actinobacteria;Corynebacteriales;Corynebacteriaceae;Corynebacterium
LN500.3;ASV120;0;LN500;larvae;sorb-;5;3;Bacteria;Proteobacteria;Gammaproteobacteria;Burkholderiales;Sutterellaceae;Parasutterella
LN500.3;ASV124;0;LN500;larvae;sorb-;5;3;Bacteria;Firmicutes;Bacilli;Staphylococcales;Staphylococcaceae;Staphylococcus
LN500.3;ASV128;0;LN500;larvae;sorb-;5;3;Bacteria;Proteobacteria;Gammaproteobacteria;Burkholderiales;Hydrogenophilaceae;Tepidiphilus
LN500.3;ASV129;0;LN500;larvae;sorb-;5;3;Bacteria;Proteobacteria;Alphaproteobacteria;Rhizobiales;Beijerinckiaceae;Methylobacterium-Methylorubrum
LN500.3;ASV130;0;LN500;larvae;sorb-;5;3;Bacteria;Proteobacteria;Alphaproteobacteria;Sphingomonadales;Sphingomonadaceae;Sphingomonas
LN500.3;ASV132;0;LN500;larvae;sorb-;5;3;Bacteria;Bacteroidota;Bacteroidia;Bacteroidales;Bacteroidaceae;Bacteroides
LN500.3;ASV134;0;LN500;larvae;sorb-;5;3;Bacteria;Proteobacteria;Gammaproteobacteria;Burkholderiales;Comamonadaceae;
LN500.3;ASV137;0;LN500;larvae;sorb-;5;3;Bacteria;Proteobacteria;Gammaproteobacteria;Pseudomonadales;Pseudomonadaceae;Pseudomonas
LN500.3;ASV146;0;LN500;larvae;sorb-;5;3;Bacteria;Firmicutes;Negativicutes;Veillonellales-Selenomonadales;Veillonellaceae;Dialister
LN500.3;ASV147;0;LN500;larvae;sorb-;5;3;Bacteria;Proteobacteria;Gammaproteobacteria;Pseudomonadales;Moraxellaceae;Acinetobacter
LN500.3;ASV148;0;LN500;larvae;sorb-;5;3;Bacteria;Actinobacteriota;Actinobacteria;Micrococcales;Dermabacteraceae;Brachybacterium
LN500.3;ASV153;0;LN500;larvae;sorb-;5;3;Bacteria;Proteobacteria;Gammaproteobacteria;Pseudomonadales;Pseudomonadaceae;Pseudomonas
LN500.3;ASV155;0;LN500;larvae;sorb-;5;3;Bacteria;Proteobacteria;Gammaproteobacteria;Pseudomonadales;Halomonadaceae;Halomonas
LN500.3;ASV159;0;LN500;larvae;sorb-;5;3;Bacteria;Actinobacteriota;Thermoleophilia;Solirubrobacterales;67-14;
LN500.3;ASV160;0;LN500;larvae;sorb-;5;3;Bacteria;Proteobacteria;Gammaproteobacteria;Burkholderiales;Burkholderiaceae;Ralstonia
LN500.3;ASV162;1;LN500;larvae;sorb-;5;3;Bacteria;Proteobacteria;Gammaproteobacteria;Pseudomonadales;Moraxellaceae;Acinetobacter
LN500.3;ASV164;0;LN500;larvae;sorb-;5;3;Bacteria;Proteobacteria;Gammaproteobacteria;Pseudomonadales;Alcanivoracaceae1;Alcanivorax
LN500.3;ASV165;0;LN500;larvae;sorb-;5;3;Bacteria;Dependentiae;Babeliae;Babeliales;Vermiphilaceae;
LN500.3;ASV172;0;LN500;larvae;sorb-;5;3;Bacteria;Proteobacteria;Gammaproteobacteria;Enterobacterales;Pseudoalteromonadaceae;Pseudoalteromonas
LN500.3;ASV173;3;LN500;larvae;sorb-;5;3;Bacteria;Firmicutes;Bacilli;Lactobacillales;Carnobacteriaceae;Isobaculum
LN500.3;ASV174;0;LN500;larvae;sorb-;5;3;Bacteria;Firmicutes;Bacilli;Erysipelotrichales;Erysipelotrichaceae;Turicibacter
LN500.3;ASV175;0;LN500;larvae;sorb-;5;3;Bacteria;Actinobacteriota;Actinobacteria;Actinomycetales;Actinomycetaceae;Actinomyces
LN500.3;ASV176;0;LN500;larvae;sorb-;5;3;Bacteria;Proteobacteria;Gammaproteobacteria;Burkholderiales;Comamonadaceae;Aquabacterium
LN500.3;ASV178;0;LN500;larvae;sorb-;5;3;Bacteria;Proteobacteria;Gammaproteobacteria;Burkholderiales;Burkholderiaceae;Burkholderia-Caballeronia-Paraburkholderia
LN500.3;ASV182;0;LN500;larvae;sorb-;5;3;Bacteria;Proteobacteria;Gammaproteobacteria;Enterobacterales;Alteromonadaceae;Alteromonas
LN500.3;ASV183;0;LN500;larvae;sorb-;5;3;Bacteria;Proteobacteria;Gammaproteobacteria;Xanthomonadales;Xanthomonadaceae;Stenotrophomonas
LN500.3;ASV185;0;LN500;larvae;sorb-;5;3;Bacteria;Firmicutes;Bacilli;Bacillales;Bacillaceae;Anaerobacillus
LN500.3;ASV191;0;LN500;larvae;sorb-;5;3;Bacteria;Firmicutes;Clostridia;Oscillospirales;Ruminococcaceae;Faecalibacterium
LN500.3;ASV194;0;LN500;larvae;sorb-;5;3;Bacteria;Proteobacteria;Gammaproteobacteria;Burkholderiales;Comamonadaceae;
LN500.3;ASV195;0;LN500;larvae;sorb-;5;3;Bacteria;Firmicutes;Bacilli;Thermicanales;Thermicanaceae;Thermicanus
LN500.3;ASV197;0;LN500;larvae;sorb-;5;3;Bacteria;Firmicutes;Bacilli;Bacillales;Bacillaceae;Aeribacillus
LN500.3;ASV198;0;LN500;larvae;sorb-;5;3;Bacteria;Proteobacteria;Gammaproteobacteria;Burkholderiales;Comamonadaceae;
LN500.3;ASV200;0;LN500;larvae;sorb-;5;3;Bacteria;Proteobacteria;Gammaproteobacteria;Enterobacterales;Pseudoalteromonadaceae;Pseudoalteromonas
LN500.3;ASV206;0;LN500;larvae;sorb-;5;3;Bacteria;Firmicutes;Clostridia;Oscillospirales;Oscillospiraceae;UCG-002
LN500.3;ASV207;0;LN500;larvae;sorb-;5;3;Bacteria;Firmicutes;Negativicutes;Veillonellales-Selenomonadales;Veillonellaceae;Dialister
LN500.3;ASV208;0;LN500;larvae;sorb-;5;3;Bacteria;Actinobacteriota;Actinobacteria;Micromonosporales;Micromonosporaceae;Catellatospora
LN500.3;ASV211;0;LN500;larvae;sorb-;5;3;Bacteria;Firmicutes;Bacilli;Lactobacillales;Carnobacteriaceae;Atopostipes
LN500.3;ASV212;0;LN500;larvae;sorb-;5;3;Bacteria;Proteobacteria;Gammaproteobacteria;Xanthomonadales;Xanthomonadaceae;Stenotrophomonas
LN500.3;ASV213;3;LN500;larvae;sorb-;5;3;Bacteria;Proteobacteria;Gammaproteobacteria;Enterobacterales;Pseudoalteromonadaceae;Pseudoalteromonas
LN500.3;ASV214;0;LN500;larvae;sorb-;5;3;Bacteria;Proteobacteria;Gammaproteobacteria;Xanthomonadales;Xanthomonadaceae;Stenotrophomonas
LN500.3;ASV215;0;LN500;larvae;sorb-;5;3;Bacteria;Bacteroidota;Bacteroidia;Bacteroidales;Bacteroidaceae;Bacteroides
LN500.3;ASV216;0;LN500;larvae;sorb-;5;3;Bacteria;Proteobacteria;Gammaproteobacteria;Burkholderiales;Hydrogenophilaceae;Tepidiphilus
LN500.3;ASV217;0;LN500;larvae;sorb-;5;3;Bacteria;Proteobacteria;Gammaproteobacteria;Pseudomonadales;Alcanivoracaceae1;Alcanivorax
LN500.3;ASV218;0;LN500;larvae;sorb-;5;3;Bacteria;Proteobacteria;Gammaproteobacteria;Enterobacterales;Morganellaceae;Moellerella
LN500.3;ASV226;0;LN500;larvae;sorb-;5;3;Bacteria;Proteobacteria;Gammaproteobacteria;Burkholderiales;Oxalobacteraceae;Massilia
LN500.3;ASV235;0;LN500;larvae;sorb-;5;3;Bacteria;Actinobacteriota;Actinobacteria;Micrococcales;Micrococcaceae;Micrococcus
LN500.3;ASV236;0;LN500;larvae;sorb-;5;3;Bacteria;Proteobacteria;Gammaproteobacteria;Burkholderiales;Comamonadaceae;Schlegelella
LN500.3;ASV237;0;LN500;larvae;sorb-;5;3;Bacteria;Verrucomicrobiota;Verrucomicrobiae;Pedosphaerales;Pedosphaeraceae;
LN500.3;ASV239;0;LN500;larvae;sorb-;5;3;Bacteria;Actinobacteriota;Acidimicrobiia;Microtrichales;Ilumatobacteraceae;Ilumatobacter
LN500.3;ASV240;0;LN500;larvae;sorb-;5;3;Bacteria;Proteobacteria;Gammaproteobacteria;Xanthomonadales;Xanthomonadaceae;Lysobacter
LN500.3;ASV241;0;LN500;larvae;sorb-;5;3;Bacteria;Actinobacteriota;Actinobacteria;Micrococcales;Micrococcaceae;Micrococcus
LN500.3;ASV242;0;LN500;larvae;sorb-;5;3;Bacteria;Actinobacteriota;Actinobacteria;Actinomycetales;Actinomycetaceae;Actinomyces
LN500.3;ASV243;0;LN500;larvae;sorb-;5;3;Bacteria;Proteobacteria;Gammaproteobacteria;Xanthomonadales;Xanthomonadaceae;Stenotrophomonas
LN500.3;ASV244;0;LN500;larvae;sorb-;5;3;Bacteria;Proteobacteria;Gammaproteobacteria;Pseudomonadales;Moraxellaceae;Enhydrobacter
LN500.3;ASV246;0;LN500;larvae;sorb-;5;3;Bacteria;Proteobacteria;Gammaproteobacteria;Nitrosococcales;Methylophagaceae;Methylophaga
LN500.3;ASV247;0;LN500;larvae;sorb-;5;3;Bacteria;Bacteroidota;Bacteroidia;Bacteroidales;Bacteroidaceae;Bacteroides
LN500.3;ASV248;0;LN500;larvae;sorb-;5;3;Bacteria;Proteobacteria;Gammaproteobacteria;Burkholderiales;Comamonadaceae;Tepidimonas
LN500.3;ASV250;0;LN500;larvae;sorb-;5;3;Bacteria;Proteobacteria;Gammaproteobacteria;Pseudomonadales;Marinobacteraceae;Marinobacter
LN500.3;ASV251;0;LN500;larvae;sorb-;5;3;Bacteria;Actinobacteriota;Actinobacteria;Streptomycetales;Streptomycetaceae;Streptomyces
LN500.3;ASV252;0;LN500;larvae;sorb-;5;3;Bacteria;Firmicutes;Bacilli;Staphylococcales;Staphylococcaceae;
LN500.3;ASV253;0;LN500;larvae;sorb-;5;3;Bacteria;Planctomycetota;Planctomycetes;Gemmatales;Gemmataceae;
LN500.3;ASV282;0;LN500;larvae;sorb-;5;3;Bacteria;Firmicutes;Bacilli;Lactobacillales;Carnobacteriaceae;Isobaculum
LN500.3;ASV283;0;LN500;larvae;sorb-;5;3;Bacteria;Proteobacteria;Gammaproteobacteria;Burkholderiales;Alcaligenaceae;Alcaligenes
LN500.3;ASV284;0;LN500;larvae;sorb-;5;3;Bacteria;Firmicutes;Bacilli;Lactobacillales;Lactobacillaceae;Weissella
LN500.3;ASV287;0;LN500;larvae;sorb-;5;3;Bacteria;Myxococcota;Polyangia;Polyangiales;BIrii41;
LN500.3;ASV290;0;LN500;larvae;sorb-;5;3;Bacteria;Firmicutes;Clostridia;Oscillospirales;[Eubacterium] coprostanoligenes group;
LN500.3;ASV291;0;LN500;larvae;sorb-;5;3;Bacteria;Proteobacteria;Alphaproteobacteria;Rhizobiales;Amb-16S-1323;
LN500.3;ASV294;0;LN500;larvae;sorb-;5;3;Bacteria;Proteobacteria;Gammaproteobacteria;Burkholderiales;SC-I-84;
LN500.3;ASV295;0;LN500;larvae;sorb-;5;3;Bacteria;Actinobacteriota;Actinobacteria;Micromonosporales;Micromonosporaceae;Virgisporangium
LN500.3;ASV296;0;LN500;larvae;sorb-;5;3;Bacteria;Proteobacteria;Gammaproteobacteria;Pseudomonadales;Moraxellaceae;Acinetobacter
LN500.3;ASV297;0;LN500;larvae;sorb-;5;3;Bacteria;Actinobacteriota;Acidimicrobiia;Microtrichales;Ilumatobacteraceae;
LN500.3;ASV298;0;LN500;larvae;sorb-;5;3;Bacteria;Firmicutes;Bacilli;Paenibacillales;Paenibacillaceae;Paenibacillus
LN500.3;ASV299;0;LN500;larvae;sorb-;5;3;Bacteria;Actinobacteriota;Thermoleophilia;Solirubrobacterales;67-14;
LN500.3;ASV300;0;LN500;larvae;sorb-;5;3;Bacteria;Proteobacteria;Gammaproteobacteria;Enterobacterales;Vibrionaceae;
LN500.3;ASV304;0;LN500;larvae;sorb-;5;3;Bacteria;Firmicutes;Clostridia;Lachnospirales;Lachnospiraceae;[Ruminococcus] gauvreauii group
LN500.3;ASV305;0;LN500;larvae;sorb-;5;3;Bacteria;Actinobacteriota;Actinobacteria;Micrococcales;Brevibacteriaceae;Brevibacterium
LN500.3;ASV306;0;LN500;larvae;sorb-;5;3;Bacteria;Firmicutes;Bacilli;Lactobacillales;Lactobacillaceae;Weissella
LN500.3;ASV308;0;LN500;larvae;sorb-;5;3;Bacteria;Proteobacteria;Gammaproteobacteria;Burkholderiales;Oxalobacteraceae;Duganella
LN500.3;ASV309;0;LN500;larvae;sorb-;5;3;Bacteria;Firmicutes;Bacilli;Lactobacillales;Carnobacteriaceae;Isobaculum
LN500.3;ASV310;0;LN500;larvae;sorb-;5;3;Bacteria;Proteobacteria;Alphaproteobacteria;Rhodobacterales;Rhodobacteraceae;Paracoccus
LN500.3;ASV311;0;LN500;larvae;sorb-;5;3;Bacteria;Acidobacteriota;Vicinamibacteria;Vicinamibacterales;Vicinamibacteraceae;
LN500.3;ASV362;0;LN500;larvae;sorb-;5;3;Bacteria;Firmicutes;Bacilli;Lactobacillales;Lactobacillaceae;Lactobacillus
LN500.3;ASV363;0;LN500;larvae;sorb-;5;3;Bacteria;Bacteroidota;Bacteroidia;Bacteroidales;Tannerellaceae;Parabacteroides
LN500.3;ASV365;0;LN500;larvae;sorb-;5;3;Bacteria;Proteobacteria;Gammaproteobacteria;Burkholderiales;Burkholderiaceae;Ralstonia
LN500.3;ASV370;0;LN500;larvae;sorb-;5;3;Bacteria;Proteobacteria;Gammaproteobacteria;Burkholderiales;Rhodocyclaceae;
LN500.3;ASV371;0;LN500;larvae;sorb-;5;3;Bacteria;Firmicutes;Clostridia;Lachnospirales;Lachnospiraceae;Lachnospiraceae NK4A136 group
LN500.3;ASV374;0;LN500;larvae;sorb-;5;3;Bacteria;Gemmatimonadota;Gemmatimonadetes;Gemmatimonadales;Gemmatimonadaceae;Gemmatimonas
LN500.3;ASV376;0;LN500;larvae;sorb-;5;3;Bacteria;Acidobacteriota;Vicinamibacteria;Vicinamibacterales;Vicinamibacteraceae;Vicinamibacter
LN500.3;ASV383;0;LN500;larvae;sorb-;5;3;Bacteria;Proteobacteria;Gammaproteobacteria;Burkholderiales;Gallionellaceae;Gallionella
LN500.3;ASV389;0;LN500;larvae;sorb-;5;3;Bacteria;Proteobacteria;Alphaproteobacteria;Sphingomonadales;Sphingomonadaceae;Sphingobium
LN500.3;ASV393;0;LN500;larvae;sorb-;5;3;Bacteria;Firmicutes;Bacilli;Lactobacillales;Lactobacillaceae;Weissella
LN500.3;ASV394;0;LN500;larvae;sorb-;5;3;Bacteria;Proteobacteria;Gammaproteobacteria;Burkholderiales;Sutterellaceae;Parasutterella
LN500.3;ASV395;0;LN500;larvae;sorb-;5;3;Bacteria;Actinobacteriota;Actinobacteria;Frankiales;Cryptosporangiaceae;Cryptosporangium
LN500.3;ASV397;0;LN500;larvae;sorb-;5;3;Bacteria;Bacteroidota;Bacteroidia;Bacteroidales;Muribaculaceae;
LN500.3;ASV399;0;LN500;larvae;sorb-;5;3;Bacteria;Firmicutes;Bacilli;Paenibacillales;Paenibacillaceae;Paenibacillus
LN500.3;ASV400;0;LN500;larvae;sorb-;5;3;Bacteria;Proteobacteria;Gammaproteobacteria;Pseudomonadales;Moraxellaceae;Acinetobacter
LN500.3;ASV401;0;LN500;larvae;sorb-;5;3;Bacteria;Proteobacteria;Alphaproteobacteria;Caulobacterales;Caulobacteraceae;Brevundimonas
LN500.3;ASV402;0;LN500;larvae;sorb-;5;3;Bacteria;Proteobacteria;Gammaproteobacteria;Pseudomonadales;Moraxellaceae;Psychrobacter
LN500.3;ASV408;0;LN500;larvae;sorb-;5;3;Bacteria;Proteobacteria;Gammaproteobacteria;Burkholderiales;SC-I-84;
LN500.3;ASV410;0;LN500;larvae;sorb-;5;3;Bacteria;Proteobacteria;Alphaproteobacteria;Rhizobiales;Xanthobacteraceae;Bradyrhizobium
LP125.1;ASV1;40213;LP125;larvae;sorb+;1.25;1;Bacteria;Proteobacteria;Gammaproteobacteria;Enterobacterales;Morganellaceae;Providencia
LP125.1;ASV2;2277;LP125;larvae;sorb+;1.25;1;Bacteria;Proteobacteria;Gammaproteobacteria;Enterobacterales;Enterobacteriaceae;Klebsiella
LP125.1;ASV3;0;LP125;larvae;sorb+;1.25;1;Bacteria;Proteobacteria;Gammaproteobacteria;Enterobacterales;Enterobacteriaceae;Enterobacter*
LP125.1;ASV4;4374;LP125;larvae;sorb+;1.25;1;Bacteria;Firmicutes;Bacilli;Lactobacillales;Enterococcaceae;Enterococcus
LP125.1;ASV5;0;LP125;larvae;sorb+;1.25;1;Bacteria;Firmicutes;Bacilli;Lactobacillales;Lactobacillaceae;Lactiplantibacillus
LP125.1;ASV6;0;LP125;larvae;sorb+;1.25;1;Bacteria;Firmicutes;Bacilli;Lactobacillales;Lactobacillaceae;Lactobacillus
LP125.1;ASV7;0;LP125;larvae;sorb+;1.25;1;Bacteria;Firmicutes;Bacilli;Lactobacillales;Lactobacillaceae;Weissella
LP125.1;ASV8;63;LP125;larvae;sorb+;1.25;1;Bacteria;Firmicutes;Bacilli;Lactobacillales;Enterococcaceae;Enterococcus
LP125.1;ASV9;0;LP125;larvae;sorb+;1.25;1;Bacteria;Firmicutes;Bacilli;Lactobacillales;Lactobacillaceae;Levilactobacillus
LP125.1;ASV13;0;LP125;larvae;sorb+;1.25;1;Bacteria;Firmicutes;Bacilli;Staphylococcales;Staphylococcaceae;Mammaliicoccus*
LP125.1;ASV14;0;LP125;larvae;sorb+;1.25;1;Bacteria;Firmicutes;Bacilli;Lactobacillales;Enterococcaceae;Enterococcus
LP125.1;ASV15;0;LP125;larvae;sorb+;1.25;1;Bacteria;Firmicutes;Bacilli;Lactobacillales;Lactobacillaceae;Lacticaseibacillus
LP125.1;ASV18;0;LP125;larvae;sorb+;1.25;1;Bacteria;Actinobacteriota;Actinobacteria;Actinomycetales;Actinomycetaceae;Actinomyces
LP125.1;ASV19;0;LP125;larvae;sorb+;1.25;1;Bacteria;Proteobacteria;Gammaproteobacteria;Enterobacterales;Morganellaceae;Proteus
LP125.1;ASV20;0;LP125;larvae;sorb+;1.25;1;Bacteria;Actinobacteriota;Actinobacteria;Corynebacteriales;Corynebacteriaceae;Corynebacterium
LP125.1;ASV21;3;LP125;larvae;sorb+;1.25;1;Bacteria;Firmicutes;Bacilli;Bacillales;Bacillaceae;Bacillus
LP125.1;ASV22;0;LP125;larvae;sorb+;1.25;1;Bacteria;Firmicutes;Bacilli;Lactobacillales;Lactobacillaceae;Lacticaseibacillus
LP125.1;ASV23;0;LP125;larvae;sorb+;1.25;1;Bacteria;Firmicutes;Bacilli;Lactobacillales;Lactobacillaceae;Limosilactobacillus
LP125.1;ASV24;0;LP125;larvae;sorb+;1.25;1;Bacteria;Proteobacteria;Gammaproteobacteria;Enterobacterales;Enterobacteriaceae;Escherichia-Shigella
LP125.1;ASV25;0;LP125;larvae;sorb+;1.25;1;Bacteria;Firmicutes;Bacilli;Lactobacillales;Enterococcaceae;Enterococcus
LP125.1;ASV28;0;LP125;larvae;sorb+;1.25;1;Bacteria;Firmicutes;Bacilli;Lactobacillales;Lactobacillaceae;Lacticaseibacillus
LP125.1;ASV34;0;LP125;larvae;sorb+;1.25;1;Bacteria;Proteobacteria;Gammaproteobacteria;Enterobacterales;Enterobacteriaceae;Klebsiella
LP125.1;ASV35;0;LP125;larvae;sorb+;1.25;1;Bacteria;Firmicutes;Bacilli;Lactobacillales;Lactobacillaceae;Weissella
LP125.1;ASV36;0;LP125;larvae;sorb+;1.25;1;Bacteria;Proteobacteria;Gammaproteobacteria;Enterobacterales;Morganellaceae;Providencia
LP125.1;ASV37;0;LP125;larvae;sorb+;1.25;1;Bacteria;Firmicutes;Bacilli;Lactobacillales;Lactobacillaceae;Pediococcus
LP125.1;ASV40;0;LP125;larvae;sorb+;1.25;1;Bacteria;Actinobacteriota;Actinobacteria;Corynebacteriales;Corynebacteriaceae;Corynebacterium
LP125.1;ASV43;0;LP125;larvae;sorb+;1.25;1;Bacteria;Proteobacteria;Gammaproteobacteria;Enterobacterales;Enterobacteriaceae;Enterobacter*
LP125.1;ASV44;0;LP125;larvae;sorb+;1.25;1;Bacteria;Firmicutes;Bacilli;Lactobacillales;Enterococcaceae;Enterococcus*
LP125.1;ASV46;0;LP125;larvae;sorb+;1.25;1;Bacteria;Firmicutes;Bacilli;Lactobacillales;Enterococcaceae;Enterococcus
LP125.1;ASV50;0;LP125;larvae;sorb+;1.25;1;Bacteria;Proteobacteria;Gammaproteobacteria;Pseudomonadales;Pseudomonadaceae;Pseudomonas
LP125.1;ASV53;0;LP125;larvae;sorb+;1.25;1;Bacteria;Actinobacteriota;Actinobacteria;Corynebacteriales;Corynebacteriaceae;Corynebacterium
LP125.1;ASV55;0;LP125;larvae;sorb+;1.25;1;Bacteria;Firmicutes;Bacilli;Bacillales;Bacillaceae;Bacillus
LP125.1;ASV58;0;LP125;larvae;sorb+;1.25;1;Bacteria;Actinobacteriota;Actinobacteria;Micrococcales;Brevibacteriaceae;Brevibacterium
LP125.1;ASV65;0;LP125;larvae;sorb+;1.25;1;Bacteria;Bacteroidota;Bacteroidia;Bacteroidales;Bacteroidaceae;Bacteroides
LP125.1;ASV66;0;LP125;larvae;sorb+;1.25;1;Bacteria;Firmicutes;Bacilli;Staphylococcales;Staphylococcaceae;Staphylococcus
LP125.1;ASV69;0;LP125;larvae;sorb+;1.25;1;Bacteria;Firmicutes;Bacilli;Bacillales;Planococcaceae;Uncult. bacterium*
LP125.1;ASV73;8;LP125;larvae;sorb+;1.25;1;Bacteria;Proteobacteria;Gammaproteobacteria;Burkholderiales;Burkholderiaceae;Ralstonia
LP125.1;ASV76;0;LP125;larvae;sorb+;1.25;1;Bacteria;Proteobacteria;Gammaproteobacteria;Pseudomonadales;Pseudomonadaceae;Pseudomonas
LP125.1;ASV83;0;LP125;larvae;sorb+;1.25;1;Bacteria;Proteobacteria;Gammaproteobacteria;Burkholderiales;Comamonadaceae;Delftia
LP125.1;ASV85;0;LP125;larvae;sorb+;1.25;1;Bacteria;Bacteroidota;Bacteroidia;Bacteroidales;Bacteroidaceae;Bacteroides
LP125.1;ASV86;0;LP125;larvae;sorb+;1.25;1;Bacteria;Bacteroidota;Bacteroidia;Bacteroidales;Bacteroidaceae;Bacteroides
LP125.1;ASV87;0;LP125;larvae;sorb+;1.25;1;Bacteria;Firmicutes;Bacilli;Lactobacillales;Streptococcaceae;Streptococcus
LP125.1;ASV90;0;LP125;larvae;sorb+;1.25;1;Bacteria;Proteobacteria;Gammaproteobacteria;Xanthomonadales;Xanthomonadaceae;Stenotrophomonas
LP125.1;ASV92;0;LP125;larvae;sorb+;1.25;1;Bacteria;Proteobacteria;Gammaproteobacteria;Enterobacterales;Yersiniaceae;Yersinia
LP125.1;ASV95;0;LP125;larvae;sorb+;1.25;1;Bacteria;Proteobacteria;Gammaproteobacteria;Pseudomonadales;Moraxellaceae;Psychrobacter
LP125.1;ASV98;0;LP125;larvae;sorb+;1.25;1;Bacteria;Proteobacteria;Gammaproteobacteria;Enterobacterales;Enterobacteriaceae;
LP125.1;ASV99;0;LP125;larvae;sorb+;1.25;1;Bacteria;Proteobacteria;Alphaproteobacteria;Sphingomonadales;Sphingomonadaceae;Sphingomonas
LP125.1;ASV100;0;LP125;larvae;sorb+;1.25;1;Bacteria;Firmicutes;Bacilli;Lactobacillales;Lactobacillaceae;Lapidilactobacillus
LP125.1;ASV103;0;LP125;larvae;sorb+;1.25;1;Bacteria;Bacteroidota;Bacteroidia;Bacteroidales;Tannerellaceae;Parabacteroides
LP125.1;ASV106;17;LP125;larvae;sorb+;1.25;1;Bacteria;Proteobacteria;Gammaproteobacteria;Enterobacterales;Morganellaceae;Providencia
LP125.1;ASV109;0;LP125;larvae;sorb+;1.25;1;Bacteria;Proteobacteria;Alphaproteobacteria;Rhodobacterales;Rhodobacteraceae;Rubellimicrobium
LP125.1;ASV111;0;LP125;larvae;sorb+;1.25;1;Bacteria;Bacteroidota;Bacteroidia;Bacteroidales;Bacteroidaceae;Bacteroides
LP125.1;ASV115;0;LP125;larvae;sorb+;1.25;1;Bacteria;Proteobacteria;Gammaproteobacteria;Pseudomonadales;Alcanivoracaceae1;Alcanivorax
LP125.1;ASV117;0;LP125;larvae;sorb+;1.25;1;Bacteria;Actinobacteriota;Actinobacteria;Corynebacteriales;Corynebacteriaceae;Corynebacterium
LP125.1;ASV120;0;LP125;larvae;sorb+;1.25;1;Bacteria;Proteobacteria;Gammaproteobacteria;Burkholderiales;Sutterellaceae;Parasutterella
LP125.1;ASV124;0;LP125;larvae;sorb+;1.25;1;Bacteria;Firmicutes;Bacilli;Staphylococcales;Staphylococcaceae;Staphylococcus
LP125.1;ASV128;0;LP125;larvae;sorb+;1.25;1;Bacteria;Proteobacteria;Gammaproteobacteria;Burkholderiales;Hydrogenophilaceae;Tepidiphilus
LP125.1;ASV129;0;LP125;larvae;sorb+;1.25;1;Bacteria;Proteobacteria;Alphaproteobacteria;Rhizobiales;Beijerinckiaceae;Methylobacterium-Methylorubrum
LP125.1;ASV130;0;LP125;larvae;sorb+;1.25;1;Bacteria;Proteobacteria;Alphaproteobacteria;Sphingomonadales;Sphingomonadaceae;Sphingomonas
LP125.1;ASV132;0;LP125;larvae;sorb+;1.25;1;Bacteria;Bacteroidota;Bacteroidia;Bacteroidales;Bacteroidaceae;Bacteroides
LP125.1;ASV134;0;LP125;larvae;sorb+;1.25;1;Bacteria;Proteobacteria;Gammaproteobacteria;Burkholderiales;Comamonadaceae;
LP125.1;ASV137;0;LP125;larvae;sorb+;1.25;1;Bacteria;Proteobacteria;Gammaproteobacteria;Pseudomonadales;Pseudomonadaceae;Pseudomonas
LP125.1;ASV146;0;LP125;larvae;sorb+;1.25;1;Bacteria;Firmicutes;Negativicutes;Veillonellales-Selenomonadales;Veillonellaceae;Dialister
LP125.1;ASV147;0;LP125;larvae;sorb+;1.25;1;Bacteria;Proteobacteria;Gammaproteobacteria;Pseudomonadales;Moraxellaceae;Acinetobacter
LP125.1;ASV148;2;LP125;larvae;sorb+;1.25;1;Bacteria;Actinobacteriota;Actinobacteria;Micrococcales;Dermabacteraceae;Brachybacterium
LP125.1;ASV153;0;LP125;larvae;sorb+;1.25;1;Bacteria;Proteobacteria;Gammaproteobacteria;Pseudomonadales;Pseudomonadaceae;Pseudomonas
LP125.1;ASV155;0;LP125;larvae;sorb+;1.25;1;Bacteria;Proteobacteria;Gammaproteobacteria;Pseudomonadales;Halomonadaceae;Halomonas
LP125.1;ASV159;0;LP125;larvae;sorb+;1.25;1;Bacteria;Actinobacteriota;Thermoleophilia;Solirubrobacterales;67-14;
LP125.1;ASV160;0;LP125;larvae;sorb+;1.25;1;Bacteria;Proteobacteria;Gammaproteobacteria;Burkholderiales;Burkholderiaceae;Ralstonia
LP125.1;ASV162;0;LP125;larvae;sorb+;1.25;1;Bacteria;Proteobacteria;Gammaproteobacteria;Pseudomonadales;Moraxellaceae;Acinetobacter
LP125.1;ASV164;0;LP125;larvae;sorb+;1.25;1;Bacteria;Proteobacteria;Gammaproteobacteria;Pseudomonadales;Alcanivoracaceae1;Alcanivorax
LP125.1;ASV165;0;LP125;larvae;sorb+;1.25;1;Bacteria;Dependentiae;Babeliae;Babeliales;Vermiphilaceae;
LP125.1;ASV172;0;LP125;larvae;sorb+;1.25;1;Bacteria;Proteobacteria;Gammaproteobacteria;Enterobacterales;Pseudoalteromonadaceae;Pseudoalteromonas
LP125.1;ASV173;0;LP125;larvae;sorb+;1.25;1;Bacteria;Firmicutes;Bacilli;Lactobacillales;Carnobacteriaceae;Isobaculum
LP125.1;ASV174;0;LP125;larvae;sorb+;1.25;1;Bacteria;Firmicutes;Bacilli;Erysipelotrichales;Erysipelotrichaceae;Turicibacter
LP125.1;ASV175;0;LP125;larvae;sorb+;1.25;1;Bacteria;Actinobacteriota;Actinobacteria;Actinomycetales;Actinomycetaceae;Actinomyces
LP125.1;ASV176;0;LP125;larvae;sorb+;1.25;1;Bacteria;Proteobacteria;Gammaproteobacteria;Burkholderiales;Comamonadaceae;Aquabacterium
LP125.1;ASV178;0;LP125;larvae;sorb+;1.25;1;Bacteria;Proteobacteria;Gammaproteobacteria;Burkholderiales;Burkholderiaceae;Burkholderia-Caballeronia-Paraburkholderia
LP125.1;ASV182;0;LP125;larvae;sorb+;1.25;1;Bacteria;Proteobacteria;Gammaproteobacteria;Enterobacterales;Alteromonadaceae;Alteromonas
LP125.1;ASV183;0;LP125;larvae;sorb+;1.25;1;Bacteria;Proteobacteria;Gammaproteobacteria;Xanthomonadales;Xanthomonadaceae;Stenotrophomonas
LP125.1;ASV185;0;LP125;larvae;sorb+;1.25;1;Bacteria;Firmicutes;Bacilli;Bacillales;Bacillaceae;Anaerobacillus
LP125.1;ASV191;0;LP125;larvae;sorb+;1.25;1;Bacteria;Firmicutes;Clostridia;Oscillospirales;Ruminococcaceae;Faecalibacterium
LP125.1;ASV194;4;LP125;larvae;sorb+;1.25;1;Bacteria;Proteobacteria;Gammaproteobacteria;Burkholderiales;Comamonadaceae;
LP125.1;ASV195;0;LP125;larvae;sorb+;1.25;1;Bacteria;Firmicutes;Bacilli;Thermicanales;Thermicanaceae;Thermicanus
LP125.1;ASV197;0;LP125;larvae;sorb+;1.25;1;Bacteria;Firmicutes;Bacilli;Bacillales;Bacillaceae;Aeribacillus
LP125.1;ASV198;0;LP125;larvae;sorb+;1.25;1;Bacteria;Proteobacteria;Gammaproteobacteria;Burkholderiales;Comamonadaceae;
LP125.1;ASV200;0;LP125;larvae;sorb+;1.25;1;Bacteria;Proteobacteria;Gammaproteobacteria;Enterobacterales;Pseudoalteromonadaceae;Pseudoalteromonas
LP125.1;ASV206;0;LP125;larvae;sorb+;1.25;1;Bacteria;Firmicutes;Clostridia;Oscillospirales;Oscillospiraceae;UCG-002
LP125.1;ASV207;0;LP125;larvae;sorb+;1.25;1;Bacteria;Firmicutes;Negativicutes;Veillonellales-Selenomonadales;Veillonellaceae;Dialister
LP125.1;ASV208;0;LP125;larvae;sorb+;1.25;1;Bacteria;Actinobacteriota;Actinobacteria;Micromonosporales;Micromonosporaceae;Catellatospora
LP125.1;ASV211;0;LP125;larvae;sorb+;1.25;1;Bacteria;Firmicutes;Bacilli;Lactobacillales;Carnobacteriaceae;Atopostipes
LP125.1;ASV212;0;LP125;larvae;sorb+;1.25;1;Bacteria;Proteobacteria;Gammaproteobacteria;Xanthomonadales;Xanthomonadaceae;Stenotrophomonas
LP125.1;ASV213;0;LP125;larvae;sorb+;1.25;1;Bacteria;Proteobacteria;Gammaproteobacteria;Enterobacterales;Pseudoalteromonadaceae;Pseudoalteromonas
LP125.1;ASV214;0;LP125;larvae;sorb+;1.25;1;Bacteria;Proteobacteria;Gammaproteobacteria;Xanthomonadales;Xanthomonadaceae;Stenotrophomonas
LP125.1;ASV215;0;LP125;larvae;sorb+;1.25;1;Bacteria;Bacteroidota;Bacteroidia;Bacteroidales;Bacteroidaceae;Bacteroides
LP125.1;ASV216;0;LP125;larvae;sorb+;1.25;1;Bacteria;Proteobacteria;Gammaproteobacteria;Burkholderiales;Hydrogenophilaceae;Tepidiphilus
LP125.1;ASV217;0;LP125;larvae;sorb+;1.25;1;Bacteria;Proteobacteria;Gammaproteobacteria;Pseudomonadales;Alcanivoracaceae1;Alcanivorax
LP125.1;ASV218;0;LP125;larvae;sorb+;1.25;1;Bacteria;Proteobacteria;Gammaproteobacteria;Enterobacterales;Morganellaceae;Moellerella
LP125.1;ASV226;0;LP125;larvae;sorb+;1.25;1;Bacteria;Proteobacteria;Gammaproteobacteria;Burkholderiales;Oxalobacteraceae;Massilia
LP125.1;ASV235;0;LP125;larvae;sorb+;1.25;1;Bacteria;Actinobacteriota;Actinobacteria;Micrococcales;Micrococcaceae;Micrococcus
LP125.1;ASV236;0;LP125;larvae;sorb+;1.25;1;Bacteria;Proteobacteria;Gammaproteobacteria;Burkholderiales;Comamonadaceae;Schlegelella
LP125.1;ASV237;0;LP125;larvae;sorb+;1.25;1;Bacteria;Verrucomicrobiota;Verrucomicrobiae;Pedosphaerales;Pedosphaeraceae;
LP125.1;ASV239;0;LP125;larvae;sorb+;1.25;1;Bacteria;Actinobacteriota;Acidimicrobiia;Microtrichales;Ilumatobacteraceae;Ilumatobacter
LP125.1;ASV240;0;LP125;larvae;sorb+;1.25;1;Bacteria;Proteobacteria;Gammaproteobacteria;Xanthomonadales;Xanthomonadaceae;Lysobacter
LP125.1;ASV241;0;LP125;larvae;sorb+;1.25;1;Bacteria;Actinobacteriota;Actinobacteria;Micrococcales;Micrococcaceae;Micrococcus
LP125.1;ASV242;0;LP125;larvae;sorb+;1.25;1;Bacteria;Actinobacteriota;Actinobacteria;Actinomycetales;Actinomycetaceae;Actinomyces
LP125.1;ASV243;0;LP125;larvae;sorb+;1.25;1;Bacteria;Proteobacteria;Gammaproteobacteria;Xanthomonadales;Xanthomonadaceae;Stenotrophomonas
LP125.1;ASV244;0;LP125;larvae;sorb+;1.25;1;Bacteria;Proteobacteria;Gammaproteobacteria;Pseudomonadales;Moraxellaceae;Enhydrobacter
LP125.1;ASV246;0;LP125;larvae;sorb+;1.25;1;Bacteria;Proteobacteria;Gammaproteobacteria;Nitrosococcales;Methylophagaceae;Methylophaga
LP125.1;ASV247;0;LP125;larvae;sorb+;1.25;1;Bacteria;Bacteroidota;Bacteroidia;Bacteroidales;Bacteroidaceae;Bacteroides
LP125.1;ASV248;0;LP125;larvae;sorb+;1.25;1;Bacteria;Proteobacteria;Gammaproteobacteria;Burkholderiales;Comamonadaceae;Tepidimonas
LP125.1;ASV250;0;LP125;larvae;sorb+;1.25;1;Bacteria;Proteobacteria;Gammaproteobacteria;Pseudomonadales;Marinobacteraceae;Marinobacter
LP125.1;ASV251;0;LP125;larvae;sorb+;1.25;1;Bacteria;Actinobacteriota;Actinobacteria;Streptomycetales;Streptomycetaceae;Streptomyces
LP125.1;ASV252;0;LP125;larvae;sorb+;1.25;1;Bacteria;Firmicutes;Bacilli;Staphylococcales;Staphylococcaceae;
LP125.1;ASV253;0;LP125;larvae;sorb+;1.25;1;Bacteria;Planctomycetota;Planctomycetes;Gemmatales;Gemmataceae;
LP125.1;ASV282;0;LP125;larvae;sorb+;1.25;1;Bacteria;Firmicutes;Bacilli;Lactobacillales;Carnobacteriaceae;Isobaculum
LP125.1;ASV283;0;LP125;larvae;sorb+;1.25;1;Bacteria;Proteobacteria;Gammaproteobacteria;Burkholderiales;Alcaligenaceae;Alcaligenes
LP125.1;ASV284;0;LP125;larvae;sorb+;1.25;1;Bacteria;Firmicutes;Bacilli;Lactobacillales;Lactobacillaceae;Weissella
LP125.1;ASV287;0;LP125;larvae;sorb+;1.25;1;Bacteria;Myxococcota;Polyangia;Polyangiales;BIrii41;
LP125.1;ASV290;0;LP125;larvae;sorb+;1.25;1;Bacteria;Firmicutes;Clostridia;Oscillospirales;[Eubacterium] coprostanoligenes group;
LP125.1;ASV291;0;LP125;larvae;sorb+;1.25;1;Bacteria;Proteobacteria;Alphaproteobacteria;Rhizobiales;Amb-16S-1323;
LP125.1;ASV294;0;LP125;larvae;sorb+;1.25;1;Bacteria;Proteobacteria;Gammaproteobacteria;Burkholderiales;SC-I-84;
LP125.1;ASV295;0;LP125;larvae;sorb+;1.25;1;Bacteria;Actinobacteriota;Actinobacteria;Micromonosporales;Micromonosporaceae;Virgisporangium
LP125.1;ASV296;0;LP125;larvae;sorb+;1.25;1;Bacteria;Proteobacteria;Gammaproteobacteria;Pseudomonadales;Moraxellaceae;Acinetobacter
LP125.1;ASV297;0;LP125;larvae;sorb+;1.25;1;Bacteria;Actinobacteriota;Acidimicrobiia;Microtrichales;Ilumatobacteraceae;
LP125.1;ASV298;0;LP125;larvae;sorb+;1.25;1;Bacteria;Firmicutes;Bacilli;Paenibacillales;Paenibacillaceae;Paenibacillus
LP125.1;ASV299;0;LP125;larvae;sorb+;1.25;1;Bacteria;Actinobacteriota;Thermoleophilia;Solirubrobacterales;67-14;
LP125.1;ASV300;0;LP125;larvae;sorb+;1.25;1;Bacteria;Proteobacteria;Gammaproteobacteria;Enterobacterales;Vibrionaceae;
LP125.1;ASV304;0;LP125;larvae;sorb+;1.25;1;Bacteria;Firmicutes;Clostridia;Lachnospirales;Lachnospiraceae;[Ruminococcus] gauvreauii group
LP125.1;ASV305;0;LP125;larvae;sorb+;1.25;1;Bacteria;Actinobacteriota;Actinobacteria;Micrococcales;Brevibacteriaceae;Brevibacterium
LP125.1;ASV306;0;LP125;larvae;sorb+;1.25;1;Bacteria;Firmicutes;Bacilli;Lactobacillales;Lactobacillaceae;Weissella
LP125.1;ASV308;0;LP125;larvae;sorb+;1.25;1;Bacteria;Proteobacteria;Gammaproteobacteria;Burkholderiales;Oxalobacteraceae;Duganella
LP125.1;ASV309;0;LP125;larvae;sorb+;1.25;1;Bacteria;Firmicutes;Bacilli;Lactobacillales;Carnobacteriaceae;Isobaculum
LP125.1;ASV310;0;LP125;larvae;sorb+;1.25;1;Bacteria;Proteobacteria;Alphaproteobacteria;Rhodobacterales;Rhodobacteraceae;Paracoccus
LP125.1;ASV311;0;LP125;larvae;sorb+;1.25;1;Bacteria;Acidobacteriota;Vicinamibacteria;Vicinamibacterales;Vicinamibacteraceae;
LP125.1;ASV362;0;LP125;larvae;sorb+;1.25;1;Bacteria;Firmicutes;Bacilli;Lactobacillales;Lactobacillaceae;Lactobacillus
LP125.1;ASV363;0;LP125;larvae;sorb+;1.25;1;Bacteria;Bacteroidota;Bacteroidia;Bacteroidales;Tannerellaceae;Parabacteroides
LP125.1;ASV365;0;LP125;larvae;sorb+;1.25;1;Bacteria;Proteobacteria;Gammaproteobacteria;Burkholderiales;Burkholderiaceae;Ralstonia
LP125.1;ASV370;0;LP125;larvae;sorb+;1.25;1;Bacteria;Proteobacteria;Gammaproteobacteria;Burkholderiales;Rhodocyclaceae;
LP125.1;ASV371;0;LP125;larvae;sorb+;1.25;1;Bacteria;Firmicutes;Clostridia;Lachnospirales;Lachnospiraceae;Lachnospiraceae NK4A136 group
LP125.1;ASV374;0;LP125;larvae;sorb+;1.25;1;Bacteria;Gemmatimonadota;Gemmatimonadetes;Gemmatimonadales;Gemmatimonadaceae;Gemmatimonas
LP125.1;ASV376;0;LP125;larvae;sorb+;1.25;1;Bacteria;Acidobacteriota;Vicinamibacteria;Vicinamibacterales;Vicinamibacteraceae;Vicinamibacter
LP125.1;ASV383;0;LP125;larvae;sorb+;1.25;1;Bacteria;Proteobacteria;Gammaproteobacteria;Burkholderiales;Gallionellaceae;Gallionella
LP125.1;ASV389;0;LP125;larvae;sorb+;1.25;1;Bacteria;Proteobacteria;Alphaproteobacteria;Sphingomonadales;Sphingomonadaceae;Sphingobium
LP125.1;ASV393;0;LP125;larvae;sorb+;1.25;1;Bacteria;Firmicutes;Bacilli;Lactobacillales;Lactobacillaceae;Weissella
LP125.1;ASV394;0;LP125;larvae;sorb+;1.25;1;Bacteria;Proteobacteria;Gammaproteobacteria;Burkholderiales;Sutterellaceae;Parasutterella
LP125.1;ASV395;0;LP125;larvae;sorb+;1.25;1;Bacteria;Actinobacteriota;Actinobacteria;Frankiales;Cryptosporangiaceae;Cryptosporangium
LP125.1;ASV397;0;LP125;larvae;sorb+;1.25;1;Bacteria;Bacteroidota;Bacteroidia;Bacteroidales;Muribaculaceae;
LP125.1;ASV399;0;LP125;larvae;sorb+;1.25;1;Bacteria;Firmicutes;Bacilli;Paenibacillales;Paenibacillaceae;Paenibacillus
LP125.1;ASV400;0;LP125;larvae;sorb+;1.25;1;Bacteria;Proteobacteria;Gammaproteobacteria;Pseudomonadales;Moraxellaceae;Acinetobacter
LP125.1;ASV401;0;LP125;larvae;sorb+;1.25;1;Bacteria;Proteobacteria;Alphaproteobacteria;Caulobacterales;Caulobacteraceae;Brevundimonas
LP125.1;ASV402;0;LP125;larvae;sorb+;1.25;1;Bacteria;Proteobacteria;Gammaproteobacteria;Pseudomonadales;Moraxellaceae;Psychrobacter
LP125.1;ASV408;0;LP125;larvae;sorb+;1.25;1;Bacteria;Proteobacteria;Gammaproteobacteria;Burkholderiales;SC-I-84;
LP125.1;ASV410;0;LP125;larvae;sorb+;1.25;1;Bacteria;Proteobacteria;Alphaproteobacteria;Rhizobiales;Xanthobacteraceae;Bradyrhizobium
LP125.2;ASV1;28928;LP125;larvae;sorb+;1.25;2;Bacteria;Proteobacteria;Gammaproteobacteria;Enterobacterales;Morganellaceae;Providencia
LP125.2;ASV2;10265;LP125;larvae;sorb+;1.25;2;Bacteria;Proteobacteria;Gammaproteobacteria;Enterobacterales;Enterobacteriaceae;Klebsiella
LP125.2;ASV3;1728;LP125;larvae;sorb+;1.25;2;Bacteria;Proteobacteria;Gammaproteobacteria;Enterobacterales;Enterobacteriaceae;Enterobacter*
LP125.2;ASV4;1894;LP125;larvae;sorb+;1.25;2;Bacteria;Firmicutes;Bacilli;Lactobacillales;Enterococcaceae;Enterococcus
LP125.2;ASV5;0;LP125;larvae;sorb+;1.25;2;Bacteria;Firmicutes;Bacilli;Lactobacillales;Lactobacillaceae;Lactiplantibacillus
LP125.2;ASV6;0;LP125;larvae;sorb+;1.25;2;Bacteria;Firmicutes;Bacilli;Lactobacillales;Lactobacillaceae;Lactobacillus
LP125.2;ASV7;3;LP125;larvae;sorb+;1.25;2;Bacteria;Firmicutes;Bacilli;Lactobacillales;Lactobacillaceae;Weissella
LP125.2;ASV8;295;LP125;larvae;sorb+;1.25;2;Bacteria;Firmicutes;Bacilli;Lactobacillales;Enterococcaceae;Enterococcus
LP125.2;ASV9;0;LP125;larvae;sorb+;1.25;2;Bacteria;Firmicutes;Bacilli;Lactobacillales;Lactobacillaceae;Levilactobacillus
LP125.2;ASV13;0;LP125;larvae;sorb+;1.25;2;Bacteria;Firmicutes;Bacilli;Staphylococcales;Staphylococcaceae;Mammaliicoccus*
LP125.2;ASV14;1382;LP125;larvae;sorb+;1.25;2;Bacteria;Firmicutes;Bacilli;Lactobacillales;Enterococcaceae;Enterococcus
LP125.2;ASV15;0;LP125;larvae;sorb+;1.25;2;Bacteria;Firmicutes;Bacilli;Lactobacillales;Lactobacillaceae;Lacticaseibacillus
LP125.2;ASV18;0;LP125;larvae;sorb+;1.25;2;Bacteria;Actinobacteriota;Actinobacteria;Actinomycetales;Actinomycetaceae;Actinomyces
LP125.2;ASV19;0;LP125;larvae;sorb+;1.25;2;Bacteria;Proteobacteria;Gammaproteobacteria;Enterobacterales;Morganellaceae;Proteus
LP125.2;ASV20;0;LP125;larvae;sorb+;1.25;2;Bacteria;Actinobacteriota;Actinobacteria;Corynebacteriales;Corynebacteriaceae;Corynebacterium
LP125.2;ASV21;0;LP125;larvae;sorb+;1.25;2;Bacteria;Firmicutes;Bacilli;Bacillales;Bacillaceae;Bacillus
LP125.2;ASV22;0;LP125;larvae;sorb+;1.25;2;Bacteria;Firmicutes;Bacilli;Lactobacillales;Lactobacillaceae;Lacticaseibacillus
LP125.2;ASV23;0;LP125;larvae;sorb+;1.25;2;Bacteria;Firmicutes;Bacilli;Lactobacillales;Lactobacillaceae;Limosilactobacillus
LP125.2;ASV24;0;LP125;larvae;sorb+;1.25;2;Bacteria;Proteobacteria;Gammaproteobacteria;Enterobacterales;Enterobacteriaceae;Escherichia-Shigella
LP125.2;ASV25;0;LP125;larvae;sorb+;1.25;2;Bacteria;Firmicutes;Bacilli;Lactobacillales;Enterococcaceae;Enterococcus
LP125.2;ASV28;0;LP125;larvae;sorb+;1.25;2;Bacteria;Firmicutes;Bacilli;Lactobacillales;Lactobacillaceae;Lacticaseibacillus
LP125.2;ASV34;0;LP125;larvae;sorb+;1.25;2;Bacteria;Proteobacteria;Gammaproteobacteria;Enterobacterales;Enterobacteriaceae;Klebsiella
LP125.2;ASV35;0;LP125;larvae;sorb+;1.25;2;Bacteria;Firmicutes;Bacilli;Lactobacillales;Lactobacillaceae;Weissella
LP125.2;ASV36;2315;LP125;larvae;sorb+;1.25;2;Bacteria;Proteobacteria;Gammaproteobacteria;Enterobacterales;Morganellaceae;Providencia
LP125.2;ASV37;0;LP125;larvae;sorb+;1.25;2;Bacteria;Firmicutes;Bacilli;Lactobacillales;Lactobacillaceae;Pediococcus
LP125.2;ASV40;0;LP125;larvae;sorb+;1.25;2;Bacteria;Actinobacteriota;Actinobacteria;Corynebacteriales;Corynebacteriaceae;Corynebacterium
LP125.2;ASV43;138;LP125;larvae;sorb+;1.25;2;Bacteria;Proteobacteria;Gammaproteobacteria;Enterobacterales;Enterobacteriaceae;Enterobacter*
LP125.2;ASV44;0;LP125;larvae;sorb+;1.25;2;Bacteria;Firmicutes;Bacilli;Lactobacillales;Enterococcaceae;Enterococcus*
LP125.2;ASV46;0;LP125;larvae;sorb+;1.25;2;Bacteria;Firmicutes;Bacilli;Lactobacillales;Enterococcaceae;Enterococcus
LP125.2;ASV50;1;LP125;larvae;sorb+;1.25;2;Bacteria;Proteobacteria;Gammaproteobacteria;Pseudomonadales;Pseudomonadaceae;Pseudomonas
LP125.2;ASV53;0;LP125;larvae;sorb+;1.25;2;Bacteria;Actinobacteriota;Actinobacteria;Corynebacteriales;Corynebacteriaceae;Corynebacterium
LP125.2;ASV55;0;LP125;larvae;sorb+;1.25;2;Bacteria;Firmicutes;Bacilli;Bacillales;Bacillaceae;Bacillus
LP125.2;ASV58;0;LP125;larvae;sorb+;1.25;2;Bacteria;Actinobacteriota;Actinobacteria;Micrococcales;Brevibacteriaceae;Brevibacterium
LP125.2;ASV65;0;LP125;larvae;sorb+;1.25;2;Bacteria;Bacteroidota;Bacteroidia;Bacteroidales;Bacteroidaceae;Bacteroides
LP125.2;ASV66;0;LP125;larvae;sorb+;1.25;2;Bacteria;Firmicutes;Bacilli;Staphylococcales;Staphylococcaceae;Staphylococcus
LP125.2;ASV69;0;LP125;larvae;sorb+;1.25;2;Bacteria;Firmicutes;Bacilli;Bacillales;Planococcaceae;Uncult. bacterium*
LP125.2;ASV73;3;LP125;larvae;sorb+;1.25;2;Bacteria;Proteobacteria;Gammaproteobacteria;Burkholderiales;Burkholderiaceae;Ralstonia
LP125.2;ASV76;0;LP125;larvae;sorb+;1.25;2;Bacteria;Proteobacteria;Gammaproteobacteria;Pseudomonadales;Pseudomonadaceae;Pseudomonas
LP125.2;ASV83;0;LP125;larvae;sorb+;1.25;2;Bacteria;Proteobacteria;Gammaproteobacteria;Burkholderiales;Comamonadaceae;Delftia
LP125.2;ASV85;0;LP125;larvae;sorb+;1.25;2;Bacteria;Bacteroidota;Bacteroidia;Bacteroidales;Bacteroidaceae;Bacteroides
LP125.2;ASV86;0;LP125;larvae;sorb+;1.25;2;Bacteria;Bacteroidota;Bacteroidia;Bacteroidales;Bacteroidaceae;Bacteroides
LP125.2;ASV87;0;LP125;larvae;sorb+;1.25;2;Bacteria;Firmicutes;Bacilli;Lactobacillales;Streptococcaceae;Streptococcus
LP125.2;ASV90;3;LP125;larvae;sorb+;1.25;2;Bacteria;Proteobacteria;Gammaproteobacteria;Xanthomonadales;Xanthomonadaceae;Stenotrophomonas
LP125.2;ASV92;0;LP125;larvae;sorb+;1.25;2;Bacteria;Proteobacteria;Gammaproteobacteria;Enterobacterales;Yersiniaceae;Yersinia
LP125.2;ASV95;5;LP125;larvae;sorb+;1.25;2;Bacteria;Proteobacteria;Gammaproteobacteria;Pseudomonadales;Moraxellaceae;Psychrobacter
LP125.2;ASV98;0;LP125;larvae;sorb+;1.25;2;Bacteria;Proteobacteria;Gammaproteobacteria;Enterobacterales;Enterobacteriaceae;
LP125.2;ASV99;0;LP125;larvae;sorb+;1.25;2;Bacteria;Proteobacteria;Alphaproteobacteria;Sphingomonadales;Sphingomonadaceae;Sphingomonas
LP125.2;ASV100;0;LP125;larvae;sorb+;1.25;2;Bacteria;Firmicutes;Bacilli;Lactobacillales;Lactobacillaceae;Lapidilactobacillus
LP125.2;ASV103;0;LP125;larvae;sorb+;1.25;2;Bacteria;Bacteroidota;Bacteroidia;Bacteroidales;Tannerellaceae;Parabacteroides
LP125.2;ASV106;0;LP125;larvae;sorb+;1.25;2;Bacteria;Proteobacteria;Gammaproteobacteria;Enterobacterales;Morganellaceae;Providencia
LP125.2;ASV109;0;LP125;larvae;sorb+;1.25;2;Bacteria;Proteobacteria;Alphaproteobacteria;Rhodobacterales;Rhodobacteraceae;Rubellimicrobium
LP125.2;ASV111;0;LP125;larvae;sorb+;1.25;2;Bacteria;Bacteroidota;Bacteroidia;Bacteroidales;Bacteroidaceae;Bacteroides
LP125.2;ASV115;0;LP125;larvae;sorb+;1.25;2;Bacteria;Proteobacteria;Gammaproteobacteria;Pseudomonadales;Alcanivoracaceae1;Alcanivorax
LP125.2;ASV117;0;LP125;larvae;sorb+;1.25;2;Bacteria;Actinobacteriota;Actinobacteria;Corynebacteriales;Corynebacteriaceae;Corynebacterium
LP125.2;ASV120;0;LP125;larvae;sorb+;1.25;2;Bacteria;Proteobacteria;Gammaproteobacteria;Burkholderiales;Sutterellaceae;Parasutterella
LP125.2;ASV124;0;LP125;larvae;sorb+;1.25;2;Bacteria;Firmicutes;Bacilli;Staphylococcales;Staphylococcaceae;Staphylococcus
LP125.2;ASV128;0;LP125;larvae;sorb+;1.25;2;Bacteria;Proteobacteria;Gammaproteobacteria;Burkholderiales;Hydrogenophilaceae;Tepidiphilus
LP125.2;ASV129;0;LP125;larvae;sorb+;1.25;2;Bacteria;Proteobacteria;Alphaproteobacteria;Rhizobiales;Beijerinckiaceae;Methylobacterium-Methylorubrum
LP125.2;ASV130;0;LP125;larvae;sorb+;1.25;2;Bacteria;Proteobacteria;Alphaproteobacteria;Sphingomonadales;Sphingomonadaceae;Sphingomonas
LP125.2;ASV132;0;LP125;larvae;sorb+;1.25;2;Bacteria;Bacteroidota;Bacteroidia;Bacteroidales;Bacteroidaceae;Bacteroides
LP125.2;ASV134;0;LP125;larvae;sorb+;1.25;2;Bacteria;Proteobacteria;Gammaproteobacteria;Burkholderiales;Comamonadaceae;
LP125.2;ASV137;0;LP125;larvae;sorb+;1.25;2;Bacteria;Proteobacteria;Gammaproteobacteria;Pseudomonadales;Pseudomonadaceae;Pseudomonas
LP125.2;ASV146;0;LP125;larvae;sorb+;1.25;2;Bacteria;Firmicutes;Negativicutes;Veillonellales-Selenomonadales;Veillonellaceae;Dialister
LP125.2;ASV147;0;LP125;larvae;sorb+;1.25;2;Bacteria;Proteobacteria;Gammaproteobacteria;Pseudomonadales;Moraxellaceae;Acinetobacter
LP125.2;ASV148;0;LP125;larvae;sorb+;1.25;2;Bacteria;Actinobacteriota;Actinobacteria;Micrococcales;Dermabacteraceae;Brachybacterium
LP125.2;ASV153;0;LP125;larvae;sorb+;1.25;2;Bacteria;Proteobacteria;Gammaproteobacteria;Pseudomonadales;Pseudomonadaceae;Pseudomonas
LP125.2;ASV155;0;LP125;larvae;sorb+;1.25;2;Bacteria;Proteobacteria;Gammaproteobacteria;Pseudomonadales;Halomonadaceae;Halomonas
LP125.2;ASV159;0;LP125;larvae;sorb+;1.25;2;Bacteria;Actinobacteriota;Thermoleophilia;Solirubrobacterales;67-14;
LP125.2;ASV160;0;LP125;larvae;sorb+;1.25;2;Bacteria;Proteobacteria;Gammaproteobacteria;Burkholderiales;Burkholderiaceae;Ralstonia
LP125.2;ASV162;0;LP125;larvae;sorb+;1.25;2;Bacteria;Proteobacteria;Gammaproteobacteria;Pseudomonadales;Moraxellaceae;Acinetobacter
LP125.2;ASV164;0;LP125;larvae;sorb+;1.25;2;Bacteria;Proteobacteria;Gammaproteobacteria;Pseudomonadales;Alcanivoracaceae1;Alcanivorax
LP125.2;ASV165;0;LP125;larvae;sorb+;1.25;2;Bacteria;Dependentiae;Babeliae;Babeliales;Vermiphilaceae;
LP125.2;ASV172;0;LP125;larvae;sorb+;1.25;2;Bacteria;Proteobacteria;Gammaproteobacteria;Enterobacterales;Pseudoalteromonadaceae;Pseudoalteromonas
LP125.2;ASV173;0;LP125;larvae;sorb+;1.25;2;Bacteria;Firmicutes;Bacilli;Lactobacillales;Carnobacteriaceae;Isobaculum
LP125.2;ASV174;0;LP125;larvae;sorb+;1.25;2;Bacteria;Firmicutes;Bacilli;Erysipelotrichales;Erysipelotrichaceae;Turicibacter
LP125.2;ASV175;0;LP125;larvae;sorb+;1.25;2;Bacteria;Actinobacteriota;Actinobacteria;Actinomycetales;Actinomycetaceae;Actinomyces
LP125.2;ASV176;0;LP125;larvae;sorb+;1.25;2;Bacteria;Proteobacteria;Gammaproteobacteria;Burkholderiales;Comamonadaceae;Aquabacterium
LP125.2;ASV178;0;LP125;larvae;sorb+;1.25;2;Bacteria;Proteobacteria;Gammaproteobacteria;Burkholderiales;Burkholderiaceae;Burkholderia-Caballeronia-Paraburkholderia
LP125.2;ASV182;0;LP125;larvae;sorb+;1.25;2;Bacteria;Proteobacteria;Gammaproteobacteria;Enterobacterales;Alteromonadaceae;Alteromonas
LP125.2;ASV183;0;LP125;larvae;sorb+;1.25;2;Bacteria;Proteobacteria;Gammaproteobacteria;Xanthomonadales;Xanthomonadaceae;Stenotrophomonas
LP125.2;ASV185;0;LP125;larvae;sorb+;1.25;2;Bacteria;Firmicutes;Bacilli;Bacillales;Bacillaceae;Anaerobacillus
LP125.2;ASV191;0;LP125;larvae;sorb+;1.25;2;Bacteria;Firmicutes;Clostridia;Oscillospirales;Ruminococcaceae;Faecalibacterium
LP125.2;ASV194;0;LP125;larvae;sorb+;1.25;2;Bacteria;Proteobacteria;Gammaproteobacteria;Burkholderiales;Comamonadaceae;
LP125.2;ASV195;0;LP125;larvae;sorb+;1.25;2;Bacteria;Firmicutes;Bacilli;Thermicanales;Thermicanaceae;Thermicanus
LP125.2;ASV197;0;LP125;larvae;sorb+;1.25;2;Bacteria;Firmicutes;Bacilli;Bacillales;Bacillaceae;Aeribacillus
LP125.2;ASV198;0;LP125;larvae;sorb+;1.25;2;Bacteria;Proteobacteria;Gammaproteobacteria;Burkholderiales;Comamonadaceae;
LP125.2;ASV200;0;LP125;larvae;sorb+;1.25;2;Bacteria;Proteobacteria;Gammaproteobacteria;Enterobacterales;Pseudoalteromonadaceae;Pseudoalteromonas
LP125.2;ASV206;0;LP125;larvae;sorb+;1.25;2;Bacteria;Firmicutes;Clostridia;Oscillospirales;Oscillospiraceae;UCG-002
LP125.2;ASV207;0;LP125;larvae;sorb+;1.25;2;Bacteria;Firmicutes;Negativicutes;Veillonellales-Selenomonadales;Veillonellaceae;Dialister
LP125.2;ASV208;0;LP125;larvae;sorb+;1.25;2;Bacteria;Actinobacteriota;Actinobacteria;Micromonosporales;Micromonosporaceae;Catellatospora
LP125.2;ASV211;0;LP125;larvae;sorb+;1.25;2;Bacteria;Firmicutes;Bacilli;Lactobacillales;Carnobacteriaceae;Atopostipes
LP125.2;ASV212;0;LP125;larvae;sorb+;1.25;2;Bacteria;Proteobacteria;Gammaproteobacteria;Xanthomonadales;Xanthomonadaceae;Stenotrophomonas
LP125.2;ASV213;0;LP125;larvae;sorb+;1.25;2;Bacteria;Proteobacteria;Gammaproteobacteria;Enterobacterales;Pseudoalteromonadaceae;Pseudoalteromonas
LP125.2;ASV214;0;LP125;larvae;sorb+;1.25;2;Bacteria;Proteobacteria;Gammaproteobacteria;Xanthomonadales;Xanthomonadaceae;Stenotrophomonas
LP125.2;ASV215;0;LP125;larvae;sorb+;1.25;2;Bacteria;Bacteroidota;Bacteroidia;Bacteroidales;Bacteroidaceae;Bacteroides
LP125.2;ASV216;0;LP125;larvae;sorb+;1.25;2;Bacteria;Proteobacteria;Gammaproteobacteria;Burkholderiales;Hydrogenophilaceae;Tepidiphilus
LP125.2;ASV217;0;LP125;larvae;sorb+;1.25;2;Bacteria;Proteobacteria;Gammaproteobacteria;Pseudomonadales;Alcanivoracaceae1;Alcanivorax
LP125.2;ASV218;0;LP125;larvae;sorb+;1.25;2;Bacteria;Proteobacteria;Gammaproteobacteria;Enterobacterales;Morganellaceae;Moellerella
LP125.2;ASV226;0;LP125;larvae;sorb+;1.25;2;Bacteria;Proteobacteria;Gammaproteobacteria;Burkholderiales;Oxalobacteraceae;Massilia
LP125.2;ASV235;0;LP125;larvae;sorb+;1.25;2;Bacteria;Actinobacteriota;Actinobacteria;Micrococcales;Micrococcaceae;Micrococcus
LP125.2;ASV236;0;LP125;larvae;sorb+;1.25;2;Bacteria;Proteobacteria;Gammaproteobacteria;Burkholderiales;Comamonadaceae;Schlegelella
LP125.2;ASV237;0;LP125;larvae;sorb+;1.25;2;Bacteria;Verrucomicrobiota;Verrucomicrobiae;Pedosphaerales;Pedosphaeraceae;
LP125.2;ASV239;0;LP125;larvae;sorb+;1.25;2;Bacteria;Actinobacteriota;Acidimicrobiia;Microtrichales;Ilumatobacteraceae;Ilumatobacter
LP125.2;ASV240;0;LP125;larvae;sorb+;1.25;2;Bacteria;Proteobacteria;Gammaproteobacteria;Xanthomonadales;Xanthomonadaceae;Lysobacter
LP125.2;ASV241;0;LP125;larvae;sorb+;1.25;2;Bacteria;Actinobacteriota;Actinobacteria;Micrococcales;Micrococcaceae;Micrococcus
LP125.2;ASV242;0;LP125;larvae;sorb+;1.25;2;Bacteria;Actinobacteriota;Actinobacteria;Actinomycetales;Actinomycetaceae;Actinomyces
LP125.2;ASV243;0;LP125;larvae;sorb+;1.25;2;Bacteria;Proteobacteria;Gammaproteobacteria;Xanthomonadales;Xanthomonadaceae;Stenotrophomonas
LP125.2;ASV244;0;LP125;larvae;sorb+;1.25;2;Bacteria;Proteobacteria;Gammaproteobacteria;Pseudomonadales;Moraxellaceae;Enhydrobacter
LP125.2;ASV246;0;LP125;larvae;sorb+;1.25;2;Bacteria;Proteobacteria;Gammaproteobacteria;Nitrosococcales;Methylophagaceae;Methylophaga
LP125.2;ASV247;0;LP125;larvae;sorb+;1.25;2;Bacteria;Bacteroidota;Bacteroidia;Bacteroidales;Bacteroidaceae;Bacteroides
LP125.2;ASV248;0;LP125;larvae;sorb+;1.25;2;Bacteria;Proteobacteria;Gammaproteobacteria;Burkholderiales;Comamonadaceae;Tepidimonas
LP125.2;ASV250;0;LP125;larvae;sorb+;1.25;2;Bacteria;Proteobacteria;Gammaproteobacteria;Pseudomonadales;Marinobacteraceae;Marinobacter
LP125.2;ASV251;0;LP125;larvae;sorb+;1.25;2;Bacteria;Actinobacteriota;Actinobacteria;Streptomycetales;Streptomycetaceae;Streptomyces
LP125.2;ASV252;0;LP125;larvae;sorb+;1.25;2;Bacteria;Firmicutes;Bacilli;Staphylococcales;Staphylococcaceae;
LP125.2;ASV253;0;LP125;larvae;sorb+;1.25;2;Bacteria;Planctomycetota;Planctomycetes;Gemmatales;Gemmataceae;
LP125.2;ASV282;0;LP125;larvae;sorb+;1.25;2;Bacteria;Firmicutes;Bacilli;Lactobacillales;Carnobacteriaceae;Isobaculum
LP125.2;ASV283;0;LP125;larvae;sorb+;1.25;2;Bacteria;Proteobacteria;Gammaproteobacteria;Burkholderiales;Alcaligenaceae;Alcaligenes
LP125.2;ASV284;0;LP125;larvae;sorb+;1.25;2;Bacteria;Firmicutes;Bacilli;Lactobacillales;Lactobacillaceae;Weissella
LP125.2;ASV287;0;LP125;larvae;sorb+;1.25;2;Bacteria;Myxococcota;Polyangia;Polyangiales;BIrii41;
LP125.2;ASV290;0;LP125;larvae;sorb+;1.25;2;Bacteria;Firmicutes;Clostridia;Oscillospirales;[Eubacterium] coprostanoligenes group;
LP125.2;ASV291;0;LP125;larvae;sorb+;1.25;2;Bacteria;Proteobacteria;Alphaproteobacteria;Rhizobiales;Amb-16S-1323;
LP125.2;ASV294;0;LP125;larvae;sorb+;1.25;2;Bacteria;Proteobacteria;Gammaproteobacteria;Burkholderiales;SC-I-84;
LP125.2;ASV295;0;LP125;larvae;sorb+;1.25;2;Bacteria;Actinobacteriota;Actinobacteria;Micromonosporales;Micromonosporaceae;Virgisporangium
LP125.2;ASV296;0;LP125;larvae;sorb+;1.25;2;Bacteria;Proteobacteria;Gammaproteobacteria;Pseudomonadales;Moraxellaceae;Acinetobacter
LP125.2;ASV297;0;LP125;larvae;sorb+;1.25;2;Bacteria;Actinobacteriota;Acidimicrobiia;Microtrichales;Ilumatobacteraceae;
LP125.2;ASV298;0;LP125;larvae;sorb+;1.25;2;Bacteria;Firmicutes;Bacilli;Paenibacillales;Paenibacillaceae;Paenibacillus
LP125.2;ASV299;0;LP125;larvae;sorb+;1.25;2;Bacteria;Actinobacteriota;Thermoleophilia;Solirubrobacterales;67-14;
LP125.2;ASV300;0;LP125;larvae;sorb+;1.25;2;Bacteria;Proteobacteria;Gammaproteobacteria;Enterobacterales;Vibrionaceae;
LP125.2;ASV304;0;LP125;larvae;sorb+;1.25;2;Bacteria;Firmicutes;Clostridia;Lachnospirales;Lachnospiraceae;[Ruminococcus] gauvreauii group
LP125.2;ASV305;0;LP125;larvae;sorb+;1.25;2;Bacteria;Actinobacteriota;Actinobacteria;Micrococcales;Brevibacteriaceae;Brevibacterium
LP125.2;ASV306;0;LP125;larvae;sorb+;1.25;2;Bacteria;Firmicutes;Bacilli;Lactobacillales;Lactobacillaceae;Weissella
LP125.2;ASV308;0;LP125;larvae;sorb+;1.25;2;Bacteria;Proteobacteria;Gammaproteobacteria;Burkholderiales;Oxalobacteraceae;Duganella
LP125.2;ASV309;0;LP125;larvae;sorb+;1.25;2;Bacteria;Firmicutes;Bacilli;Lactobacillales;Carnobacteriaceae;Isobaculum
LP125.2;ASV310;0;LP125;larvae;sorb+;1.25;2;Bacteria;Proteobacteria;Alphaproteobacteria;Rhodobacterales;Rhodobacteraceae;Paracoccus
LP125.2;ASV311;0;LP125;larvae;sorb+;1.25;2;Bacteria;Acidobacteriota;Vicinamibacteria;Vicinamibacterales;Vicinamibacteraceae;
LP125.2;ASV362;0;LP125;larvae;sorb+;1.25;2;Bacteria;Firmicutes;Bacilli;Lactobacillales;Lactobacillaceae;Lactobacillus
LP125.2;ASV363;0;LP125;larvae;sorb+;1.25;2;Bacteria;Bacteroidota;Bacteroidia;Bacteroidales;Tannerellaceae;Parabacteroides
LP125.2;ASV365;0;LP125;larvae;sorb+;1.25;2;Bacteria;Proteobacteria;Gammaproteobacteria;Burkholderiales;Burkholderiaceae;Ralstonia
LP125.2;ASV370;0;LP125;larvae;sorb+;1.25;2;Bacteria;Proteobacteria;Gammaproteobacteria;Burkholderiales;Rhodocyclaceae;
LP125.2;ASV371;0;LP125;larvae;sorb+;1.25;2;Bacteria;Firmicutes;Clostridia;Lachnospirales;Lachnospiraceae;Lachnospiraceae NK4A136 group
LP125.2;ASV374;0;LP125;larvae;sorb+;1.25;2;Bacteria;Gemmatimonadota;Gemmatimonadetes;Gemmatimonadales;Gemmatimonadaceae;Gemmatimonas
LP125.2;ASV376;0;LP125;larvae;sorb+;1.25;2;Bacteria;Acidobacteriota;Vicinamibacteria;Vicinamibacterales;Vicinamibacteraceae;Vicinamibacter
LP125.2;ASV383;0;LP125;larvae;sorb+;1.25;2;Bacteria;Proteobacteria;Gammaproteobacteria;Burkholderiales;Gallionellaceae;Gallionella
LP125.2;ASV389;0;LP125;larvae;sorb+;1.25;2;Bacteria;Proteobacteria;Alphaproteobacteria;Sphingomonadales;Sphingomonadaceae;Sphingobium
LP125.2;ASV393;0;LP125;larvae;sorb+;1.25;2;Bacteria;Firmicutes;Bacilli;Lactobacillales;Lactobacillaceae;Weissella
LP125.2;ASV394;0;LP125;larvae;sorb+;1.25;2;Bacteria;Proteobacteria;Gammaproteobacteria;Burkholderiales;Sutterellaceae;Parasutterella
LP125.2;ASV395;0;LP125;larvae;sorb+;1.25;2;Bacteria;Actinobacteriota;Actinobacteria;Frankiales;Cryptosporangiaceae;Cryptosporangium
LP125.2;ASV397;1;LP125;larvae;sorb+;1.25;2;Bacteria;Bacteroidota;Bacteroidia;Bacteroidales;Muribaculaceae;
LP125.2;ASV399;0;LP125;larvae;sorb+;1.25;2;Bacteria;Firmicutes;Bacilli;Paenibacillales;Paenibacillaceae;Paenibacillus
LP125.2;ASV400;0;LP125;larvae;sorb+;1.25;2;Bacteria;Proteobacteria;Gammaproteobacteria;Pseudomonadales;Moraxellaceae;Acinetobacter
LP125.2;ASV401;0;LP125;larvae;sorb+;1.25;2;Bacteria;Proteobacteria;Alphaproteobacteria;Caulobacterales;Caulobacteraceae;Brevundimonas
LP125.2;ASV402;0;LP125;larvae;sorb+;1.25;2;Bacteria;Proteobacteria;Gammaproteobacteria;Pseudomonadales;Moraxellaceae;Psychrobacter
LP125.2;ASV408;0;LP125;larvae;sorb+;1.25;2;Bacteria;Proteobacteria;Gammaproteobacteria;Burkholderiales;SC-I-84;
LP125.2;ASV410;0;LP125;larvae;sorb+;1.25;2;Bacteria;Proteobacteria;Alphaproteobacteria;Rhizobiales;Xanthobacteraceae;Bradyrhizobium
LP125.3;ASV1;12954;LP125;larvae;sorb+;1.25;3;Bacteria;Proteobacteria;Gammaproteobacteria;Enterobacterales;Morganellaceae;Providencia
LP125.3;ASV2;27736;LP125;larvae;sorb+;1.25;3;Bacteria;Proteobacteria;Gammaproteobacteria;Enterobacterales;Enterobacteriaceae;Klebsiella
LP125.3;ASV3;0;LP125;larvae;sorb+;1.25;3;Bacteria;Proteobacteria;Gammaproteobacteria;Enterobacterales;Enterobacteriaceae;Enterobacter*
LP125.3;ASV4;4928;LP125;larvae;sorb+;1.25;3;Bacteria;Firmicutes;Bacilli;Lactobacillales;Enterococcaceae;Enterococcus
LP125.3;ASV5;4;LP125;larvae;sorb+;1.25;3;Bacteria;Firmicutes;Bacilli;Lactobacillales;Lactobacillaceae;Lactiplantibacillus
LP125.3;ASV6;0;LP125;larvae;sorb+;1.25;3;Bacteria;Firmicutes;Bacilli;Lactobacillales;Lactobacillaceae;Lactobacillus
LP125.3;ASV7;0;LP125;larvae;sorb+;1.25;3;Bacteria;Firmicutes;Bacilli;Lactobacillales;Lactobacillaceae;Weissella
LP125.3;ASV8;1304;LP125;larvae;sorb+;1.25;3;Bacteria;Firmicutes;Bacilli;Lactobacillales;Enterococcaceae;Enterococcus
LP125.3;ASV9;0;LP125;larvae;sorb+;1.25;3;Bacteria;Firmicutes;Bacilli;Lactobacillales;Lactobacillaceae;Levilactobacillus
LP125.3;ASV13;0;LP125;larvae;sorb+;1.25;3;Bacteria;Firmicutes;Bacilli;Staphylococcales;Staphylococcaceae;Mammaliicoccus*
LP125.3;ASV14;0;LP125;larvae;sorb+;1.25;3;Bacteria;Firmicutes;Bacilli;Lactobacillales;Enterococcaceae;Enterococcus
LP125.3;ASV15;0;LP125;larvae;sorb+;1.25;3;Bacteria;Firmicutes;Bacilli;Lactobacillales;Lactobacillaceae;Lacticaseibacillus
LP125.3;ASV18;0;LP125;larvae;sorb+;1.25;3;Bacteria;Actinobacteriota;Actinobacteria;Actinomycetales;Actinomycetaceae;Actinomyces
LP125.3;ASV19;0;LP125;larvae;sorb+;1.25;3;Bacteria;Proteobacteria;Gammaproteobacteria;Enterobacterales;Morganellaceae;Proteus
LP125.3;ASV20;0;LP125;larvae;sorb+;1.25;3;Bacteria;Actinobacteriota;Actinobacteria;Corynebacteriales;Corynebacteriaceae;Corynebacterium
LP125.3;ASV21;12;LP125;larvae;sorb+;1.25;3;Bacteria;Firmicutes;Bacilli;Bacillales;Bacillaceae;Bacillus
LP125.3;ASV22;0;LP125;larvae;sorb+;1.25;3;Bacteria;Firmicutes;Bacilli;Lactobacillales;Lactobacillaceae;Lacticaseibacillus
LP125.3;ASV23;0;LP125;larvae;sorb+;1.25;3;Bacteria;Firmicutes;Bacilli;Lactobacillales;Lactobacillaceae;Limosilactobacillus
LP125.3;ASV24;0;LP125;larvae;sorb+;1.25;3;Bacteria;Proteobacteria;Gammaproteobacteria;Enterobacterales;Enterobacteriaceae;Escherichia-Shigella
LP125.3;ASV25;0;LP125;larvae;sorb+;1.25;3;Bacteria;Firmicutes;Bacilli;Lactobacillales;Enterococcaceae;Enterococcus
LP125.3;ASV28;0;LP125;larvae;sorb+;1.25;3;Bacteria;Firmicutes;Bacilli;Lactobacillales;Lactobacillaceae;Lacticaseibacillus
LP125.3;ASV34;0;LP125;larvae;sorb+;1.25;3;Bacteria;Proteobacteria;Gammaproteobacteria;Enterobacterales;Enterobacteriaceae;Klebsiella
LP125.3;ASV35;0;LP125;larvae;sorb+;1.25;3;Bacteria;Firmicutes;Bacilli;Lactobacillales;Lactobacillaceae;Weissella
LP125.3;ASV36;0;LP125;larvae;sorb+;1.25;3;Bacteria;Proteobacteria;Gammaproteobacteria;Enterobacterales;Morganellaceae;Providencia
LP125.3;ASV37;0;LP125;larvae;sorb+;1.25;3;Bacteria;Firmicutes;Bacilli;Lactobacillales;Lactobacillaceae;Pediococcus
LP125.3;ASV40;0;LP125;larvae;sorb+;1.25;3;Bacteria;Actinobacteriota;Actinobacteria;Corynebacteriales;Corynebacteriaceae;Corynebacterium
LP125.3;ASV43;0;LP125;larvae;sorb+;1.25;3;Bacteria;Proteobacteria;Gammaproteobacteria;Enterobacterales;Enterobacteriaceae;Enterobacter*
LP125.3;ASV44;0;LP125;larvae;sorb+;1.25;3;Bacteria;Firmicutes;Bacilli;Lactobacillales;Enterococcaceae;Enterococcus*
LP125.3;ASV46;0;LP125;larvae;sorb+;1.25;3;Bacteria;Firmicutes;Bacilli;Lactobacillales;Enterococcaceae;Enterococcus
LP125.3;ASV50;8;LP125;larvae;sorb+;1.25;3;Bacteria;Proteobacteria;Gammaproteobacteria;Pseudomonadales;Pseudomonadaceae;Pseudomonas
LP125.3;ASV53;0;LP125;larvae;sorb+;1.25;3;Bacteria;Actinobacteriota;Actinobacteria;Corynebacteriales;Corynebacteriaceae;Corynebacterium
LP125.3;ASV55;0;LP125;larvae;sorb+;1.25;3;Bacteria;Firmicutes;Bacilli;Bacillales;Bacillaceae;Bacillus
LP125.3;ASV58;0;LP125;larvae;sorb+;1.25;3;Bacteria;Actinobacteriota;Actinobacteria;Micrococcales;Brevibacteriaceae;Brevibacterium
LP125.3;ASV65;0;LP125;larvae;sorb+;1.25;3;Bacteria;Bacteroidota;Bacteroidia;Bacteroidales;Bacteroidaceae;Bacteroides
LP125.3;ASV66;0;LP125;larvae;sorb+;1.25;3;Bacteria;Firmicutes;Bacilli;Staphylococcales;Staphylococcaceae;Staphylococcus
LP125.3;ASV69;0;LP125;larvae;sorb+;1.25;3;Bacteria;Firmicutes;Bacilli;Bacillales;Planococcaceae;Uncult. bacterium*
LP125.3;ASV73;3;LP125;larvae;sorb+;1.25;3;Bacteria;Proteobacteria;Gammaproteobacteria;Burkholderiales;Burkholderiaceae;Ralstonia
LP125.3;ASV76;0;LP125;larvae;sorb+;1.25;3;Bacteria;Proteobacteria;Gammaproteobacteria;Pseudomonadales;Pseudomonadaceae;Pseudomonas
LP125.3;ASV83;0;LP125;larvae;sorb+;1.25;3;Bacteria;Proteobacteria;Gammaproteobacteria;Burkholderiales;Comamonadaceae;Delftia
LP125.3;ASV85;0;LP125;larvae;sorb+;1.25;3;Bacteria;Bacteroidota;Bacteroidia;Bacteroidales;Bacteroidaceae;Bacteroides
LP125.3;ASV86;0;LP125;larvae;sorb+;1.25;3;Bacteria;Bacteroidota;Bacteroidia;Bacteroidales;Bacteroidaceae;Bacteroides
LP125.3;ASV87;0;LP125;larvae;sorb+;1.25;3;Bacteria;Firmicutes;Bacilli;Lactobacillales;Streptococcaceae;Streptococcus
LP125.3;ASV90;0;LP125;larvae;sorb+;1.25;3;Bacteria;Proteobacteria;Gammaproteobacteria;Xanthomonadales;Xanthomonadaceae;Stenotrophomonas
LP125.3;ASV92;0;LP125;larvae;sorb+;1.25;3;Bacteria;Proteobacteria;Gammaproteobacteria;Enterobacterales;Yersiniaceae;Yersinia
LP125.3;ASV95;0;LP125;larvae;sorb+;1.25;3;Bacteria;Proteobacteria;Gammaproteobacteria;Pseudomonadales;Moraxellaceae;Psychrobacter
LP125.3;ASV98;0;LP125;larvae;sorb+;1.25;3;Bacteria;Proteobacteria;Gammaproteobacteria;Enterobacterales;Enterobacteriaceae;
LP125.3;ASV99;0;LP125;larvae;sorb+;1.25;3;Bacteria;Proteobacteria;Alphaproteobacteria;Sphingomonadales;Sphingomonadaceae;Sphingomonas
LP125.3;ASV100;0;LP125;larvae;sorb+;1.25;3;Bacteria;Firmicutes;Bacilli;Lactobacillales;Lactobacillaceae;Lapidilactobacillus
LP125.3;ASV103;0;LP125;larvae;sorb+;1.25;3;Bacteria;Bacteroidota;Bacteroidia;Bacteroidales;Tannerellaceae;Parabacteroides
LP125.3;ASV106;0;LP125;larvae;sorb+;1.25;3;Bacteria;Proteobacteria;Gammaproteobacteria;Enterobacterales;Morganellaceae;Providencia
LP125.3;ASV109;0;LP125;larvae;sorb+;1.25;3;Bacteria;Proteobacteria;Alphaproteobacteria;Rhodobacterales;Rhodobacteraceae;Rubellimicrobium
LP125.3;ASV111;0;LP125;larvae;sorb+;1.25;3;Bacteria;Bacteroidota;Bacteroidia;Bacteroidales;Bacteroidaceae;Bacteroides
LP125.3;ASV115;0;LP125;larvae;sorb+;1.25;3;Bacteria;Proteobacteria;Gammaproteobacteria;Pseudomonadales;Alcanivoracaceae1;Alcanivorax
LP125.3;ASV117;0;LP125;larvae;sorb+;1.25;3;Bacteria;Actinobacteriota;Actinobacteria;Corynebacteriales;Corynebacteriaceae;Corynebacterium
LP125.3;ASV120;0;LP125;larvae;sorb+;1.25;3;Bacteria;Proteobacteria;Gammaproteobacteria;Burkholderiales;Sutterellaceae;Parasutterella
LP125.3;ASV124;0;LP125;larvae;sorb+;1.25;3;Bacteria;Firmicutes;Bacilli;Staphylococcales;Staphylococcaceae;Staphylococcus
LP125.3;ASV128;0;LP125;larvae;sorb+;1.25;3;Bacteria;Proteobacteria;Gammaproteobacteria;Burkholderiales;Hydrogenophilaceae;Tepidiphilus
LP125.3;ASV129;0;LP125;larvae;sorb+;1.25;3;Bacteria;Proteobacteria;Alphaproteobacteria;Rhizobiales;Beijerinckiaceae;Methylobacterium-Methylorubrum
LP125.3;ASV130;0;LP125;larvae;sorb+;1.25;3;Bacteria;Proteobacteria;Alphaproteobacteria;Sphingomonadales;Sphingomonadaceae;Sphingomonas
LP125.3;ASV132;0;LP125;larvae;sorb+;1.25;3;Bacteria;Bacteroidota;Bacteroidia;Bacteroidales;Bacteroidaceae;Bacteroides
LP125.3;ASV134;9;LP125;larvae;sorb+;1.25;3;Bacteria;Proteobacteria;Gammaproteobacteria;Burkholderiales;Comamonadaceae;
LP125.3;ASV137;0;LP125;larvae;sorb+;1.25;3;Bacteria;Proteobacteria;Gammaproteobacteria;Pseudomonadales;Pseudomonadaceae;Pseudomonas
LP125.3;ASV146;0;LP125;larvae;sorb+;1.25;3;Bacteria;Firmicutes;Negativicutes;Veillonellales-Selenomonadales;Veillonellaceae;Dialister
LP125.3;ASV147;0;LP125;larvae;sorb+;1.25;3;Bacteria;Proteobacteria;Gammaproteobacteria;Pseudomonadales;Moraxellaceae;Acinetobacter
LP125.3;ASV148;0;LP125;larvae;sorb+;1.25;3;Bacteria;Actinobacteriota;Actinobacteria;Micrococcales;Dermabacteraceae;Brachybacterium
LP125.3;ASV153;0;LP125;larvae;sorb+;1.25;3;Bacteria;Proteobacteria;Gammaproteobacteria;Pseudomonadales;Pseudomonadaceae;Pseudomonas
LP125.3;ASV155;0;LP125;larvae;sorb+;1.25;3;Bacteria;Proteobacteria;Gammaproteobacteria;Pseudomonadales;Halomonadaceae;Halomonas
LP125.3;ASV159;0;LP125;larvae;sorb+;1.25;3;Bacteria;Actinobacteriota;Thermoleophilia;Solirubrobacterales;67-14;
LP125.3;ASV160;0;LP125;larvae;sorb+;1.25;3;Bacteria;Proteobacteria;Gammaproteobacteria;Burkholderiales;Burkholderiaceae;Ralstonia
LP125.3;ASV162;0;LP125;larvae;sorb+;1.25;3;Bacteria;Proteobacteria;Gammaproteobacteria;Pseudomonadales;Moraxellaceae;Acinetobacter
LP125.3;ASV164;0;LP125;larvae;sorb+;1.25;3;Bacteria;Proteobacteria;Gammaproteobacteria;Pseudomonadales;Alcanivoracaceae1;Alcanivorax
LP125.3;ASV165;0;LP125;larvae;sorb+;1.25;3;Bacteria;Dependentiae;Babeliae;Babeliales;Vermiphilaceae;
LP125.3;ASV172;0;LP125;larvae;sorb+;1.25;3;Bacteria;Proteobacteria;Gammaproteobacteria;Enterobacterales;Pseudoalteromonadaceae;Pseudoalteromonas
LP125.3;ASV173;0;LP125;larvae;sorb+;1.25;3;Bacteria;Firmicutes;Bacilli;Lactobacillales;Carnobacteriaceae;Isobaculum
LP125.3;ASV174;0;LP125;larvae;sorb+;1.25;3;Bacteria;Firmicutes;Bacilli;Erysipelotrichales;Erysipelotrichaceae;Turicibacter
LP125.3;ASV175;0;LP125;larvae;sorb+;1.25;3;Bacteria;Actinobacteriota;Actinobacteria;Actinomycetales;Actinomycetaceae;Actinomyces
LP125.3;ASV176;0;LP125;larvae;sorb+;1.25;3;Bacteria;Proteobacteria;Gammaproteobacteria;Burkholderiales;Comamonadaceae;Aquabacterium
LP125.3;ASV178;0;LP125;larvae;sorb+;1.25;3;Bacteria;Proteobacteria;Gammaproteobacteria;Burkholderiales;Burkholderiaceae;Burkholderia-Caballeronia-Paraburkholderia
LP125.3;ASV182;0;LP125;larvae;sorb+;1.25;3;Bacteria;Proteobacteria;Gammaproteobacteria;Enterobacterales;Alteromonadaceae;Alteromonas
LP125.3;ASV183;0;LP125;larvae;sorb+;1.25;3;Bacteria;Proteobacteria;Gammaproteobacteria;Xanthomonadales;Xanthomonadaceae;Stenotrophomonas
LP125.3;ASV185;0;LP125;larvae;sorb+;1.25;3;Bacteria;Firmicutes;Bacilli;Bacillales;Bacillaceae;Anaerobacillus
LP125.3;ASV191;0;LP125;larvae;sorb+;1.25;3;Bacteria;Firmicutes;Clostridia;Oscillospirales;Ruminococcaceae;Faecalibacterium
LP125.3;ASV194;0;LP125;larvae;sorb+;1.25;3;Bacteria;Proteobacteria;Gammaproteobacteria;Burkholderiales;Comamonadaceae;
LP125.3;ASV195;0;LP125;larvae;sorb+;1.25;3;Bacteria;Firmicutes;Bacilli;Thermicanales;Thermicanaceae;Thermicanus
LP125.3;ASV197;0;LP125;larvae;sorb+;1.25;3;Bacteria;Firmicutes;Bacilli;Bacillales;Bacillaceae;Aeribacillus
LP125.3;ASV198;0;LP125;larvae;sorb+;1.25;3;Bacteria;Proteobacteria;Gammaproteobacteria;Burkholderiales;Comamonadaceae;
LP125.3;ASV200;0;LP125;larvae;sorb+;1.25;3;Bacteria;Proteobacteria;Gammaproteobacteria;Enterobacterales;Pseudoalteromonadaceae;Pseudoalteromonas
LP125.3;ASV206;0;LP125;larvae;sorb+;1.25;3;Bacteria;Firmicutes;Clostridia;Oscillospirales;Oscillospiraceae;UCG-002
LP125.3;ASV207;0;LP125;larvae;sorb+;1.25;3;Bacteria;Firmicutes;Negativicutes;Veillonellales-Selenomonadales;Veillonellaceae;Dialister
LP125.3;ASV208;0;LP125;larvae;sorb+;1.25;3;Bacteria;Actinobacteriota;Actinobacteria;Micromonosporales;Micromonosporaceae;Catellatospora
LP125.3;ASV211;0;LP125;larvae;sorb+;1.25;3;Bacteria;Firmicutes;Bacilli;Lactobacillales;Carnobacteriaceae;Atopostipes
LP125.3;ASV212;0;LP125;larvae;sorb+;1.25;3;Bacteria;Proteobacteria;Gammaproteobacteria;Xanthomonadales;Xanthomonadaceae;Stenotrophomonas
LP125.3;ASV213;0;LP125;larvae;sorb+;1.25;3;Bacteria;Proteobacteria;Gammaproteobacteria;Enterobacterales;Pseudoalteromonadaceae;Pseudoalteromonas
LP125.3;ASV214;3;LP125;larvae;sorb+;1.25;3;Bacteria;Proteobacteria;Gammaproteobacteria;Xanthomonadales;Xanthomonadaceae;Stenotrophomonas
LP125.3;ASV215;0;LP125;larvae;sorb+;1.25;3;Bacteria;Bacteroidota;Bacteroidia;Bacteroidales;Bacteroidaceae;Bacteroides
LP125.3;ASV216;0;LP125;larvae;sorb+;1.25;3;Bacteria;Proteobacteria;Gammaproteobacteria;Burkholderiales;Hydrogenophilaceae;Tepidiphilus
LP125.3;ASV217;0;LP125;larvae;sorb+;1.25;3;Bacteria;Proteobacteria;Gammaproteobacteria;Pseudomonadales;Alcanivoracaceae1;Alcanivorax
LP125.3;ASV218;0;LP125;larvae;sorb+;1.25;3;Bacteria;Proteobacteria;Gammaproteobacteria;Enterobacterales;Morganellaceae;Moellerella
LP125.3;ASV226;0;LP125;larvae;sorb+;1.25;3;Bacteria;Proteobacteria;Gammaproteobacteria;Burkholderiales;Oxalobacteraceae;Massilia
LP125.3;ASV235;0;LP125;larvae;sorb+;1.25;3;Bacteria;Actinobacteriota;Actinobacteria;Micrococcales;Micrococcaceae;Micrococcus
LP125.3;ASV236;0;LP125;larvae;sorb+;1.25;3;Bacteria;Proteobacteria;Gammaproteobacteria;Burkholderiales;Comamonadaceae;Schlegelella
LP125.3;ASV237;0;LP125;larvae;sorb+;1.25;3;Bacteria;Verrucomicrobiota;Verrucomicrobiae;Pedosphaerales;Pedosphaeraceae;
LP125.3;ASV239;0;LP125;larvae;sorb+;1.25;3;Bacteria;Actinobacteriota;Acidimicrobiia;Microtrichales;Ilumatobacteraceae;Ilumatobacter
LP125.3;ASV240;0;LP125;larvae;sorb+;1.25;3;Bacteria;Proteobacteria;Gammaproteobacteria;Xanthomonadales;Xanthomonadaceae;Lysobacter
LP125.3;ASV241;0;LP125;larvae;sorb+;1.25;3;Bacteria;Actinobacteriota;Actinobacteria;Micrococcales;Micrococcaceae;Micrococcus
LP125.3;ASV242;0;LP125;larvae;sorb+;1.25;3;Bacteria;Actinobacteriota;Actinobacteria;Actinomycetales;Actinomycetaceae;Actinomyces
LP125.3;ASV243;0;LP125;larvae;sorb+;1.25;3;Bacteria;Proteobacteria;Gammaproteobacteria;Xanthomonadales;Xanthomonadaceae;Stenotrophomonas
LP125.3;ASV244;0;LP125;larvae;sorb+;1.25;3;Bacteria;Proteobacteria;Gammaproteobacteria;Pseudomonadales;Moraxellaceae;Enhydrobacter
LP125.3;ASV246;0;LP125;larvae;sorb+;1.25;3;Bacteria;Proteobacteria;Gammaproteobacteria;Nitrosococcales;Methylophagaceae;Methylophaga
LP125.3;ASV247;0;LP125;larvae;sorb+;1.25;3;Bacteria;Bacteroidota;Bacteroidia;Bacteroidales;Bacteroidaceae;Bacteroides
LP125.3;ASV248;0;LP125;larvae;sorb+;1.25;3;Bacteria;Proteobacteria;Gammaproteobacteria;Burkholderiales;Comamonadaceae;Tepidimonas
LP125.3;ASV250;0;LP125;larvae;sorb+;1.25;3;Bacteria;Proteobacteria;Gammaproteobacteria;Pseudomonadales;Marinobacteraceae;Marinobacter
LP125.3;ASV251;0;LP125;larvae;sorb+;1.25;3;Bacteria;Actinobacteriota;Actinobacteria;Streptomycetales;Streptomycetaceae;Streptomyces
LP125.3;ASV252;0;LP125;larvae;sorb+;1.25;3;Bacteria;Firmicutes;Bacilli;Staphylococcales;Staphylococcaceae;
LP125.3;ASV253;0;LP125;larvae;sorb+;1.25;3;Bacteria;Planctomycetota;Planctomycetes;Gemmatales;Gemmataceae;
LP125.3;ASV282;0;LP125;larvae;sorb+;1.25;3;Bacteria;Firmicutes;Bacilli;Lactobacillales;Carnobacteriaceae;Isobaculum
LP125.3;ASV283;0;LP125;larvae;sorb+;1.25;3;Bacteria;Proteobacteria;Gammaproteobacteria;Burkholderiales;Alcaligenaceae;Alcaligenes
LP125.3;ASV284;0;LP125;larvae;sorb+;1.25;3;Bacteria;Firmicutes;Bacilli;Lactobacillales;Lactobacillaceae;Weissella
LP125.3;ASV287;0;LP125;larvae;sorb+;1.25;3;Bacteria;Myxococcota;Polyangia;Polyangiales;BIrii41;
LP125.3;ASV290;0;LP125;larvae;sorb+;1.25;3;Bacteria;Firmicutes;Clostridia;Oscillospirales;[Eubacterium] coprostanoligenes group;
LP125.3;ASV291;0;LP125;larvae;sorb+;1.25;3;Bacteria;Proteobacteria;Alphaproteobacteria;Rhizobiales;Amb-16S-1323;
LP125.3;ASV294;0;LP125;larvae;sorb+;1.25;3;Bacteria;Proteobacteria;Gammaproteobacteria;Burkholderiales;SC-I-84;
LP125.3;ASV295;0;LP125;larvae;sorb+;1.25;3;Bacteria;Actinobacteriota;Actinobacteria;Micromonosporales;Micromonosporaceae;Virgisporangium
LP125.3;ASV296;0;LP125;larvae;sorb+;1.25;3;Bacteria;Proteobacteria;Gammaproteobacteria;Pseudomonadales;Moraxellaceae;Acinetobacter
LP125.3;ASV297;0;LP125;larvae;sorb+;1.25;3;Bacteria;Actinobacteriota;Acidimicrobiia;Microtrichales;Ilumatobacteraceae;
LP125.3;ASV298;0;LP125;larvae;sorb+;1.25;3;Bacteria;Firmicutes;Bacilli;Paenibacillales;Paenibacillaceae;Paenibacillus
LP125.3;ASV299;0;LP125;larvae;sorb+;1.25;3;Bacteria;Actinobacteriota;Thermoleophilia;Solirubrobacterales;67-14;
LP125.3;ASV300;0;LP125;larvae;sorb+;1.25;3;Bacteria;Proteobacteria;Gammaproteobacteria;Enterobacterales;Vibrionaceae;
LP125.3;ASV304;0;LP125;larvae;sorb+;1.25;3;Bacteria;Firmicutes;Clostridia;Lachnospirales;Lachnospiraceae;[Ruminococcus] gauvreauii group
LP125.3;ASV305;0;LP125;larvae;sorb+;1.25;3;Bacteria;Actinobacteriota;Actinobacteria;Micrococcales;Brevibacteriaceae;Brevibacterium
LP125.3;ASV306;0;LP125;larvae;sorb+;1.25;3;Bacteria;Firmicutes;Bacilli;Lactobacillales;Lactobacillaceae;Weissella
LP125.3;ASV308;0;LP125;larvae;sorb+;1.25;3;Bacteria;Proteobacteria;Gammaproteobacteria;Burkholderiales;Oxalobacteraceae;Duganella
LP125.3;ASV309;0;LP125;larvae;sorb+;1.25;3;Bacteria;Firmicutes;Bacilli;Lactobacillales;Carnobacteriaceae;Isobaculum
LP125.3;ASV310;0;LP125;larvae;sorb+;1.25;3;Bacteria;Proteobacteria;Alphaproteobacteria;Rhodobacterales;Rhodobacteraceae;Paracoccus
LP125.3;ASV311;0;LP125;larvae;sorb+;1.25;3;Bacteria;Acidobacteriota;Vicinamibacteria;Vicinamibacterales;Vicinamibacteraceae;
LP125.3;ASV362;0;LP125;larvae;sorb+;1.25;3;Bacteria;Firmicutes;Bacilli;Lactobacillales;Lactobacillaceae;Lactobacillus
LP125.3;ASV363;0;LP125;larvae;sorb+;1.25;3;Bacteria;Bacteroidota;Bacteroidia;Bacteroidales;Tannerellaceae;Parabacteroides
LP125.3;ASV365;0;LP125;larvae;sorb+;1.25;3;Bacteria;Proteobacteria;Gammaproteobacteria;Burkholderiales;Burkholderiaceae;Ralstonia
LP125.3;ASV370;0;LP125;larvae;sorb+;1.25;3;Bacteria;Proteobacteria;Gammaproteobacteria;Burkholderiales;Rhodocyclaceae;
LP125.3;ASV371;0;LP125;larvae;sorb+;1.25;3;Bacteria;Firmicutes;Clostridia;Lachnospirales;Lachnospiraceae;Lachnospiraceae NK4A136 group
LP125.3;ASV374;0;LP125;larvae;sorb+;1.25;3;Bacteria;Gemmatimonadota;Gemmatimonadetes;Gemmatimonadales;Gemmatimonadaceae;Gemmatimonas
LP125.3;ASV376;0;LP125;larvae;sorb+;1.25;3;Bacteria;Acidobacteriota;Vicinamibacteria;Vicinamibacterales;Vicinamibacteraceae;Vicinamibacter
LP125.3;ASV383;0;LP125;larvae;sorb+;1.25;3;Bacteria;Proteobacteria;Gammaproteobacteria;Burkholderiales;Gallionellaceae;Gallionella
LP125.3;ASV389;0;LP125;larvae;sorb+;1.25;3;Bacteria;Proteobacteria;Alphaproteobacteria;Sphingomonadales;Sphingomonadaceae;Sphingobium
LP125.3;ASV393;0;LP125;larvae;sorb+;1.25;3;Bacteria;Firmicutes;Bacilli;Lactobacillales;Lactobacillaceae;Weissella
LP125.3;ASV394;0;LP125;larvae;sorb+;1.25;3;Bacteria;Proteobacteria;Gammaproteobacteria;Burkholderiales;Sutterellaceae;Parasutterella
LP125.3;ASV395;0;LP125;larvae;sorb+;1.25;3;Bacteria;Actinobacteriota;Actinobacteria;Frankiales;Cryptosporangiaceae;Cryptosporangium
LP125.3;ASV397;0;LP125;larvae;sorb+;1.25;3;Bacteria;Bacteroidota;Bacteroidia;Bacteroidales;Muribaculaceae;
LP125.3;ASV399;0;LP125;larvae;sorb+;1.25;3;Bacteria;Firmicutes;Bacilli;Paenibacillales;Paenibacillaceae;Paenibacillus
LP125.3;ASV400;0;LP125;larvae;sorb+;1.25;3;Bacteria;Proteobacteria;Gammaproteobacteria;Pseudomonadales;Moraxellaceae;Acinetobacter
LP125.3;ASV401;0;LP125;larvae;sorb+;1.25;3;Bacteria;Proteobacteria;Alphaproteobacteria;Caulobacterales;Caulobacteraceae;Brevundimonas
LP125.3;ASV402;0;LP125;larvae;sorb+;1.25;3;Bacteria;Proteobacteria;Gammaproteobacteria;Pseudomonadales;Moraxellaceae;Psychrobacter
LP125.3;ASV408;0;LP125;larvae;sorb+;1.25;3;Bacteria;Proteobacteria;Gammaproteobacteria;Burkholderiales;SC-I-84;
LP125.3;ASV410;0;LP125;larvae;sorb+;1.25;3;Bacteria;Proteobacteria;Alphaproteobacteria;Rhizobiales;Xanthobacteraceae;Bradyrhizobium
LP250.1;ASV1;1165;LP250;larvae;sorb+;2.5;1;Bacteria;Proteobacteria;Gammaproteobacteria;Enterobacterales;Morganellaceae;Providencia
LP250.1;ASV2;34142;LP250;larvae;sorb+;2.5;1;Bacteria;Proteobacteria;Gammaproteobacteria;Enterobacterales;Enterobacteriaceae;Klebsiella
LP250.1;ASV3;0;LP250;larvae;sorb+;2.5;1;Bacteria;Proteobacteria;Gammaproteobacteria;Enterobacterales;Enterobacteriaceae;Enterobacter*
LP250.1;ASV4;10149;LP250;larvae;sorb+;2.5;1;Bacteria;Firmicutes;Bacilli;Lactobacillales;Enterococcaceae;Enterococcus
LP250.1;ASV5;11;LP250;larvae;sorb+;2.5;1;Bacteria;Firmicutes;Bacilli;Lactobacillales;Lactobacillaceae;Lactiplantibacillus
LP250.1;ASV6;0;LP250;larvae;sorb+;2.5;1;Bacteria;Firmicutes;Bacilli;Lactobacillales;Lactobacillaceae;Lactobacillus
LP250.1;ASV7;0;LP250;larvae;sorb+;2.5;1;Bacteria;Firmicutes;Bacilli;Lactobacillales;Lactobacillaceae;Weissella
LP250.1;ASV8;638;LP250;larvae;sorb+;2.5;1;Bacteria;Firmicutes;Bacilli;Lactobacillales;Enterococcaceae;Enterococcus
LP250.1;ASV9;6;LP250;larvae;sorb+;2.5;1;Bacteria;Firmicutes;Bacilli;Lactobacillales;Lactobacillaceae;Levilactobacillus
LP250.1;ASV13;0;LP250;larvae;sorb+;2.5;1;Bacteria;Firmicutes;Bacilli;Staphylococcales;Staphylococcaceae;Mammaliicoccus*
LP250.1;ASV14;0;LP250;larvae;sorb+;2.5;1;Bacteria;Firmicutes;Bacilli;Lactobacillales;Enterococcaceae;Enterococcus
LP250.1;ASV15;19;LP250;larvae;sorb+;2.5;1;Bacteria;Firmicutes;Bacilli;Lactobacillales;Lactobacillaceae;Lacticaseibacillus
LP250.1;ASV18;0;LP250;larvae;sorb+;2.5;1;Bacteria;Actinobacteriota;Actinobacteria;Actinomycetales;Actinomycetaceae;Actinomyces
LP250.1;ASV19;0;LP250;larvae;sorb+;2.5;1;Bacteria;Proteobacteria;Gammaproteobacteria;Enterobacterales;Morganellaceae;Proteus
LP250.1;ASV20;0;LP250;larvae;sorb+;2.5;1;Bacteria;Actinobacteriota;Actinobacteria;Corynebacteriales;Corynebacteriaceae;Corynebacterium
LP250.1;ASV21;50;LP250;larvae;sorb+;2.5;1;Bacteria;Firmicutes;Bacilli;Bacillales;Bacillaceae;Bacillus
LP250.1;ASV22;0;LP250;larvae;sorb+;2.5;1;Bacteria;Firmicutes;Bacilli;Lactobacillales;Lactobacillaceae;Lacticaseibacillus
LP250.1;ASV23;0;LP250;larvae;sorb+;2.5;1;Bacteria;Firmicutes;Bacilli;Lactobacillales;Lactobacillaceae;Limosilactobacillus
LP250.1;ASV24;0;LP250;larvae;sorb+;2.5;1;Bacteria;Proteobacteria;Gammaproteobacteria;Enterobacterales;Enterobacteriaceae;Escherichia-Shigella
LP250.1;ASV25;524;LP250;larvae;sorb+;2.5;1;Bacteria;Firmicutes;Bacilli;Lactobacillales;Enterococcaceae;Enterococcus
LP250.1;ASV28;0;LP250;larvae;sorb+;2.5;1;Bacteria;Firmicutes;Bacilli;Lactobacillales;Lactobacillaceae;Lacticaseibacillus
LP250.1;ASV34;0;LP250;larvae;sorb+;2.5;1;Bacteria;Proteobacteria;Gammaproteobacteria;Enterobacterales;Enterobacteriaceae;Klebsiella
LP250.1;ASV35;0;LP250;larvae;sorb+;2.5;1;Bacteria;Firmicutes;Bacilli;Lactobacillales;Lactobacillaceae;Weissella
LP250.1;ASV36;0;LP250;larvae;sorb+;2.5;1;Bacteria;Proteobacteria;Gammaproteobacteria;Enterobacterales;Morganellaceae;Providencia
LP250.1;ASV37;0;LP250;larvae;sorb+;2.5;1;Bacteria;Firmicutes;Bacilli;Lactobacillales;Lactobacillaceae;Pediococcus
LP250.1;ASV40;0;LP250;larvae;sorb+;2.5;1;Bacteria;Actinobacteriota;Actinobacteria;Corynebacteriales;Corynebacteriaceae;Corynebacterium
LP250.1;ASV43;0;LP250;larvae;sorb+;2.5;1;Bacteria;Proteobacteria;Gammaproteobacteria;Enterobacterales;Enterobacteriaceae;Enterobacter*
LP250.1;ASV44;82;LP250;larvae;sorb+;2.5;1;Bacteria;Firmicutes;Bacilli;Lactobacillales;Enterococcaceae;Enterococcus*
LP250.1;ASV46;95;LP250;larvae;sorb+;2.5;1;Bacteria;Firmicutes;Bacilli;Lactobacillales;Enterococcaceae;Enterococcus
LP250.1;ASV50;22;LP250;larvae;sorb+;2.5;1;Bacteria;Proteobacteria;Gammaproteobacteria;Pseudomonadales;Pseudomonadaceae;Pseudomonas
LP250.1;ASV53;0;LP250;larvae;sorb+;2.5;1;Bacteria;Actinobacteriota;Actinobacteria;Corynebacteriales;Corynebacteriaceae;Corynebacterium
LP250.1;ASV55;0;LP250;larvae;sorb+;2.5;1;Bacteria;Firmicutes;Bacilli;Bacillales;Bacillaceae;Bacillus
LP250.1;ASV58;0;LP250;larvae;sorb+;2.5;1;Bacteria;Actinobacteriota;Actinobacteria;Micrococcales;Brevibacteriaceae;Brevibacterium
LP250.1;ASV65;0;LP250;larvae;sorb+;2.5;1;Bacteria;Bacteroidota;Bacteroidia;Bacteroidales;Bacteroidaceae;Bacteroides
LP250.1;ASV66;3;LP250;larvae;sorb+;2.5;1;Bacteria;Firmicutes;Bacilli;Staphylococcales;Staphylococcaceae;Staphylococcus
LP250.1;ASV69;0;LP250;larvae;sorb+;2.5;1;Bacteria;Firmicutes;Bacilli;Bacillales;Planococcaceae;Uncult. bacterium*
LP250.1;ASV73;11;LP250;larvae;sorb+;2.5;1;Bacteria;Proteobacteria;Gammaproteobacteria;Burkholderiales;Burkholderiaceae;Ralstonia
LP250.1;ASV76;0;LP250;larvae;sorb+;2.5;1;Bacteria;Proteobacteria;Gammaproteobacteria;Pseudomonadales;Pseudomonadaceae;Pseudomonas
LP250.1;ASV83;4;LP250;larvae;sorb+;2.5;1;Bacteria;Proteobacteria;Gammaproteobacteria;Burkholderiales;Comamonadaceae;Delftia
LP250.1;ASV85;0;LP250;larvae;sorb+;2.5;1;Bacteria;Bacteroidota;Bacteroidia;Bacteroidales;Bacteroidaceae;Bacteroides
LP250.1;ASV86;0;LP250;larvae;sorb+;2.5;1;Bacteria;Bacteroidota;Bacteroidia;Bacteroidales;Bacteroidaceae;Bacteroides
LP250.1;ASV87;3;LP250;larvae;sorb+;2.5;1;Bacteria;Firmicutes;Bacilli;Lactobacillales;Streptococcaceae;Streptococcus
LP250.1;ASV90;0;LP250;larvae;sorb+;2.5;1;Bacteria;Proteobacteria;Gammaproteobacteria;Xanthomonadales;Xanthomonadaceae;Stenotrophomonas
LP250.1;ASV92;0;LP250;larvae;sorb+;2.5;1;Bacteria;Proteobacteria;Gammaproteobacteria;Enterobacterales;Yersiniaceae;Yersinia
LP250.1;ASV95;0;LP250;larvae;sorb+;2.5;1;Bacteria;Proteobacteria;Gammaproteobacteria;Pseudomonadales;Moraxellaceae;Psychrobacter
LP250.1;ASV98;0;LP250;larvae;sorb+;2.5;1;Bacteria;Proteobacteria;Gammaproteobacteria;Enterobacterales;Enterobacteriaceae;
LP250.1;ASV99;0;LP250;larvae;sorb+;2.5;1;Bacteria;Proteobacteria;Alphaproteobacteria;Sphingomonadales;Sphingomonadaceae;Sphingomonas
LP250.1;ASV100;0;LP250;larvae;sorb+;2.5;1;Bacteria;Firmicutes;Bacilli;Lactobacillales;Lactobacillaceae;Lapidilactobacillus
LP250.1;ASV103;0;LP250;larvae;sorb+;2.5;1;Bacteria;Bacteroidota;Bacteroidia;Bacteroidales;Tannerellaceae;Parabacteroides
LP250.1;ASV106;0;LP250;larvae;sorb+;2.5;1;Bacteria;Proteobacteria;Gammaproteobacteria;Enterobacterales;Morganellaceae;Providencia
LP250.1;ASV109;0;LP250;larvae;sorb+;2.5;1;Bacteria;Proteobacteria;Alphaproteobacteria;Rhodobacterales;Rhodobacteraceae;Rubellimicrobium
LP250.1;ASV111;0;LP250;larvae;sorb+;2.5;1;Bacteria;Bacteroidota;Bacteroidia;Bacteroidales;Bacteroidaceae;Bacteroides
LP250.1;ASV115;0;LP250;larvae;sorb+;2.5;1;Bacteria;Proteobacteria;Gammaproteobacteria;Pseudomonadales;Alcanivoracaceae1;Alcanivorax
LP250.1;ASV117;0;LP250;larvae;sorb+;2.5;1;Bacteria;Actinobacteriota;Actinobacteria;Corynebacteriales;Corynebacteriaceae;Corynebacterium
LP250.1;ASV120;1;LP250;larvae;sorb+;2.5;1;Bacteria;Proteobacteria;Gammaproteobacteria;Burkholderiales;Sutterellaceae;Parasutterella
LP250.1;ASV124;0;LP250;larvae;sorb+;2.5;1;Bacteria;Firmicutes;Bacilli;Staphylococcales;Staphylococcaceae;Staphylococcus
LP250.1;ASV128;3;LP250;larvae;sorb+;2.5;1;Bacteria;Proteobacteria;Gammaproteobacteria;Burkholderiales;Hydrogenophilaceae;Tepidiphilus
LP250.1;ASV129;0;LP250;larvae;sorb+;2.5;1;Bacteria;Proteobacteria;Alphaproteobacteria;Rhizobiales;Beijerinckiaceae;Methylobacterium-Methylorubrum
LP250.1;ASV130;1;LP250;larvae;sorb+;2.5;1;Bacteria;Proteobacteria;Alphaproteobacteria;Sphingomonadales;Sphingomonadaceae;Sphingomonas
LP250.1;ASV132;0;LP250;larvae;sorb+;2.5;1;Bacteria;Bacteroidota;Bacteroidia;Bacteroidales;Bacteroidaceae;Bacteroides
LP250.1;ASV134;0;LP250;larvae;sorb+;2.5;1;Bacteria;Proteobacteria;Gammaproteobacteria;Burkholderiales;Comamonadaceae;
LP250.1;ASV137;8;LP250;larvae;sorb+;2.5;1;Bacteria;Proteobacteria;Gammaproteobacteria;Pseudomonadales;Pseudomonadaceae;Pseudomonas
LP250.1;ASV146;5;LP250;larvae;sorb+;2.5;1;Bacteria;Firmicutes;Negativicutes;Veillonellales-Selenomonadales;Veillonellaceae;Dialister
LP250.1;ASV147;0;LP250;larvae;sorb+;2.5;1;Bacteria;Proteobacteria;Gammaproteobacteria;Pseudomonadales;Moraxellaceae;Acinetobacter
LP250.1;ASV148;0;LP250;larvae;sorb+;2.5;1;Bacteria;Actinobacteriota;Actinobacteria;Micrococcales;Dermabacteraceae;Brachybacterium
LP250.1;ASV153;0;LP250;larvae;sorb+;2.5;1;Bacteria;Proteobacteria;Gammaproteobacteria;Pseudomonadales;Pseudomonadaceae;Pseudomonas
LP250.1;ASV155;0;LP250;larvae;sorb+;2.5;1;Bacteria;Proteobacteria;Gammaproteobacteria;Pseudomonadales;Halomonadaceae;Halomonas
LP250.1;ASV159;0;LP250;larvae;sorb+;2.5;1;Bacteria;Actinobacteriota;Thermoleophilia;Solirubrobacterales;67-14;
LP250.1;ASV160;0;LP250;larvae;sorb+;2.5;1;Bacteria;Proteobacteria;Gammaproteobacteria;Burkholderiales;Burkholderiaceae;Ralstonia
LP250.1;ASV162;0;LP250;larvae;sorb+;2.5;1;Bacteria;Proteobacteria;Gammaproteobacteria;Pseudomonadales;Moraxellaceae;Acinetobacter
LP250.1;ASV164;0;LP250;larvae;sorb+;2.5;1;Bacteria;Proteobacteria;Gammaproteobacteria;Pseudomonadales;Alcanivoracaceae1;Alcanivorax
LP250.1;ASV165;0;LP250;larvae;sorb+;2.5;1;Bacteria;Dependentiae;Babeliae;Babeliales;Vermiphilaceae;
LP250.1;ASV172;1;LP250;larvae;sorb+;2.5;1;Bacteria;Proteobacteria;Gammaproteobacteria;Enterobacterales;Pseudoalteromonadaceae;Pseudoalteromonas
LP250.1;ASV173;0;LP250;larvae;sorb+;2.5;1;Bacteria;Firmicutes;Bacilli;Lactobacillales;Carnobacteriaceae;Isobaculum
LP250.1;ASV174;0;LP250;larvae;sorb+;2.5;1;Bacteria;Firmicutes;Bacilli;Erysipelotrichales;Erysipelotrichaceae;Turicibacter
LP250.1;ASV175;0;LP250;larvae;sorb+;2.5;1;Bacteria;Actinobacteriota;Actinobacteria;Actinomycetales;Actinomycetaceae;Actinomyces
LP250.1;ASV176;0;LP250;larvae;sorb+;2.5;1;Bacteria;Proteobacteria;Gammaproteobacteria;Burkholderiales;Comamonadaceae;Aquabacterium
LP250.1;ASV178;0;LP250;larvae;sorb+;2.5;1;Bacteria;Proteobacteria;Gammaproteobacteria;Burkholderiales;Burkholderiaceae;Burkholderia-Caballeronia-Paraburkholderia
LP250.1;ASV182;0;LP250;larvae;sorb+;2.5;1;Bacteria;Proteobacteria;Gammaproteobacteria;Enterobacterales;Alteromonadaceae;Alteromonas
LP250.1;ASV183;0;LP250;larvae;sorb+;2.5;1;Bacteria;Proteobacteria;Gammaproteobacteria;Xanthomonadales;Xanthomonadaceae;Stenotrophomonas
LP250.1;ASV185;0;LP250;larvae;sorb+;2.5;1;Bacteria;Firmicutes;Bacilli;Bacillales;Bacillaceae;Anaerobacillus
LP250.1;ASV191;0;LP250;larvae;sorb+;2.5;1;Bacteria;Firmicutes;Clostridia;Oscillospirales;Ruminococcaceae;Faecalibacterium
LP250.1;ASV194;0;LP250;larvae;sorb+;2.5;1;Bacteria;Proteobacteria;Gammaproteobacteria;Burkholderiales;Comamonadaceae;
LP250.1;ASV195;0;LP250;larvae;sorb+;2.5;1;Bacteria;Firmicutes;Bacilli;Thermicanales;Thermicanaceae;Thermicanus
LP250.1;ASV197;0;LP250;larvae;sorb+;2.5;1;Bacteria;Firmicutes;Bacilli;Bacillales;Bacillaceae;Aeribacillus
LP250.1;ASV198;0;LP250;larvae;sorb+;2.5;1;Bacteria;Proteobacteria;Gammaproteobacteria;Burkholderiales;Comamonadaceae;
LP250.1;ASV200;0;LP250;larvae;sorb+;2.5;1;Bacteria;Proteobacteria;Gammaproteobacteria;Enterobacterales;Pseudoalteromonadaceae;Pseudoalteromonas
LP250.1;ASV206;0;LP250;larvae;sorb+;2.5;1;Bacteria;Firmicutes;Clostridia;Oscillospirales;Oscillospiraceae;UCG-002
LP250.1;ASV207;0;LP250;larvae;sorb+;2.5;1;Bacteria;Firmicutes;Negativicutes;Veillonellales-Selenomonadales;Veillonellaceae;Dialister
LP250.1;ASV208;0;LP250;larvae;sorb+;2.5;1;Bacteria;Actinobacteriota;Actinobacteria;Micromonosporales;Micromonosporaceae;Catellatospora
LP250.1;ASV211;0;LP250;larvae;sorb+;2.5;1;Bacteria;Firmicutes;Bacilli;Lactobacillales;Carnobacteriaceae;Atopostipes
LP250.1;ASV212;0;LP250;larvae;sorb+;2.5;1;Bacteria;Proteobacteria;Gammaproteobacteria;Xanthomonadales;Xanthomonadaceae;Stenotrophomonas
LP250.1;ASV213;0;LP250;larvae;sorb+;2.5;1;Bacteria;Proteobacteria;Gammaproteobacteria;Enterobacterales;Pseudoalteromonadaceae;Pseudoalteromonas
LP250.1;ASV214;0;LP250;larvae;sorb+;2.5;1;Bacteria;Proteobacteria;Gammaproteobacteria;Xanthomonadales;Xanthomonadaceae;Stenotrophomonas
LP250.1;ASV215;2;LP250;larvae;sorb+;2.5;1;Bacteria;Bacteroidota;Bacteroidia;Bacteroidales;Bacteroidaceae;Bacteroides
LP250.1;ASV216;0;LP250;larvae;sorb+;2.5;1;Bacteria;Proteobacteria;Gammaproteobacteria;Burkholderiales;Hydrogenophilaceae;Tepidiphilus
LP250.1;ASV217;0;LP250;larvae;sorb+;2.5;1;Bacteria;Proteobacteria;Gammaproteobacteria;Pseudomonadales;Alcanivoracaceae1;Alcanivorax
LP250.1;ASV218;0;LP250;larvae;sorb+;2.5;1;Bacteria;Proteobacteria;Gammaproteobacteria;Enterobacterales;Morganellaceae;Moellerella
LP250.1;ASV226;0;LP250;larvae;sorb+;2.5;1;Bacteria;Proteobacteria;Gammaproteobacteria;Burkholderiales;Oxalobacteraceae;Massilia
LP250.1;ASV235;0;LP250;larvae;sorb+;2.5;1;Bacteria;Actinobacteriota;Actinobacteria;Micrococcales;Micrococcaceae;Micrococcus
LP250.1;ASV236;0;LP250;larvae;sorb+;2.5;1;Bacteria;Proteobacteria;Gammaproteobacteria;Burkholderiales;Comamonadaceae;Schlegelella
LP250.1;ASV237;0;LP250;larvae;sorb+;2.5;1;Bacteria;Verrucomicrobiota;Verrucomicrobiae;Pedosphaerales;Pedosphaeraceae;
LP250.1;ASV239;0;LP250;larvae;sorb+;2.5;1;Bacteria;Actinobacteriota;Acidimicrobiia;Microtrichales;Ilumatobacteraceae;Ilumatobacter
LP250.1;ASV240;0;LP250;larvae;sorb+;2.5;1;Bacteria;Proteobacteria;Gammaproteobacteria;Xanthomonadales;Xanthomonadaceae;Lysobacter
LP250.1;ASV241;0;LP250;larvae;sorb+;2.5;1;Bacteria;Actinobacteriota;Actinobacteria;Micrococcales;Micrococcaceae;Micrococcus
LP250.1;ASV242;0;LP250;larvae;sorb+;2.5;1;Bacteria;Actinobacteriota;Actinobacteria;Actinomycetales;Actinomycetaceae;Actinomyces
LP250.1;ASV243;3;LP250;larvae;sorb+;2.5;1;Bacteria;Proteobacteria;Gammaproteobacteria;Xanthomonadales;Xanthomonadaceae;Stenotrophomonas
LP250.1;ASV244;2;LP250;larvae;sorb+;2.5;1;Bacteria;Proteobacteria;Gammaproteobacteria;Pseudomonadales;Moraxellaceae;Enhydrobacter
LP250.1;ASV246;5;LP250;larvae;sorb+;2.5;1;Bacteria;Proteobacteria;Gammaproteobacteria;Nitrosococcales;Methylophagaceae;Methylophaga
LP250.1;ASV247;2;LP250;larvae;sorb+;2.5;1;Bacteria;Bacteroidota;Bacteroidia;Bacteroidales;Bacteroidaceae;Bacteroides
LP250.1;ASV248;0;LP250;larvae;sorb+;2.5;1;Bacteria;Proteobacteria;Gammaproteobacteria;Burkholderiales;Comamonadaceae;Tepidimonas
LP250.1;ASV250;0;LP250;larvae;sorb+;2.5;1;Bacteria;Proteobacteria;Gammaproteobacteria;Pseudomonadales;Marinobacteraceae;Marinobacter
LP250.1;ASV251;0;LP250;larvae;sorb+;2.5;1;Bacteria;Actinobacteriota;Actinobacteria;Streptomycetales;Streptomycetaceae;Streptomyces
LP250.1;ASV252;0;LP250;larvae;sorb+;2.5;1;Bacteria;Firmicutes;Bacilli;Staphylococcales;Staphylococcaceae;
LP250.1;ASV253;0;LP250;larvae;sorb+;2.5;1;Bacteria;Planctomycetota;Planctomycetes;Gemmatales;Gemmataceae;
LP250.1;ASV282;0;LP250;larvae;sorb+;2.5;1;Bacteria;Firmicutes;Bacilli;Lactobacillales;Carnobacteriaceae;Isobaculum
LP250.1;ASV283;0;LP250;larvae;sorb+;2.5;1;Bacteria;Proteobacteria;Gammaproteobacteria;Burkholderiales;Alcaligenaceae;Alcaligenes
LP250.1;ASV284;0;LP250;larvae;sorb+;2.5;1;Bacteria;Firmicutes;Bacilli;Lactobacillales;Lactobacillaceae;Weissella
LP250.1;ASV287;0;LP250;larvae;sorb+;2.5;1;Bacteria;Myxococcota;Polyangia;Polyangiales;BIrii41;
LP250.1;ASV290;0;LP250;larvae;sorb+;2.5;1;Bacteria;Firmicutes;Clostridia;Oscillospirales;[Eubacterium] coprostanoligenes group;
LP250.1;ASV291;0;LP250;larvae;sorb+;2.5;1;Bacteria;Proteobacteria;Alphaproteobacteria;Rhizobiales;Amb-16S-1323;
LP250.1;ASV294;0;LP250;larvae;sorb+;2.5;1;Bacteria;Proteobacteria;Gammaproteobacteria;Burkholderiales;SC-I-84;
LP250.1;ASV295;0;LP250;larvae;sorb+;2.5;1;Bacteria;Actinobacteriota;Actinobacteria;Micromonosporales;Micromonosporaceae;Virgisporangium
LP250.1;ASV296;0;LP250;larvae;sorb+;2.5;1;Bacteria;Proteobacteria;Gammaproteobacteria;Pseudomonadales;Moraxellaceae;Acinetobacter
LP250.1;ASV297;0;LP250;larvae;sorb+;2.5;1;Bacteria;Actinobacteriota;Acidimicrobiia;Microtrichales;Ilumatobacteraceae;
LP250.1;ASV298;0;LP250;larvae;sorb+;2.5;1;Bacteria;Firmicutes;Bacilli;Paenibacillales;Paenibacillaceae;Paenibacillus
LP250.1;ASV299;0;LP250;larvae;sorb+;2.5;1;Bacteria;Actinobacteriota;Thermoleophilia;Solirubrobacterales;67-14;
LP250.1;ASV300;0;LP250;larvae;sorb+;2.5;1;Bacteria;Proteobacteria;Gammaproteobacteria;Enterobacterales;Vibrionaceae;
LP250.1;ASV304;0;LP250;larvae;sorb+;2.5;1;Bacteria;Firmicutes;Clostridia;Lachnospirales;Lachnospiraceae;[Ruminococcus] gauvreauii group
LP250.1;ASV305;0;LP250;larvae;sorb+;2.5;1;Bacteria;Actinobacteriota;Actinobacteria;Micrococcales;Brevibacteriaceae;Brevibacterium
LP250.1;ASV306;0;LP250;larvae;sorb+;2.5;1;Bacteria;Firmicutes;Bacilli;Lactobacillales;Lactobacillaceae;Weissella
LP250.1;ASV308;0;LP250;larvae;sorb+;2.5;1;Bacteria;Proteobacteria;Gammaproteobacteria;Burkholderiales;Oxalobacteraceae;Duganella
LP250.1;ASV309;0;LP250;larvae;sorb+;2.5;1;Bacteria;Firmicutes;Bacilli;Lactobacillales;Carnobacteriaceae;Isobaculum
LP250.1;ASV310;0;LP250;larvae;sorb+;2.5;1;Bacteria;Proteobacteria;Alphaproteobacteria;Rhodobacterales;Rhodobacteraceae;Paracoccus
LP250.1;ASV311;0;LP250;larvae;sorb+;2.5;1;Bacteria;Acidobacteriota;Vicinamibacteria;Vicinamibacterales;Vicinamibacteraceae;
LP250.1;ASV362;0;LP250;larvae;sorb+;2.5;1;Bacteria;Firmicutes;Bacilli;Lactobacillales;Lactobacillaceae;Lactobacillus
LP250.1;ASV363;0;LP250;larvae;sorb+;2.5;1;Bacteria;Bacteroidota;Bacteroidia;Bacteroidales;Tannerellaceae;Parabacteroides
LP250.1;ASV365;0;LP250;larvae;sorb+;2.5;1;Bacteria;Proteobacteria;Gammaproteobacteria;Burkholderiales;Burkholderiaceae;Ralstonia
LP250.1;ASV370;0;LP250;larvae;sorb+;2.5;1;Bacteria;Proteobacteria;Gammaproteobacteria;Burkholderiales;Rhodocyclaceae;
LP250.1;ASV371;0;LP250;larvae;sorb+;2.5;1;Bacteria;Firmicutes;Clostridia;Lachnospirales;Lachnospiraceae;Lachnospiraceae NK4A136 group
LP250.1;ASV374;0;LP250;larvae;sorb+;2.5;1;Bacteria;Gemmatimonadota;Gemmatimonadetes;Gemmatimonadales;Gemmatimonadaceae;Gemmatimonas
LP250.1;ASV376;0;LP250;larvae;sorb+;2.5;1;Bacteria;Acidobacteriota;Vicinamibacteria;Vicinamibacterales;Vicinamibacteraceae;Vicinamibacter
LP250.1;ASV383;0;LP250;larvae;sorb+;2.5;1;Bacteria;Proteobacteria;Gammaproteobacteria;Burkholderiales;Gallionellaceae;Gallionella
LP250.1;ASV389;0;LP250;larvae;sorb+;2.5;1;Bacteria;Proteobacteria;Alphaproteobacteria;Sphingomonadales;Sphingomonadaceae;Sphingobium
LP250.1;ASV393;0;LP250;larvae;sorb+;2.5;1;Bacteria;Firmicutes;Bacilli;Lactobacillales;Lactobacillaceae;Weissella
LP250.1;ASV394;0;LP250;larvae;sorb+;2.5;1;Bacteria;Proteobacteria;Gammaproteobacteria;Burkholderiales;Sutterellaceae;Parasutterella
LP250.1;ASV395;0;LP250;larvae;sorb+;2.5;1;Bacteria;Actinobacteriota;Actinobacteria;Frankiales;Cryptosporangiaceae;Cryptosporangium
LP250.1;ASV397;0;LP250;larvae;sorb+;2.5;1;Bacteria;Bacteroidota;Bacteroidia;Bacteroidales;Muribaculaceae;
LP250.1;ASV399;1;LP250;larvae;sorb+;2.5;1;Bacteria;Firmicutes;Bacilli;Paenibacillales;Paenibacillaceae;Paenibacillus
LP250.1;ASV400;1;LP250;larvae;sorb+;2.5;1;Bacteria;Proteobacteria;Gammaproteobacteria;Pseudomonadales;Moraxellaceae;Acinetobacter
LP250.1;ASV401;1;LP250;larvae;sorb+;2.5;1;Bacteria;Proteobacteria;Alphaproteobacteria;Caulobacterales;Caulobacteraceae;Brevundimonas
LP250.1;ASV402;1;LP250;larvae;sorb+;2.5;1;Bacteria;Proteobacteria;Gammaproteobacteria;Pseudomonadales;Moraxellaceae;Psychrobacter
LP250.1;ASV408;0;LP250;larvae;sorb+;2.5;1;Bacteria;Proteobacteria;Gammaproteobacteria;Burkholderiales;SC-I-84;
LP250.1;ASV410;0;LP250;larvae;sorb+;2.5;1;Bacteria;Proteobacteria;Alphaproteobacteria;Rhizobiales;Xanthobacteraceae;Bradyrhizobium
LP250.2;ASV1;9742;LP250;larvae;sorb+;2.5;2;Bacteria;Proteobacteria;Gammaproteobacteria;Enterobacterales;Morganellaceae;Providencia
LP250.2;ASV2;13765;LP250;larvae;sorb+;2.5;2;Bacteria;Proteobacteria;Gammaproteobacteria;Enterobacterales;Enterobacteriaceae;Klebsiella
LP250.2;ASV3;3785;LP250;larvae;sorb+;2.5;2;Bacteria;Proteobacteria;Gammaproteobacteria;Enterobacterales;Enterobacteriaceae;Enterobacter*
LP250.2;ASV4;14464;LP250;larvae;sorb+;2.5;2;Bacteria;Firmicutes;Bacilli;Lactobacillales;Enterococcaceae;Enterococcus
LP250.2;ASV5;0;LP250;larvae;sorb+;2.5;2;Bacteria;Firmicutes;Bacilli;Lactobacillales;Lactobacillaceae;Lactiplantibacillus
LP250.2;ASV6;0;LP250;larvae;sorb+;2.5;2;Bacteria;Firmicutes;Bacilli;Lactobacillales;Lactobacillaceae;Lactobacillus
LP250.2;ASV7;0;LP250;larvae;sorb+;2.5;2;Bacteria;Firmicutes;Bacilli;Lactobacillales;Lactobacillaceae;Weissella
LP250.2;ASV8;4368;LP250;larvae;sorb+;2.5;2;Bacteria;Firmicutes;Bacilli;Lactobacillales;Enterococcaceae;Enterococcus
LP250.2;ASV9;0;LP250;larvae;sorb+;2.5;2;Bacteria;Firmicutes;Bacilli;Lactobacillales;Lactobacillaceae;Levilactobacillus
LP250.2;ASV13;0;LP250;larvae;sorb+;2.5;2;Bacteria;Firmicutes;Bacilli;Staphylococcales;Staphylococcaceae;Mammaliicoccus*
LP250.2;ASV14;0;LP250;larvae;sorb+;2.5;2;Bacteria;Firmicutes;Bacilli;Lactobacillales;Enterococcaceae;Enterococcus
LP250.2;ASV15;10;LP250;larvae;sorb+;2.5;2;Bacteria;Firmicutes;Bacilli;Lactobacillales;Lactobacillaceae;Lacticaseibacillus
LP250.2;ASV18;0;LP250;larvae;sorb+;2.5;2;Bacteria;Actinobacteriota;Actinobacteria;Actinomycetales;Actinomycetaceae;Actinomyces
LP250.2;ASV19;0;LP250;larvae;sorb+;2.5;2;Bacteria;Proteobacteria;Gammaproteobacteria;Enterobacterales;Morganellaceae;Proteus
LP250.2;ASV20;0;LP250;larvae;sorb+;2.5;2;Bacteria;Actinobacteriota;Actinobacteria;Corynebacteriales;Corynebacteriaceae;Corynebacterium
LP250.2;ASV21;53;LP250;larvae;sorb+;2.5;2;Bacteria;Firmicutes;Bacilli;Bacillales;Bacillaceae;Bacillus
LP250.2;ASV22;0;LP250;larvae;sorb+;2.5;2;Bacteria;Firmicutes;Bacilli;Lactobacillales;Lactobacillaceae;Lacticaseibacillus
LP250.2;ASV23;0;LP250;larvae;sorb+;2.5;2;Bacteria;Firmicutes;Bacilli;Lactobacillales;Lactobacillaceae;Limosilactobacillus
LP250.2;ASV24;0;LP250;larvae;sorb+;2.5;2;Bacteria;Proteobacteria;Gammaproteobacteria;Enterobacterales;Enterobacteriaceae;Escherichia-Shigella
LP250.2;ASV25;0;LP250;larvae;sorb+;2.5;2;Bacteria;Firmicutes;Bacilli;Lactobacillales;Enterococcaceae;Enterococcus
LP250.2;ASV28;0;LP250;larvae;sorb+;2.5;2;Bacteria;Firmicutes;Bacilli;Lactobacillales;Lactobacillaceae;Lacticaseibacillus
LP250.2;ASV34;0;LP250;larvae;sorb+;2.5;2;Bacteria;Proteobacteria;Gammaproteobacteria;Enterobacterales;Enterobacteriaceae;Klebsiella
LP250.2;ASV35;0;LP250;larvae;sorb+;2.5;2;Bacteria;Firmicutes;Bacilli;Lactobacillales;Lactobacillaceae;Weissella
LP250.2;ASV36;0;LP250;larvae;sorb+;2.5;2;Bacteria;Proteobacteria;Gammaproteobacteria;Enterobacterales;Morganellaceae;Providencia
LP250.2;ASV37;0;LP250;larvae;sorb+;2.5;2;Bacteria;Firmicutes;Bacilli;Lactobacillales;Lactobacillaceae;Pediococcus
LP250.2;ASV40;0;LP250;larvae;sorb+;2.5;2;Bacteria;Actinobacteriota;Actinobacteria;Corynebacteriales;Corynebacteriaceae;Corynebacterium
LP250.2;ASV43;0;LP250;larvae;sorb+;2.5;2;Bacteria;Proteobacteria;Gammaproteobacteria;Enterobacterales;Enterobacteriaceae;Enterobacter*
LP250.2;ASV44;0;LP250;larvae;sorb+;2.5;2;Bacteria;Firmicutes;Bacilli;Lactobacillales;Enterococcaceae;Enterococcus*
LP250.2;ASV46;70;LP250;larvae;sorb+;2.5;2;Bacteria;Firmicutes;Bacilli;Lactobacillales;Enterococcaceae;Enterococcus
LP250.2;ASV50;285;LP250;larvae;sorb+;2.5;2;Bacteria;Proteobacteria;Gammaproteobacteria;Pseudomonadales;Pseudomonadaceae;Pseudomonas
LP250.2;ASV53;0;LP250;larvae;sorb+;2.5;2;Bacteria;Actinobacteriota;Actinobacteria;Corynebacteriales;Corynebacteriaceae;Corynebacterium
LP250.2;ASV55;0;LP250;larvae;sorb+;2.5;2;Bacteria;Firmicutes;Bacilli;Bacillales;Bacillaceae;Bacillus
LP250.2;ASV58;0;LP250;larvae;sorb+;2.5;2;Bacteria;Actinobacteriota;Actinobacteria;Micrococcales;Brevibacteriaceae;Brevibacterium
LP250.2;ASV65;157;LP250;larvae;sorb+;2.5;2;Bacteria;Bacteroidota;Bacteroidia;Bacteroidales;Bacteroidaceae;Bacteroides
LP250.2;ASV66;0;LP250;larvae;sorb+;2.5;2;Bacteria;Firmicutes;Bacilli;Staphylococcales;Staphylococcaceae;Staphylococcus
LP250.2;ASV69;0;LP250;larvae;sorb+;2.5;2;Bacteria;Firmicutes;Bacilli;Bacillales;Planococcaceae;Uncult. bacterium*
LP250.2;ASV73;10;LP250;larvae;sorb+;2.5;2;Bacteria;Proteobacteria;Gammaproteobacteria;Burkholderiales;Burkholderiaceae;Ralstonia
LP250.2;ASV76;69;LP250;larvae;sorb+;2.5;2;Bacteria;Proteobacteria;Gammaproteobacteria;Pseudomonadales;Pseudomonadaceae;Pseudomonas
LP250.2;ASV83;5;LP250;larvae;sorb+;2.5;2;Bacteria;Proteobacteria;Gammaproteobacteria;Burkholderiales;Comamonadaceae;Delftia
LP250.2;ASV85;61;LP250;larvae;sorb+;2.5;2;Bacteria;Bacteroidota;Bacteroidia;Bacteroidales;Bacteroidaceae;Bacteroides
LP250.2;ASV86;46;LP250;larvae;sorb+;2.5;2;Bacteria;Bacteroidota;Bacteroidia;Bacteroidales;Bacteroidaceae;Bacteroides
LP250.2;ASV87;0;LP250;larvae;sorb+;2.5;2;Bacteria;Firmicutes;Bacilli;Lactobacillales;Streptococcaceae;Streptococcus
LP250.2;ASV90;6;LP250;larvae;sorb+;2.5;2;Bacteria;Proteobacteria;Gammaproteobacteria;Xanthomonadales;Xanthomonadaceae;Stenotrophomonas
LP250.2;ASV92;0;LP250;larvae;sorb+;2.5;2;Bacteria;Proteobacteria;Gammaproteobacteria;Enterobacterales;Yersiniaceae;Yersinia
LP250.2;ASV95;0;LP250;larvae;sorb+;2.5;2;Bacteria;Proteobacteria;Gammaproteobacteria;Pseudomonadales;Moraxellaceae;Psychrobacter
LP250.2;ASV98;0;LP250;larvae;sorb+;2.5;2;Bacteria;Proteobacteria;Gammaproteobacteria;Enterobacterales;Enterobacteriaceae;
LP250.2;ASV99;2;LP250;larvae;sorb+;2.5;2;Bacteria;Proteobacteria;Alphaproteobacteria;Sphingomonadales;Sphingomonadaceae;Sphingomonas
LP250.2;ASV100;0;LP250;larvae;sorb+;2.5;2;Bacteria;Firmicutes;Bacilli;Lactobacillales;Lactobacillaceae;Lapidilactobacillus
LP250.2;ASV103;31;LP250;larvae;sorb+;2.5;2;Bacteria;Bacteroidota;Bacteroidia;Bacteroidales;Tannerellaceae;Parabacteroides
LP250.2;ASV106;0;LP250;larvae;sorb+;2.5;2;Bacteria;Proteobacteria;Gammaproteobacteria;Enterobacterales;Morganellaceae;Providencia
LP250.2;ASV109;0;LP250;larvae;sorb+;2.5;2;Bacteria;Proteobacteria;Alphaproteobacteria;Rhodobacterales;Rhodobacteraceae;Rubellimicrobium
LP250.2;ASV111;8;LP250;larvae;sorb+;2.5;2;Bacteria;Bacteroidota;Bacteroidia;Bacteroidales;Bacteroidaceae;Bacteroides
LP250.2;ASV115;0;LP250;larvae;sorb+;2.5;2;Bacteria;Proteobacteria;Gammaproteobacteria;Pseudomonadales;Alcanivoracaceae1;Alcanivorax
LP250.2;ASV117;0;LP250;larvae;sorb+;2.5;2;Bacteria;Actinobacteriota;Actinobacteria;Corynebacteriales;Corynebacteriaceae;Corynebacterium
LP250.2;ASV120;0;LP250;larvae;sorb+;2.5;2;Bacteria;Proteobacteria;Gammaproteobacteria;Burkholderiales;Sutterellaceae;Parasutterella
LP250.2;ASV124;0;LP250;larvae;sorb+;2.5;2;Bacteria;Firmicutes;Bacilli;Staphylococcales;Staphylococcaceae;Staphylococcus
LP250.2;ASV128;0;LP250;larvae;sorb+;2.5;2;Bacteria;Proteobacteria;Gammaproteobacteria;Burkholderiales;Hydrogenophilaceae;Tepidiphilus
LP250.2;ASV129;0;LP250;larvae;sorb+;2.5;2;Bacteria;Proteobacteria;Alphaproteobacteria;Rhizobiales;Beijerinckiaceae;Methylobacterium-Methylorubrum
LP250.2;ASV130;0;LP250;larvae;sorb+;2.5;2;Bacteria;Proteobacteria;Alphaproteobacteria;Sphingomonadales;Sphingomonadaceae;Sphingomonas
LP250.2;ASV132;11;LP250;larvae;sorb+;2.5;2;Bacteria;Bacteroidota;Bacteroidia;Bacteroidales;Bacteroidaceae;Bacteroides
LP250.2;ASV134;0;LP250;larvae;sorb+;2.5;2;Bacteria;Proteobacteria;Gammaproteobacteria;Burkholderiales;Comamonadaceae;
LP250.2;ASV137;0;LP250;larvae;sorb+;2.5;2;Bacteria;Proteobacteria;Gammaproteobacteria;Pseudomonadales;Pseudomonadaceae;Pseudomonas
LP250.2;ASV146;0;LP250;larvae;sorb+;2.5;2;Bacteria;Firmicutes;Negativicutes;Veillonellales-Selenomonadales;Veillonellaceae;Dialister
LP250.2;ASV147;0;LP250;larvae;sorb+;2.5;2;Bacteria;Proteobacteria;Gammaproteobacteria;Pseudomonadales;Moraxellaceae;Acinetobacter
LP250.2;ASV148;0;LP250;larvae;sorb+;2.5;2;Bacteria;Actinobacteriota;Actinobacteria;Micrococcales;Dermabacteraceae;Brachybacterium
LP250.2;ASV153;0;LP250;larvae;sorb+;2.5;2;Bacteria;Proteobacteria;Gammaproteobacteria;Pseudomonadales;Pseudomonadaceae;Pseudomonas
LP250.2;ASV155;0;LP250;larvae;sorb+;2.5;2;Bacteria;Proteobacteria;Gammaproteobacteria;Pseudomonadales;Halomonadaceae;Halomonas
LP250.2;ASV159;0;LP250;larvae;sorb+;2.5;2;Bacteria;Actinobacteriota;Thermoleophilia;Solirubrobacterales;67-14;
LP250.2;ASV160;0;LP250;larvae;sorb+;2.5;2;Bacteria;Proteobacteria;Gammaproteobacteria;Burkholderiales;Burkholderiaceae;Ralstonia
LP250.2;ASV162;0;LP250;larvae;sorb+;2.5;2;Bacteria;Proteobacteria;Gammaproteobacteria;Pseudomonadales;Moraxellaceae;Acinetobacter
LP250.2;ASV164;0;LP250;larvae;sorb+;2.5;2;Bacteria;Proteobacteria;Gammaproteobacteria;Pseudomonadales;Alcanivoracaceae1;Alcanivorax
LP250.2;ASV165;0;LP250;larvae;sorb+;2.5;2;Bacteria;Dependentiae;Babeliae;Babeliales;Vermiphilaceae;
LP250.2;ASV172;0;LP250;larvae;sorb+;2.5;2;Bacteria;Proteobacteria;Gammaproteobacteria;Enterobacterales;Pseudoalteromonadaceae;Pseudoalteromonas
LP250.2;ASV173;0;LP250;larvae;sorb+;2.5;2;Bacteria;Firmicutes;Bacilli;Lactobacillales;Carnobacteriaceae;Isobaculum
LP250.2;ASV174;4;LP250;larvae;sorb+;2.5;2;Bacteria;Firmicutes;Bacilli;Erysipelotrichales;Erysipelotrichaceae;Turicibacter
LP250.2;ASV175;6;LP250;larvae;sorb+;2.5;2;Bacteria;Actinobacteriota;Actinobacteria;Actinomycetales;Actinomycetaceae;Actinomyces
LP250.2;ASV176;0;LP250;larvae;sorb+;2.5;2;Bacteria;Proteobacteria;Gammaproteobacteria;Burkholderiales;Comamonadaceae;Aquabacterium
LP250.2;ASV178;0;LP250;larvae;sorb+;2.5;2;Bacteria;Proteobacteria;Gammaproteobacteria;Burkholderiales;Burkholderiaceae;Burkholderia-Caballeronia-Paraburkholderia
LP250.2;ASV182;0;LP250;larvae;sorb+;2.5;2;Bacteria;Proteobacteria;Gammaproteobacteria;Enterobacterales;Alteromonadaceae;Alteromonas
LP250.2;ASV183;0;LP250;larvae;sorb+;2.5;2;Bacteria;Proteobacteria;Gammaproteobacteria;Xanthomonadales;Xanthomonadaceae;Stenotrophomonas
LP250.2;ASV185;0;LP250;larvae;sorb+;2.5;2;Bacteria;Firmicutes;Bacilli;Bacillales;Bacillaceae;Anaerobacillus
LP250.2;ASV191;0;LP250;larvae;sorb+;2.5;2;Bacteria;Firmicutes;Clostridia;Oscillospirales;Ruminococcaceae;Faecalibacterium
LP250.2;ASV194;0;LP250;larvae;sorb+;2.5;2;Bacteria;Proteobacteria;Gammaproteobacteria;Burkholderiales;Comamonadaceae;
LP250.2;ASV195;0;LP250;larvae;sorb+;2.5;2;Bacteria;Firmicutes;Bacilli;Thermicanales;Thermicanaceae;Thermicanus
LP250.2;ASV197;0;LP250;larvae;sorb+;2.5;2;Bacteria;Firmicutes;Bacilli;Bacillales;Bacillaceae;Aeribacillus
LP250.2;ASV198;0;LP250;larvae;sorb+;2.5;2;Bacteria;Proteobacteria;Gammaproteobacteria;Burkholderiales;Comamonadaceae;
LP250.2;ASV200;0;LP250;larvae;sorb+;2.5;2;Bacteria;Proteobacteria;Gammaproteobacteria;Enterobacterales;Pseudoalteromonadaceae;Pseudoalteromonas
LP250.2;ASV206;0;LP250;larvae;sorb+;2.5;2;Bacteria;Firmicutes;Clostridia;Oscillospirales;Oscillospiraceae;UCG-002
LP250.2;ASV207;0;LP250;larvae;sorb+;2.5;2;Bacteria;Firmicutes;Negativicutes;Veillonellales-Selenomonadales;Veillonellaceae;Dialister
LP250.2;ASV208;0;LP250;larvae;sorb+;2.5;2;Bacteria;Actinobacteriota;Actinobacteria;Micromonosporales;Micromonosporaceae;Catellatospora
LP250.2;ASV211;0;LP250;larvae;sorb+;2.5;2;Bacteria;Firmicutes;Bacilli;Lactobacillales;Carnobacteriaceae;Atopostipes
LP250.2;ASV212;0;LP250;larvae;sorb+;2.5;2;Bacteria;Proteobacteria;Gammaproteobacteria;Xanthomonadales;Xanthomonadaceae;Stenotrophomonas
LP250.2;ASV213;0;LP250;larvae;sorb+;2.5;2;Bacteria;Proteobacteria;Gammaproteobacteria;Enterobacterales;Pseudoalteromonadaceae;Pseudoalteromonas
LP250.2;ASV214;0;LP250;larvae;sorb+;2.5;2;Bacteria;Proteobacteria;Gammaproteobacteria;Xanthomonadales;Xanthomonadaceae;Stenotrophomonas
LP250.2;ASV215;0;LP250;larvae;sorb+;2.5;2;Bacteria;Bacteroidota;Bacteroidia;Bacteroidales;Bacteroidaceae;Bacteroides
LP250.2;ASV216;0;LP250;larvae;sorb+;2.5;2;Bacteria;Proteobacteria;Gammaproteobacteria;Burkholderiales;Hydrogenophilaceae;Tepidiphilus
LP250.2;ASV217;0;LP250;larvae;sorb+;2.5;2;Bacteria;Proteobacteria;Gammaproteobacteria;Pseudomonadales;Alcanivoracaceae1;Alcanivorax
LP250.2;ASV218;0;LP250;larvae;sorb+;2.5;2;Bacteria;Proteobacteria;Gammaproteobacteria;Enterobacterales;Morganellaceae;Moellerella
LP250.2;ASV226;0;LP250;larvae;sorb+;2.5;2;Bacteria;Proteobacteria;Gammaproteobacteria;Burkholderiales;Oxalobacteraceae;Massilia
LP250.2;ASV235;0;LP250;larvae;sorb+;2.5;2;Bacteria;Actinobacteriota;Actinobacteria;Micrococcales;Micrococcaceae;Micrococcus
LP250.2;ASV236;0;LP250;larvae;sorb+;2.5;2;Bacteria;Proteobacteria;Gammaproteobacteria;Burkholderiales;Comamonadaceae;Schlegelella
LP250.2;ASV237;0;LP250;larvae;sorb+;2.5;2;Bacteria;Verrucomicrobiota;Verrucomicrobiae;Pedosphaerales;Pedosphaeraceae;
LP250.2;ASV239;0;LP250;larvae;sorb+;2.5;2;Bacteria;Actinobacteriota;Acidimicrobiia;Microtrichales;Ilumatobacteraceae;Ilumatobacter
LP250.2;ASV240;0;LP250;larvae;sorb+;2.5;2;Bacteria;Proteobacteria;Gammaproteobacteria;Xanthomonadales;Xanthomonadaceae;Lysobacter
LP250.2;ASV241;0;LP250;larvae;sorb+;2.5;2;Bacteria;Actinobacteriota;Actinobacteria;Micrococcales;Micrococcaceae;Micrococcus
LP250.2;ASV242;0;LP250;larvae;sorb+;2.5;2;Bacteria;Actinobacteriota;Actinobacteria;Actinomycetales;Actinomycetaceae;Actinomyces
LP250.2;ASV243;0;LP250;larvae;sorb+;2.5;2;Bacteria;Proteobacteria;Gammaproteobacteria;Xanthomonadales;Xanthomonadaceae;Stenotrophomonas
LP250.2;ASV244;0;LP250;larvae;sorb+;2.5;2;Bacteria;Proteobacteria;Gammaproteobacteria;Pseudomonadales;Moraxellaceae;Enhydrobacter
LP250.2;ASV246;0;LP250;larvae;sorb+;2.5;2;Bacteria;Proteobacteria;Gammaproteobacteria;Nitrosococcales;Methylophagaceae;Methylophaga
LP250.2;ASV247;0;LP250;larvae;sorb+;2.5;2;Bacteria;Bacteroidota;Bacteroidia;Bacteroidales;Bacteroidaceae;Bacteroides
LP250.2;ASV248;0;LP250;larvae;sorb+;2.5;2;Bacteria;Proteobacteria;Gammaproteobacteria;Burkholderiales;Comamonadaceae;Tepidimonas
LP250.2;ASV250;0;LP250;larvae;sorb+;2.5;2;Bacteria;Proteobacteria;Gammaproteobacteria;Pseudomonadales;Marinobacteraceae;Marinobacter
LP250.2;ASV251;0;LP250;larvae;sorb+;2.5;2;Bacteria;Actinobacteriota;Actinobacteria;Streptomycetales;Streptomycetaceae;Streptomyces
LP250.2;ASV252;0;LP250;larvae;sorb+;2.5;2;Bacteria;Firmicutes;Bacilli;Staphylococcales;Staphylococcaceae;
LP250.2;ASV253;0;LP250;larvae;sorb+;2.5;2;Bacteria;Planctomycetota;Planctomycetes;Gemmatales;Gemmataceae;
LP250.2;ASV282;0;LP250;larvae;sorb+;2.5;2;Bacteria;Firmicutes;Bacilli;Lactobacillales;Carnobacteriaceae;Isobaculum
LP250.2;ASV283;0;LP250;larvae;sorb+;2.5;2;Bacteria;Proteobacteria;Gammaproteobacteria;Burkholderiales;Alcaligenaceae;Alcaligenes
LP250.2;ASV284;0;LP250;larvae;sorb+;2.5;2;Bacteria;Firmicutes;Bacilli;Lactobacillales;Lactobacillaceae;Weissella
LP250.2;ASV287;0;LP250;larvae;sorb+;2.5;2;Bacteria;Myxococcota;Polyangia;Polyangiales;BIrii41;
LP250.2;ASV290;0;LP250;larvae;sorb+;2.5;2;Bacteria;Firmicutes;Clostridia;Oscillospirales;[Eubacterium] coprostanoligenes group;
LP250.2;ASV291;0;LP250;larvae;sorb+;2.5;2;Bacteria;Proteobacteria;Alphaproteobacteria;Rhizobiales;Amb-16S-1323;
LP250.2;ASV294;0;LP250;larvae;sorb+;2.5;2;Bacteria;Proteobacteria;Gammaproteobacteria;Burkholderiales;SC-I-84;
LP250.2;ASV295;0;LP250;larvae;sorb+;2.5;2;Bacteria;Actinobacteriota;Actinobacteria;Micromonosporales;Micromonosporaceae;Virgisporangium
LP250.2;ASV296;0;LP250;larvae;sorb+;2.5;2;Bacteria;Proteobacteria;Gammaproteobacteria;Pseudomonadales;Moraxellaceae;Acinetobacter
LP250.2;ASV297;0;LP250;larvae;sorb+;2.5;2;Bacteria;Actinobacteriota;Acidimicrobiia;Microtrichales;Ilumatobacteraceae;
LP250.2;ASV298;0;LP250;larvae;sorb+;2.5;2;Bacteria;Firmicutes;Bacilli;Paenibacillales;Paenibacillaceae;Paenibacillus
LP250.2;ASV299;0;LP250;larvae;sorb+;2.5;2;Bacteria;Actinobacteriota;Thermoleophilia;Solirubrobacterales;67-14;
LP250.2;ASV300;0;LP250;larvae;sorb+;2.5;2;Bacteria;Proteobacteria;Gammaproteobacteria;Enterobacterales;Vibrionaceae;
LP250.2;ASV304;1;LP250;larvae;sorb+;2.5;2;Bacteria;Firmicutes;Clostridia;Lachnospirales;Lachnospiraceae;[Ruminococcus] gauvreauii group
LP250.2;ASV305;2;LP250;larvae;sorb+;2.5;2;Bacteria;Actinobacteriota;Actinobacteria;Micrococcales;Brevibacteriaceae;Brevibacterium
LP250.2;ASV306;0;LP250;larvae;sorb+;2.5;2;Bacteria;Firmicutes;Bacilli;Lactobacillales;Lactobacillaceae;Weissella
LP250.2;ASV308;0;LP250;larvae;sorb+;2.5;2;Bacteria;Proteobacteria;Gammaproteobacteria;Burkholderiales;Oxalobacteraceae;Duganella
LP250.2;ASV309;0;LP250;larvae;sorb+;2.5;2;Bacteria;Firmicutes;Bacilli;Lactobacillales;Carnobacteriaceae;Isobaculum
LP250.2;ASV310;0;LP250;larvae;sorb+;2.5;2;Bacteria;Proteobacteria;Alphaproteobacteria;Rhodobacterales;Rhodobacteraceae;Paracoccus
LP250.2;ASV311;0;LP250;larvae;sorb+;2.5;2;Bacteria;Acidobacteriota;Vicinamibacteria;Vicinamibacterales;Vicinamibacteraceae;
LP250.2;ASV362;0;LP250;larvae;sorb+;2.5;2;Bacteria;Firmicutes;Bacilli;Lactobacillales;Lactobacillaceae;Lactobacillus
LP250.2;ASV363;0;LP250;larvae;sorb+;2.5;2;Bacteria;Bacteroidota;Bacteroidia;Bacteroidales;Tannerellaceae;Parabacteroides
LP250.2;ASV365;0;LP250;larvae;sorb+;2.5;2;Bacteria;Proteobacteria;Gammaproteobacteria;Burkholderiales;Burkholderiaceae;Ralstonia
LP250.2;ASV370;0;LP250;larvae;sorb+;2.5;2;Bacteria;Proteobacteria;Gammaproteobacteria;Burkholderiales;Rhodocyclaceae;
LP250.2;ASV371;0;LP250;larvae;sorb+;2.5;2;Bacteria;Firmicutes;Clostridia;Lachnospirales;Lachnospiraceae;Lachnospiraceae NK4A136 group
LP250.2;ASV374;0;LP250;larvae;sorb+;2.5;2;Bacteria;Gemmatimonadota;Gemmatimonadetes;Gemmatimonadales;Gemmatimonadaceae;Gemmatimonas
LP250.2;ASV376;0;LP250;larvae;sorb+;2.5;2;Bacteria;Acidobacteriota;Vicinamibacteria;Vicinamibacterales;Vicinamibacteraceae;Vicinamibacter
LP250.2;ASV383;0;LP250;larvae;sorb+;2.5;2;Bacteria;Proteobacteria;Gammaproteobacteria;Burkholderiales;Gallionellaceae;Gallionella
LP250.2;ASV389;0;LP250;larvae;sorb+;2.5;2;Bacteria;Proteobacteria;Alphaproteobacteria;Sphingomonadales;Sphingomonadaceae;Sphingobium
LP250.2;ASV393;0;LP250;larvae;sorb+;2.5;2;Bacteria;Firmicutes;Bacilli;Lactobacillales;Lactobacillaceae;Weissella
LP250.2;ASV394;0;LP250;larvae;sorb+;2.5;2;Bacteria;Proteobacteria;Gammaproteobacteria;Burkholderiales;Sutterellaceae;Parasutterella
LP250.2;ASV395;0;LP250;larvae;sorb+;2.5;2;Bacteria;Actinobacteriota;Actinobacteria;Frankiales;Cryptosporangiaceae;Cryptosporangium
LP250.2;ASV397;0;LP250;larvae;sorb+;2.5;2;Bacteria;Bacteroidota;Bacteroidia;Bacteroidales;Muribaculaceae;
LP250.2;ASV399;0;LP250;larvae;sorb+;2.5;2;Bacteria;Firmicutes;Bacilli;Paenibacillales;Paenibacillaceae;Paenibacillus
LP250.2;ASV400;0;LP250;larvae;sorb+;2.5;2;Bacteria;Proteobacteria;Gammaproteobacteria;Pseudomonadales;Moraxellaceae;Acinetobacter
LP250.2;ASV401;0;LP250;larvae;sorb+;2.5;2;Bacteria;Proteobacteria;Alphaproteobacteria;Caulobacterales;Caulobacteraceae;Brevundimonas
LP250.2;ASV402;0;LP250;larvae;sorb+;2.5;2;Bacteria;Proteobacteria;Gammaproteobacteria;Pseudomonadales;Moraxellaceae;Psychrobacter
LP250.2;ASV408;0;LP250;larvae;sorb+;2.5;2;Bacteria;Proteobacteria;Gammaproteobacteria;Burkholderiales;SC-I-84;
LP250.2;ASV410;0;LP250;larvae;sorb+;2.5;2;Bacteria;Proteobacteria;Alphaproteobacteria;Rhizobiales;Xanthobacteraceae;Bradyrhizobium
LP250.3;ASV1;1069;LP250;larvae;sorb+;2.5;3;Bacteria;Proteobacteria;Gammaproteobacteria;Enterobacterales;Morganellaceae;Providencia
LP250.3;ASV2;22913;LP250;larvae;sorb+;2.5;3;Bacteria;Proteobacteria;Gammaproteobacteria;Enterobacterales;Enterobacteriaceae;Klebsiella
LP250.3;ASV3;0;LP250;larvae;sorb+;2.5;3;Bacteria;Proteobacteria;Gammaproteobacteria;Enterobacterales;Enterobacteriaceae;Enterobacter*
LP250.3;ASV4;13517;LP250;larvae;sorb+;2.5;3;Bacteria;Firmicutes;Bacilli;Lactobacillales;Enterococcaceae;Enterococcus
LP250.3;ASV5;24;LP250;larvae;sorb+;2.5;3;Bacteria;Firmicutes;Bacilli;Lactobacillales;Lactobacillaceae;Lactiplantibacillus
LP250.3;ASV6;0;LP250;larvae;sorb+;2.5;3;Bacteria;Firmicutes;Bacilli;Lactobacillales;Lactobacillaceae;Lactobacillus
LP250.3;ASV7;0;LP250;larvae;sorb+;2.5;3;Bacteria;Firmicutes;Bacilli;Lactobacillales;Lactobacillaceae;Weissella
LP250.3;ASV8;8871;LP250;larvae;sorb+;2.5;3;Bacteria;Firmicutes;Bacilli;Lactobacillales;Enterococcaceae;Enterococcus
LP250.3;ASV9;23;LP250;larvae;sorb+;2.5;3;Bacteria;Firmicutes;Bacilli;Lactobacillales;Lactobacillaceae;Levilactobacillus
LP250.3;ASV13;0;LP250;larvae;sorb+;2.5;3;Bacteria;Firmicutes;Bacilli;Staphylococcales;Staphylococcaceae;Mammaliicoccus*
LP250.3;ASV14;0;LP250;larvae;sorb+;2.5;3;Bacteria;Firmicutes;Bacilli;Lactobacillales;Enterococcaceae;Enterococcus
LP250.3;ASV15;52;LP250;larvae;sorb+;2.5;3;Bacteria;Firmicutes;Bacilli;Lactobacillales;Lactobacillaceae;Lacticaseibacillus
LP250.3;ASV18;32;LP250;larvae;sorb+;2.5;3;Bacteria;Actinobacteriota;Actinobacteria;Actinomycetales;Actinomycetaceae;Actinomyces
LP250.3;ASV19;0;LP250;larvae;sorb+;2.5;3;Bacteria;Proteobacteria;Gammaproteobacteria;Enterobacterales;Morganellaceae;Proteus
LP250.3;ASV20;0;LP250;larvae;sorb+;2.5;3;Bacteria;Actinobacteriota;Actinobacteria;Corynebacteriales;Corynebacteriaceae;Corynebacterium
LP250.3;ASV21;93;LP250;larvae;sorb+;2.5;3;Bacteria;Firmicutes;Bacilli;Bacillales;Bacillaceae;Bacillus
LP250.3;ASV22;9;LP250;larvae;sorb+;2.5;3;Bacteria;Firmicutes;Bacilli;Lactobacillales;Lactobacillaceae;Lacticaseibacillus
LP250.3;ASV23;0;LP250;larvae;sorb+;2.5;3;Bacteria;Firmicutes;Bacilli;Lactobacillales;Lactobacillaceae;Limosilactobacillus
LP250.3;ASV24;6;LP250;larvae;sorb+;2.5;3;Bacteria;Proteobacteria;Gammaproteobacteria;Enterobacterales;Enterobacteriaceae;Escherichia-Shigella
LP250.3;ASV25;0;LP250;larvae;sorb+;2.5;3;Bacteria;Firmicutes;Bacilli;Lactobacillales;Enterococcaceae;Enterococcus
LP250.3;ASV28;0;LP250;larvae;sorb+;2.5;3;Bacteria;Firmicutes;Bacilli;Lactobacillales;Lactobacillaceae;Lacticaseibacillus
LP250.3;ASV34;0;LP250;larvae;sorb+;2.5;3;Bacteria;Proteobacteria;Gammaproteobacteria;Enterobacterales;Enterobacteriaceae;Klebsiella
LP250.3;ASV35;0;LP250;larvae;sorb+;2.5;3;Bacteria;Firmicutes;Bacilli;Lactobacillales;Lactobacillaceae;Weissella
LP250.3;ASV36;0;LP250;larvae;sorb+;2.5;3;Bacteria;Proteobacteria;Gammaproteobacteria;Enterobacterales;Morganellaceae;Providencia
LP250.3;ASV37;0;LP250;larvae;sorb+;2.5;3;Bacteria;Firmicutes;Bacilli;Lactobacillales;Lactobacillaceae;Pediococcus
LP250.3;ASV40;0;LP250;larvae;sorb+;2.5;3;Bacteria;Actinobacteriota;Actinobacteria;Corynebacteriales;Corynebacteriaceae;Corynebacterium
LP250.3;ASV43;0;LP250;larvae;sorb+;2.5;3;Bacteria;Proteobacteria;Gammaproteobacteria;Enterobacterales;Enterobacteriaceae;Enterobacter*
LP250.3;ASV44;0;LP250;larvae;sorb+;2.5;3;Bacteria;Firmicutes;Bacilli;Lactobacillales;Enterococcaceae;Enterococcus*
LP250.3;ASV46;209;LP250;larvae;sorb+;2.5;3;Bacteria;Firmicutes;Bacilli;Lactobacillales;Enterococcaceae;Enterococcus
LP250.3;ASV50;92;LP250;larvae;sorb+;2.5;3;Bacteria;Proteobacteria;Gammaproteobacteria;Pseudomonadales;Pseudomonadaceae;Pseudomonas
LP250.3;ASV53;0;LP250;larvae;sorb+;2.5;3;Bacteria;Actinobacteriota;Actinobacteria;Corynebacteriales;Corynebacteriaceae;Corynebacterium
LP250.3;ASV55;0;LP250;larvae;sorb+;2.5;3;Bacteria;Firmicutes;Bacilli;Bacillales;Bacillaceae;Bacillus
LP250.3;ASV58;0;LP250;larvae;sorb+;2.5;3;Bacteria;Actinobacteriota;Actinobacteria;Micrococcales;Brevibacteriaceae;Brevibacterium
LP250.3;ASV65;0;LP250;larvae;sorb+;2.5;3;Bacteria;Bacteroidota;Bacteroidia;Bacteroidales;Bacteroidaceae;Bacteroides
LP250.3;ASV66;0;LP250;larvae;sorb+;2.5;3;Bacteria;Firmicutes;Bacilli;Staphylococcales;Staphylococcaceae;Staphylococcus
LP250.3;ASV69;0;LP250;larvae;sorb+;2.5;3;Bacteria;Firmicutes;Bacilli;Bacillales;Planococcaceae;Uncult. bacterium*
LP250.3;ASV73;6;LP250;larvae;sorb+;2.5;3;Bacteria;Proteobacteria;Gammaproteobacteria;Burkholderiales;Burkholderiaceae;Ralstonia
LP250.3;ASV76;0;LP250;larvae;sorb+;2.5;3;Bacteria;Proteobacteria;Gammaproteobacteria;Pseudomonadales;Pseudomonadaceae;Pseudomonas
LP250.3;ASV83;0;LP250;larvae;sorb+;2.5;3;Bacteria;Proteobacteria;Gammaproteobacteria;Burkholderiales;Comamonadaceae;Delftia
LP250.3;ASV85;0;LP250;larvae;sorb+;2.5;3;Bacteria;Bacteroidota;Bacteroidia;Bacteroidales;Bacteroidaceae;Bacteroides
LP250.3;ASV86;0;LP250;larvae;sorb+;2.5;3;Bacteria;Bacteroidota;Bacteroidia;Bacteroidales;Bacteroidaceae;Bacteroides
LP250.3;ASV87;0;LP250;larvae;sorb+;2.5;3;Bacteria;Firmicutes;Bacilli;Lactobacillales;Streptococcaceae;Streptococcus
LP250.3;ASV90;3;LP250;larvae;sorb+;2.5;3;Bacteria;Proteobacteria;Gammaproteobacteria;Xanthomonadales;Xanthomonadaceae;Stenotrophomonas
LP250.3;ASV92;16;LP250;larvae;sorb+;2.5;3;Bacteria;Proteobacteria;Gammaproteobacteria;Enterobacterales;Yersiniaceae;Yersinia
LP250.3;ASV95;0;LP250;larvae;sorb+;2.5;3;Bacteria;Proteobacteria;Gammaproteobacteria;Pseudomonadales;Moraxellaceae;Psychrobacter
LP250.3;ASV98;0;LP250;larvae;sorb+;2.5;3;Bacteria;Proteobacteria;Gammaproteobacteria;Enterobacterales;Enterobacteriaceae;
LP250.3;ASV99;9;LP250;larvae;sorb+;2.5;3;Bacteria;Proteobacteria;Alphaproteobacteria;Sphingomonadales;Sphingomonadaceae;Sphingomonas
LP250.3;ASV100;0;LP250;larvae;sorb+;2.5;3;Bacteria;Firmicutes;Bacilli;Lactobacillales;Lactobacillaceae;Lapidilactobacillus
LP250.3;ASV103;0;LP250;larvae;sorb+;2.5;3;Bacteria;Bacteroidota;Bacteroidia;Bacteroidales;Tannerellaceae;Parabacteroides
LP250.3;ASV106;0;LP250;larvae;sorb+;2.5;3;Bacteria;Proteobacteria;Gammaproteobacteria;Enterobacterales;Morganellaceae;Providencia
LP250.3;ASV109;0;LP250;larvae;sorb+;2.5;3;Bacteria;Proteobacteria;Alphaproteobacteria;Rhodobacterales;Rhodobacteraceae;Rubellimicrobium
LP250.3;ASV111;0;LP250;larvae;sorb+;2.5;3;Bacteria;Bacteroidota;Bacteroidia;Bacteroidales;Bacteroidaceae;Bacteroides
LP250.3;ASV115;0;LP250;larvae;sorb+;2.5;3;Bacteria;Proteobacteria;Gammaproteobacteria;Pseudomonadales;Alcanivoracaceae1;Alcanivorax
LP250.3;ASV117;0;LP250;larvae;sorb+;2.5;3;Bacteria;Actinobacteriota;Actinobacteria;Corynebacteriales;Corynebacteriaceae;Corynebacterium
LP250.3;ASV120;0;LP250;larvae;sorb+;2.5;3;Bacteria;Proteobacteria;Gammaproteobacteria;Burkholderiales;Sutterellaceae;Parasutterella
LP250.3;ASV124;0;LP250;larvae;sorb+;2.5;3;Bacteria;Firmicutes;Bacilli;Staphylococcales;Staphylococcaceae;Staphylococcus
LP250.3;ASV128;0;LP250;larvae;sorb+;2.5;3;Bacteria;Proteobacteria;Gammaproteobacteria;Burkholderiales;Hydrogenophilaceae;Tepidiphilus
LP250.3;ASV129;0;LP250;larvae;sorb+;2.5;3;Bacteria;Proteobacteria;Alphaproteobacteria;Rhizobiales;Beijerinckiaceae;Methylobacterium-Methylorubrum
LP250.3;ASV130;0;LP250;larvae;sorb+;2.5;3;Bacteria;Proteobacteria;Alphaproteobacteria;Sphingomonadales;Sphingomonadaceae;Sphingomonas
LP250.3;ASV132;0;LP250;larvae;sorb+;2.5;3;Bacteria;Bacteroidota;Bacteroidia;Bacteroidales;Bacteroidaceae;Bacteroides
LP250.3;ASV134;0;LP250;larvae;sorb+;2.5;3;Bacteria;Proteobacteria;Gammaproteobacteria;Burkholderiales;Comamonadaceae;
LP250.3;ASV137;0;LP250;larvae;sorb+;2.5;3;Bacteria;Proteobacteria;Gammaproteobacteria;Pseudomonadales;Pseudomonadaceae;Pseudomonas
LP250.3;ASV146;0;LP250;larvae;sorb+;2.5;3;Bacteria;Firmicutes;Negativicutes;Veillonellales-Selenomonadales;Veillonellaceae;Dialister
LP250.3;ASV147;0;LP250;larvae;sorb+;2.5;3;Bacteria;Proteobacteria;Gammaproteobacteria;Pseudomonadales;Moraxellaceae;Acinetobacter
LP250.3;ASV148;0;LP250;larvae;sorb+;2.5;3;Bacteria;Actinobacteriota;Actinobacteria;Micrococcales;Dermabacteraceae;Brachybacterium
LP250.3;ASV153;0;LP250;larvae;sorb+;2.5;3;Bacteria;Proteobacteria;Gammaproteobacteria;Pseudomonadales;Pseudomonadaceae;Pseudomonas
LP250.3;ASV155;0;LP250;larvae;sorb+;2.5;3;Bacteria;Proteobacteria;Gammaproteobacteria;Pseudomonadales;Halomonadaceae;Halomonas
LP250.3;ASV159;0;LP250;larvae;sorb+;2.5;3;Bacteria;Actinobacteriota;Thermoleophilia;Solirubrobacterales;67-14;
LP250.3;ASV160;0;LP250;larvae;sorb+;2.5;3;Bacteria;Proteobacteria;Gammaproteobacteria;Burkholderiales;Burkholderiaceae;Ralstonia
LP250.3;ASV162;0;LP250;larvae;sorb+;2.5;3;Bacteria;Proteobacteria;Gammaproteobacteria;Pseudomonadales;Moraxellaceae;Acinetobacter
LP250.3;ASV164;0;LP250;larvae;sorb+;2.5;3;Bacteria;Proteobacteria;Gammaproteobacteria;Pseudomonadales;Alcanivoracaceae1;Alcanivorax
LP250.3;ASV165;0;LP250;larvae;sorb+;2.5;3;Bacteria;Dependentiae;Babeliae;Babeliales;Vermiphilaceae;
LP250.3;ASV172;0;LP250;larvae;sorb+;2.5;3;Bacteria;Proteobacteria;Gammaproteobacteria;Enterobacterales;Pseudoalteromonadaceae;Pseudoalteromonas
LP250.3;ASV173;0;LP250;larvae;sorb+;2.5;3;Bacteria;Firmicutes;Bacilli;Lactobacillales;Carnobacteriaceae;Isobaculum
LP250.3;ASV174;0;LP250;larvae;sorb+;2.5;3;Bacteria;Firmicutes;Bacilli;Erysipelotrichales;Erysipelotrichaceae;Turicibacter
LP250.3;ASV175;0;LP250;larvae;sorb+;2.5;3;Bacteria;Actinobacteriota;Actinobacteria;Actinomycetales;Actinomycetaceae;Actinomyces
LP250.3;ASV176;0;LP250;larvae;sorb+;2.5;3;Bacteria;Proteobacteria;Gammaproteobacteria;Burkholderiales;Comamonadaceae;Aquabacterium
LP250.3;ASV178;0;LP250;larvae;sorb+;2.5;3;Bacteria;Proteobacteria;Gammaproteobacteria;Burkholderiales;Burkholderiaceae;Burkholderia-Caballeronia-Paraburkholderia
LP250.3;ASV182;0;LP250;larvae;sorb+;2.5;3;Bacteria;Proteobacteria;Gammaproteobacteria;Enterobacterales;Alteromonadaceae;Alteromonas
LP250.3;ASV183;0;LP250;larvae;sorb+;2.5;3;Bacteria;Proteobacteria;Gammaproteobacteria;Xanthomonadales;Xanthomonadaceae;Stenotrophomonas
LP250.3;ASV185;4;LP250;larvae;sorb+;2.5;3;Bacteria;Firmicutes;Bacilli;Bacillales;Bacillaceae;Anaerobacillus
LP250.3;ASV191;0;LP250;larvae;sorb+;2.5;3;Bacteria;Firmicutes;Clostridia;Oscillospirales;Ruminococcaceae;Faecalibacterium
LP250.3;ASV194;0;LP250;larvae;sorb+;2.5;3;Bacteria;Proteobacteria;Gammaproteobacteria;Burkholderiales;Comamonadaceae;
LP250.3;ASV195;1;LP250;larvae;sorb+;2.5;3;Bacteria;Firmicutes;Bacilli;Thermicanales;Thermicanaceae;Thermicanus
LP250.3;ASV197;0;LP250;larvae;sorb+;2.5;3;Bacteria;Firmicutes;Bacilli;Bacillales;Bacillaceae;Aeribacillus
LP250.3;ASV198;0;LP250;larvae;sorb+;2.5;3;Bacteria;Proteobacteria;Gammaproteobacteria;Burkholderiales;Comamonadaceae;
LP250.3;ASV200;1;LP250;larvae;sorb+;2.5;3;Bacteria;Proteobacteria;Gammaproteobacteria;Enterobacterales;Pseudoalteromonadaceae;Pseudoalteromonas
LP250.3;ASV206;0;LP250;larvae;sorb+;2.5;3;Bacteria;Firmicutes;Clostridia;Oscillospirales;Oscillospiraceae;UCG-002
LP250.3;ASV207;0;LP250;larvae;sorb+;2.5;3;Bacteria;Firmicutes;Negativicutes;Veillonellales-Selenomonadales;Veillonellaceae;Dialister
LP250.3;ASV208;0;LP250;larvae;sorb+;2.5;3;Bacteria;Actinobacteriota;Actinobacteria;Micromonosporales;Micromonosporaceae;Catellatospora
LP250.3;ASV211;0;LP250;larvae;sorb+;2.5;3;Bacteria;Firmicutes;Bacilli;Lactobacillales;Carnobacteriaceae;Atopostipes
LP250.3;ASV212;0;LP250;larvae;sorb+;2.5;3;Bacteria;Proteobacteria;Gammaproteobacteria;Xanthomonadales;Xanthomonadaceae;Stenotrophomonas
LP250.3;ASV213;0;LP250;larvae;sorb+;2.5;3;Bacteria;Proteobacteria;Gammaproteobacteria;Enterobacterales;Pseudoalteromonadaceae;Pseudoalteromonas
LP250.3;ASV214;0;LP250;larvae;sorb+;2.5;3;Bacteria;Proteobacteria;Gammaproteobacteria;Xanthomonadales;Xanthomonadaceae;Stenotrophomonas
LP250.3;ASV215;0;LP250;larvae;sorb+;2.5;3;Bacteria;Bacteroidota;Bacteroidia;Bacteroidales;Bacteroidaceae;Bacteroides
LP250.3;ASV216;4;LP250;larvae;sorb+;2.5;3;Bacteria;Proteobacteria;Gammaproteobacteria;Burkholderiales;Hydrogenophilaceae;Tepidiphilus
LP250.3;ASV217;0;LP250;larvae;sorb+;2.5;3;Bacteria;Proteobacteria;Gammaproteobacteria;Pseudomonadales;Alcanivoracaceae1;Alcanivorax
LP250.3;ASV218;0;LP250;larvae;sorb+;2.5;3;Bacteria;Proteobacteria;Gammaproteobacteria;Enterobacterales;Morganellaceae;Moellerella
LP250.3;ASV226;2;LP250;larvae;sorb+;2.5;3;Bacteria;Proteobacteria;Gammaproteobacteria;Burkholderiales;Oxalobacteraceae;Massilia
LP250.3;ASV235;0;LP250;larvae;sorb+;2.5;3;Bacteria;Actinobacteriota;Actinobacteria;Micrococcales;Micrococcaceae;Micrococcus
LP250.3;ASV236;0;LP250;larvae;sorb+;2.5;3;Bacteria;Proteobacteria;Gammaproteobacteria;Burkholderiales;Comamonadaceae;Schlegelella
LP250.3;ASV237;0;LP250;larvae;sorb+;2.5;3;Bacteria;Verrucomicrobiota;Verrucomicrobiae;Pedosphaerales;Pedosphaeraceae;
LP250.3;ASV239;0;LP250;larvae;sorb+;2.5;3;Bacteria;Actinobacteriota;Acidimicrobiia;Microtrichales;Ilumatobacteraceae;Ilumatobacter
LP250.3;ASV240;0;LP250;larvae;sorb+;2.5;3;Bacteria;Proteobacteria;Gammaproteobacteria;Xanthomonadales;Xanthomonadaceae;Lysobacter
LP250.3;ASV241;0;LP250;larvae;sorb+;2.5;3;Bacteria;Actinobacteriota;Actinobacteria;Micrococcales;Micrococcaceae;Micrococcus
LP250.3;ASV242;0;LP250;larvae;sorb+;2.5;3;Bacteria;Actinobacteriota;Actinobacteria;Actinomycetales;Actinomycetaceae;Actinomyces
LP250.3;ASV243;0;LP250;larvae;sorb+;2.5;3;Bacteria;Proteobacteria;Gammaproteobacteria;Xanthomonadales;Xanthomonadaceae;Stenotrophomonas
LP250.3;ASV244;0;LP250;larvae;sorb+;2.5;3;Bacteria;Proteobacteria;Gammaproteobacteria;Pseudomonadales;Moraxellaceae;Enhydrobacter
LP250.3;ASV246;0;LP250;larvae;sorb+;2.5;3;Bacteria;Proteobacteria;Gammaproteobacteria;Nitrosococcales;Methylophagaceae;Methylophaga
LP250.3;ASV247;0;LP250;larvae;sorb+;2.5;3;Bacteria;Bacteroidota;Bacteroidia;Bacteroidales;Bacteroidaceae;Bacteroides
LP250.3;ASV248;2;LP250;larvae;sorb+;2.5;3;Bacteria;Proteobacteria;Gammaproteobacteria;Burkholderiales;Comamonadaceae;Tepidimonas
LP250.3;ASV250;0;LP250;larvae;sorb+;2.5;3;Bacteria;Proteobacteria;Gammaproteobacteria;Pseudomonadales;Marinobacteraceae;Marinobacter
LP250.3;ASV251;0;LP250;larvae;sorb+;2.5;3;Bacteria;Actinobacteriota;Actinobacteria;Streptomycetales;Streptomycetaceae;Streptomyces
LP250.3;ASV252;0;LP250;larvae;sorb+;2.5;3;Bacteria;Firmicutes;Bacilli;Staphylococcales;Staphylococcaceae;
LP250.3;ASV253;0;LP250;larvae;sorb+;2.5;3;Bacteria;Planctomycetota;Planctomycetes;Gemmatales;Gemmataceae;
LP250.3;ASV282;0;LP250;larvae;sorb+;2.5;3;Bacteria;Firmicutes;Bacilli;Lactobacillales;Carnobacteriaceae;Isobaculum
LP250.3;ASV283;0;LP250;larvae;sorb+;2.5;3;Bacteria;Proteobacteria;Gammaproteobacteria;Burkholderiales;Alcaligenaceae;Alcaligenes
LP250.3;ASV284;0;LP250;larvae;sorb+;2.5;3;Bacteria;Firmicutes;Bacilli;Lactobacillales;Lactobacillaceae;Weissella
LP250.3;ASV287;0;LP250;larvae;sorb+;2.5;3;Bacteria;Myxococcota;Polyangia;Polyangiales;BIrii41;
LP250.3;ASV290;0;LP250;larvae;sorb+;2.5;3;Bacteria;Firmicutes;Clostridia;Oscillospirales;[Eubacterium] coprostanoligenes group;
LP250.3;ASV291;0;LP250;larvae;sorb+;2.5;3;Bacteria;Proteobacteria;Alphaproteobacteria;Rhizobiales;Amb-16S-1323;
LP250.3;ASV294;0;LP250;larvae;sorb+;2.5;3;Bacteria;Proteobacteria;Gammaproteobacteria;Burkholderiales;SC-I-84;
LP250.3;ASV295;0;LP250;larvae;sorb+;2.5;3;Bacteria;Actinobacteriota;Actinobacteria;Micromonosporales;Micromonosporaceae;Virgisporangium
LP250.3;ASV296;0;LP250;larvae;sorb+;2.5;3;Bacteria;Proteobacteria;Gammaproteobacteria;Pseudomonadales;Moraxellaceae;Acinetobacter
LP250.3;ASV297;0;LP250;larvae;sorb+;2.5;3;Bacteria;Actinobacteriota;Acidimicrobiia;Microtrichales;Ilumatobacteraceae;
LP250.3;ASV298;0;LP250;larvae;sorb+;2.5;3;Bacteria;Firmicutes;Bacilli;Paenibacillales;Paenibacillaceae;Paenibacillus
LP250.3;ASV299;0;LP250;larvae;sorb+;2.5;3;Bacteria;Actinobacteriota;Thermoleophilia;Solirubrobacterales;67-14;
LP250.3;ASV300;0;LP250;larvae;sorb+;2.5;3;Bacteria;Proteobacteria;Gammaproteobacteria;Enterobacterales;Vibrionaceae;
LP250.3;ASV304;0;LP250;larvae;sorb+;2.5;3;Bacteria;Firmicutes;Clostridia;Lachnospirales;Lachnospiraceae;[Ruminococcus] gauvreauii group
LP250.3;ASV305;0;LP250;larvae;sorb+;2.5;3;Bacteria;Actinobacteriota;Actinobacteria;Micrococcales;Brevibacteriaceae;Brevibacterium
LP250.3;ASV306;3;LP250;larvae;sorb+;2.5;3;Bacteria;Firmicutes;Bacilli;Lactobacillales;Lactobacillaceae;Weissella
LP250.3;ASV308;0;LP250;larvae;sorb+;2.5;3;Bacteria;Proteobacteria;Gammaproteobacteria;Burkholderiales;Oxalobacteraceae;Duganella
LP250.3;ASV309;0;LP250;larvae;sorb+;2.5;3;Bacteria;Firmicutes;Bacilli;Lactobacillales;Carnobacteriaceae;Isobaculum
LP250.3;ASV310;0;LP250;larvae;sorb+;2.5;3;Bacteria;Proteobacteria;Alphaproteobacteria;Rhodobacterales;Rhodobacteraceae;Paracoccus
LP250.3;ASV311;0;LP250;larvae;sorb+;2.5;3;Bacteria;Acidobacteriota;Vicinamibacteria;Vicinamibacterales;Vicinamibacteraceae;
LP250.3;ASV362;0;LP250;larvae;sorb+;2.5;3;Bacteria;Firmicutes;Bacilli;Lactobacillales;Lactobacillaceae;Lactobacillus
LP250.3;ASV363;0;LP250;larvae;sorb+;2.5;3;Bacteria;Bacteroidota;Bacteroidia;Bacteroidales;Tannerellaceae;Parabacteroides
LP250.3;ASV365;0;LP250;larvae;sorb+;2.5;3;Bacteria;Proteobacteria;Gammaproteobacteria;Burkholderiales;Burkholderiaceae;Ralstonia
LP250.3;ASV370;0;LP250;larvae;sorb+;2.5;3;Bacteria;Proteobacteria;Gammaproteobacteria;Burkholderiales;Rhodocyclaceae;
LP250.3;ASV371;0;LP250;larvae;sorb+;2.5;3;Bacteria;Firmicutes;Clostridia;Lachnospirales;Lachnospiraceae;Lachnospiraceae NK4A136 group
LP250.3;ASV374;0;LP250;larvae;sorb+;2.5;3;Bacteria;Gemmatimonadota;Gemmatimonadetes;Gemmatimonadales;Gemmatimonadaceae;Gemmatimonas
LP250.3;ASV376;0;LP250;larvae;sorb+;2.5;3;Bacteria;Acidobacteriota;Vicinamibacteria;Vicinamibacterales;Vicinamibacteraceae;Vicinamibacter
LP250.3;ASV383;0;LP250;larvae;sorb+;2.5;3;Bacteria;Proteobacteria;Gammaproteobacteria;Burkholderiales;Gallionellaceae;Gallionella
LP250.3;ASV389;0;LP250;larvae;sorb+;2.5;3;Bacteria;Proteobacteria;Alphaproteobacteria;Sphingomonadales;Sphingomonadaceae;Sphingobium
LP250.3;ASV393;0;LP250;larvae;sorb+;2.5;3;Bacteria;Firmicutes;Bacilli;Lactobacillales;Lactobacillaceae;Weissella
LP250.3;ASV394;0;LP250;larvae;sorb+;2.5;3;Bacteria;Proteobacteria;Gammaproteobacteria;Burkholderiales;Sutterellaceae;Parasutterella
LP250.3;ASV395;0;LP250;larvae;sorb+;2.5;3;Bacteria;Actinobacteriota;Actinobacteria;Frankiales;Cryptosporangiaceae;Cryptosporangium
LP250.3;ASV397;0;LP250;larvae;sorb+;2.5;3;Bacteria;Bacteroidota;Bacteroidia;Bacteroidales;Muribaculaceae;
LP250.3;ASV399;0;LP250;larvae;sorb+;2.5;3;Bacteria;Firmicutes;Bacilli;Paenibacillales;Paenibacillaceae;Paenibacillus
LP250.3;ASV400;0;LP250;larvae;sorb+;2.5;3;Bacteria;Proteobacteria;Gammaproteobacteria;Pseudomonadales;Moraxellaceae;Acinetobacter
LP250.3;ASV401;0;LP250;larvae;sorb+;2.5;3;Bacteria;Proteobacteria;Alphaproteobacteria;Caulobacterales;Caulobacteraceae;Brevundimonas
LP250.3;ASV402;0;LP250;larvae;sorb+;2.5;3;Bacteria;Proteobacteria;Gammaproteobacteria;Pseudomonadales;Moraxellaceae;Psychrobacter
LP250.3;ASV408;0;LP250;larvae;sorb+;2.5;3;Bacteria;Proteobacteria;Gammaproteobacteria;Burkholderiales;SC-I-84;
LP250.3;ASV410;0;LP250;larvae;sorb+;2.5;3;Bacteria;Proteobacteria;Alphaproteobacteria;Rhizobiales;Xanthobacteraceae;Bradyrhizobium
LP500.1;ASV1;173;LP500;larvae;sorb+;5;1;Bacteria;Proteobacteria;Gammaproteobacteria;Enterobacterales;Morganellaceae;Providencia
LP500.1;ASV2;19371;LP500;larvae;sorb+;5;1;Bacteria;Proteobacteria;Gammaproteobacteria;Enterobacterales;Enterobacteriaceae;Klebsiella
LP500.1;ASV3;12936;LP500;larvae;sorb+;5;1;Bacteria;Proteobacteria;Gammaproteobacteria;Enterobacterales;Enterobacteriaceae;Enterobacter*
LP500.1;ASV4;11626;LP500;larvae;sorb+;5;1;Bacteria;Firmicutes;Bacilli;Lactobacillales;Enterococcaceae;Enterococcus
LP500.1;ASV5;7;LP500;larvae;sorb+;5;1;Bacteria;Firmicutes;Bacilli;Lactobacillales;Lactobacillaceae;Lactiplantibacillus
LP500.1;ASV6;2;LP500;larvae;sorb+;5;1;Bacteria;Firmicutes;Bacilli;Lactobacillales;Lactobacillaceae;Lactobacillus
LP500.1;ASV7;0;LP500;larvae;sorb+;5;1;Bacteria;Firmicutes;Bacilli;Lactobacillales;Lactobacillaceae;Weissella
LP500.1;ASV8;2206;LP500;larvae;sorb+;5;1;Bacteria;Firmicutes;Bacilli;Lactobacillales;Enterococcaceae;Enterococcus
LP500.1;ASV9;11;LP500;larvae;sorb+;5;1;Bacteria;Firmicutes;Bacilli;Lactobacillales;Lactobacillaceae;Levilactobacillus
LP500.1;ASV13;0;LP500;larvae;sorb+;5;1;Bacteria;Firmicutes;Bacilli;Staphylococcales;Staphylococcaceae;Mammaliicoccus*
LP500.1;ASV14;142;LP500;larvae;sorb+;5;1;Bacteria;Firmicutes;Bacilli;Lactobacillales;Enterococcaceae;Enterococcus
LP500.1;ASV15;14;LP500;larvae;sorb+;5;1;Bacteria;Firmicutes;Bacilli;Lactobacillales;Lactobacillaceae;Lacticaseibacillus
LP500.1;ASV18;0;LP500;larvae;sorb+;5;1;Bacteria;Actinobacteriota;Actinobacteria;Actinomycetales;Actinomycetaceae;Actinomyces
LP500.1;ASV19;0;LP500;larvae;sorb+;5;1;Bacteria;Proteobacteria;Gammaproteobacteria;Enterobacterales;Morganellaceae;Proteus
LP500.1;ASV20;0;LP500;larvae;sorb+;5;1;Bacteria;Actinobacteriota;Actinobacteria;Corynebacteriales;Corynebacteriaceae;Corynebacterium
LP500.1;ASV21;45;LP500;larvae;sorb+;5;1;Bacteria;Firmicutes;Bacilli;Bacillales;Bacillaceae;Bacillus
LP500.1;ASV22;0;LP500;larvae;sorb+;5;1;Bacteria;Firmicutes;Bacilli;Lactobacillales;Lactobacillaceae;Lacticaseibacillus
LP500.1;ASV23;0;LP500;larvae;sorb+;5;1;Bacteria;Firmicutes;Bacilli;Lactobacillales;Lactobacillaceae;Limosilactobacillus
LP500.1;ASV24;0;LP500;larvae;sorb+;5;1;Bacteria;Proteobacteria;Gammaproteobacteria;Enterobacterales;Enterobacteriaceae;Escherichia-Shigella
LP500.1;ASV25;0;LP500;larvae;sorb+;5;1;Bacteria;Firmicutes;Bacilli;Lactobacillales;Enterococcaceae;Enterococcus
LP500.1;ASV28;0;LP500;larvae;sorb+;5;1;Bacteria;Firmicutes;Bacilli;Lactobacillales;Lactobacillaceae;Lacticaseibacillus
LP500.1;ASV34;298;LP500;larvae;sorb+;5;1;Bacteria;Proteobacteria;Gammaproteobacteria;Enterobacterales;Enterobacteriaceae;Klebsiella
LP500.1;ASV35;0;LP500;larvae;sorb+;5;1;Bacteria;Firmicutes;Bacilli;Lactobacillales;Lactobacillaceae;Weissella
LP500.1;ASV36;0;LP500;larvae;sorb+;5;1;Bacteria;Proteobacteria;Gammaproteobacteria;Enterobacterales;Morganellaceae;Providencia
LP500.1;ASV37;0;LP500;larvae;sorb+;5;1;Bacteria;Firmicutes;Bacilli;Lactobacillales;Lactobacillaceae;Pediococcus
LP500.1;ASV40;0;LP500;larvae;sorb+;5;1;Bacteria;Actinobacteriota;Actinobacteria;Corynebacteriales;Corynebacteriaceae;Corynebacterium
LP500.1;ASV43;0;LP500;larvae;sorb+;5;1;Bacteria;Proteobacteria;Gammaproteobacteria;Enterobacterales;Enterobacteriaceae;Enterobacter*
LP500.1;ASV44;0;LP500;larvae;sorb+;5;1;Bacteria;Firmicutes;Bacilli;Lactobacillales;Enterococcaceae;Enterococcus*
LP500.1;ASV46;81;LP500;larvae;sorb+;5;1;Bacteria;Firmicutes;Bacilli;Lactobacillales;Enterococcaceae;Enterococcus
LP500.1;ASV50;3;LP500;larvae;sorb+;5;1;Bacteria;Proteobacteria;Gammaproteobacteria;Pseudomonadales;Pseudomonadaceae;Pseudomonas
LP500.1;ASV53;0;LP500;larvae;sorb+;5;1;Bacteria;Actinobacteriota;Actinobacteria;Corynebacteriales;Corynebacteriaceae;Corynebacterium
LP500.1;ASV55;0;LP500;larvae;sorb+;5;1;Bacteria;Firmicutes;Bacilli;Bacillales;Bacillaceae;Bacillus
LP500.1;ASV58;0;LP500;larvae;sorb+;5;1;Bacteria;Actinobacteriota;Actinobacteria;Micrococcales;Brevibacteriaceae;Brevibacterium
LP500.1;ASV65;0;LP500;larvae;sorb+;5;1;Bacteria;Bacteroidota;Bacteroidia;Bacteroidales;Bacteroidaceae;Bacteroides
LP500.1;ASV66;8;LP500;larvae;sorb+;5;1;Bacteria;Firmicutes;Bacilli;Staphylococcales;Staphylococcaceae;Staphylococcus
LP500.1;ASV69;0;LP500;larvae;sorb+;5;1;Bacteria;Firmicutes;Bacilli;Bacillales;Planococcaceae;Uncult. bacterium*
LP500.1;ASV73;1;LP500;larvae;sorb+;5;1;Bacteria;Proteobacteria;Gammaproteobacteria;Burkholderiales;Burkholderiaceae;Ralstonia
LP500.1;ASV76;0;LP500;larvae;sorb+;5;1;Bacteria;Proteobacteria;Gammaproteobacteria;Pseudomonadales;Pseudomonadaceae;Pseudomonas
LP500.1;ASV83;2;LP500;larvae;sorb+;5;1;Bacteria;Proteobacteria;Gammaproteobacteria;Burkholderiales;Comamonadaceae;Delftia
LP500.1;ASV85;0;LP500;larvae;sorb+;5;1;Bacteria;Bacteroidota;Bacteroidia;Bacteroidales;Bacteroidaceae;Bacteroides
LP500.1;ASV86;0;LP500;larvae;sorb+;5;1;Bacteria;Bacteroidota;Bacteroidia;Bacteroidales;Bacteroidaceae;Bacteroides
LP500.1;ASV87;0;LP500;larvae;sorb+;5;1;Bacteria;Firmicutes;Bacilli;Lactobacillales;Streptococcaceae;Streptococcus
LP500.1;ASV90;2;LP500;larvae;sorb+;5;1;Bacteria;Proteobacteria;Gammaproteobacteria;Xanthomonadales;Xanthomonadaceae;Stenotrophomonas
LP500.1;ASV92;0;LP500;larvae;sorb+;5;1;Bacteria;Proteobacteria;Gammaproteobacteria;Enterobacterales;Yersiniaceae;Yersinia
LP500.1;ASV95;0;LP500;larvae;sorb+;5;1;Bacteria;Proteobacteria;Gammaproteobacteria;Pseudomonadales;Moraxellaceae;Psychrobacter
LP500.1;ASV98;0;LP500;larvae;sorb+;5;1;Bacteria;Proteobacteria;Gammaproteobacteria;Enterobacterales;Enterobacteriaceae;
LP500.1;ASV99;0;LP500;larvae;sorb+;5;1;Bacteria;Proteobacteria;Alphaproteobacteria;Sphingomonadales;Sphingomonadaceae;Sphingomonas
LP500.1;ASV100;0;LP500;larvae;sorb+;5;1;Bacteria;Firmicutes;Bacilli;Lactobacillales;Lactobacillaceae;Lapidilactobacillus
LP500.1;ASV103;0;LP500;larvae;sorb+;5;1;Bacteria;Bacteroidota;Bacteroidia;Bacteroidales;Tannerellaceae;Parabacteroides
LP500.1;ASV106;0;LP500;larvae;sorb+;5;1;Bacteria;Proteobacteria;Gammaproteobacteria;Enterobacterales;Morganellaceae;Providencia
LP500.1;ASV109;23;LP500;larvae;sorb+;5;1;Bacteria;Proteobacteria;Alphaproteobacteria;Rhodobacterales;Rhodobacteraceae;Rubellimicrobium
LP500.1;ASV111;0;LP500;larvae;sorb+;5;1;Bacteria;Bacteroidota;Bacteroidia;Bacteroidales;Bacteroidaceae;Bacteroides
LP500.1;ASV115;0;LP500;larvae;sorb+;5;1;Bacteria;Proteobacteria;Gammaproteobacteria;Pseudomonadales;Alcanivoracaceae1;Alcanivorax
LP500.1;ASV117;0;LP500;larvae;sorb+;5;1;Bacteria;Actinobacteriota;Actinobacteria;Corynebacteriales;Corynebacteriaceae;Corynebacterium
LP500.1;ASV120;0;LP500;larvae;sorb+;5;1;Bacteria;Proteobacteria;Gammaproteobacteria;Burkholderiales;Sutterellaceae;Parasutterella
LP500.1;ASV124;0;LP500;larvae;sorb+;5;1;Bacteria;Firmicutes;Bacilli;Staphylococcales;Staphylococcaceae;Staphylococcus
LP500.1;ASV128;0;LP500;larvae;sorb+;5;1;Bacteria;Proteobacteria;Gammaproteobacteria;Burkholderiales;Hydrogenophilaceae;Tepidiphilus
LP500.1;ASV129;0;LP500;larvae;sorb+;5;1;Bacteria;Proteobacteria;Alphaproteobacteria;Rhizobiales;Beijerinckiaceae;Methylobacterium-Methylorubrum
LP500.1;ASV130;0;LP500;larvae;sorb+;5;1;Bacteria;Proteobacteria;Alphaproteobacteria;Sphingomonadales;Sphingomonadaceae;Sphingomonas
LP500.1;ASV132;0;LP500;larvae;sorb+;5;1;Bacteria;Bacteroidota;Bacteroidia;Bacteroidales;Bacteroidaceae;Bacteroides
LP500.1;ASV134;0;LP500;larvae;sorb+;5;1;Bacteria;Proteobacteria;Gammaproteobacteria;Burkholderiales;Comamonadaceae;
LP500.1;ASV137;0;LP500;larvae;sorb+;5;1;Bacteria;Proteobacteria;Gammaproteobacteria;Pseudomonadales;Pseudomonadaceae;Pseudomonas
LP500.1;ASV146;0;LP500;larvae;sorb+;5;1;Bacteria;Firmicutes;Negativicutes;Veillonellales-Selenomonadales;Veillonellaceae;Dialister
LP500.1;ASV147;0;LP500;larvae;sorb+;5;1;Bacteria;Proteobacteria;Gammaproteobacteria;Pseudomonadales;Moraxellaceae;Acinetobacter
LP500.1;ASV148;0;LP500;larvae;sorb+;5;1;Bacteria;Actinobacteriota;Actinobacteria;Micrococcales;Dermabacteraceae;Brachybacterium
LP500.1;ASV153;0;LP500;larvae;sorb+;5;1;Bacteria;Proteobacteria;Gammaproteobacteria;Pseudomonadales;Pseudomonadaceae;Pseudomonas
LP500.1;ASV155;7;LP500;larvae;sorb+;5;1;Bacteria;Proteobacteria;Gammaproteobacteria;Pseudomonadales;Halomonadaceae;Halomonas
LP500.1;ASV159;0;LP500;larvae;sorb+;5;1;Bacteria;Actinobacteriota;Thermoleophilia;Solirubrobacterales;67-14;
LP500.1;ASV160;0;LP500;larvae;sorb+;5;1;Bacteria;Proteobacteria;Gammaproteobacteria;Burkholderiales;Burkholderiaceae;Ralstonia
LP500.1;ASV162;0;LP500;larvae;sorb+;5;1;Bacteria;Proteobacteria;Gammaproteobacteria;Pseudomonadales;Moraxellaceae;Acinetobacter
LP500.1;ASV164;0;LP500;larvae;sorb+;5;1;Bacteria;Proteobacteria;Gammaproteobacteria;Pseudomonadales;Alcanivoracaceae1;Alcanivorax
LP500.1;ASV165;0;LP500;larvae;sorb+;5;1;Bacteria;Dependentiae;Babeliae;Babeliales;Vermiphilaceae;
LP500.1;ASV172;0;LP500;larvae;sorb+;5;1;Bacteria;Proteobacteria;Gammaproteobacteria;Enterobacterales;Pseudoalteromonadaceae;Pseudoalteromonas
LP500.1;ASV173;0;LP500;larvae;sorb+;5;1;Bacteria;Firmicutes;Bacilli;Lactobacillales;Carnobacteriaceae;Isobaculum
LP500.1;ASV174;0;LP500;larvae;sorb+;5;1;Bacteria;Firmicutes;Bacilli;Erysipelotrichales;Erysipelotrichaceae;Turicibacter
LP500.1;ASV175;0;LP500;larvae;sorb+;5;1;Bacteria;Actinobacteriota;Actinobacteria;Actinomycetales;Actinomycetaceae;Actinomyces
LP500.1;ASV176;0;LP500;larvae;sorb+;5;1;Bacteria;Proteobacteria;Gammaproteobacteria;Burkholderiales;Comamonadaceae;Aquabacterium
LP500.1;ASV178;0;LP500;larvae;sorb+;5;1;Bacteria;Proteobacteria;Gammaproteobacteria;Burkholderiales;Burkholderiaceae;Burkholderia-Caballeronia-Paraburkholderia
LP500.1;ASV182;1;LP500;larvae;sorb+;5;1;Bacteria;Proteobacteria;Gammaproteobacteria;Enterobacterales;Alteromonadaceae;Alteromonas
LP500.1;ASV183;0;LP500;larvae;sorb+;5;1;Bacteria;Proteobacteria;Gammaproteobacteria;Xanthomonadales;Xanthomonadaceae;Stenotrophomonas
LP500.1;ASV185;0;LP500;larvae;sorb+;5;1;Bacteria;Firmicutes;Bacilli;Bacillales;Bacillaceae;Anaerobacillus
LP500.1;ASV191;0;LP500;larvae;sorb+;5;1;Bacteria;Firmicutes;Clostridia;Oscillospirales;Ruminococcaceae;Faecalibacterium
LP500.1;ASV194;0;LP500;larvae;sorb+;5;1;Bacteria;Proteobacteria;Gammaproteobacteria;Burkholderiales;Comamonadaceae;
LP500.1;ASV195;0;LP500;larvae;sorb+;5;1;Bacteria;Firmicutes;Bacilli;Thermicanales;Thermicanaceae;Thermicanus
LP500.1;ASV197;0;LP500;larvae;sorb+;5;1;Bacteria;Firmicutes;Bacilli;Bacillales;Bacillaceae;Aeribacillus
LP500.1;ASV198;0;LP500;larvae;sorb+;5;1;Bacteria;Proteobacteria;Gammaproteobacteria;Burkholderiales;Comamonadaceae;
LP500.1;ASV200;0;LP500;larvae;sorb+;5;1;Bacteria;Proteobacteria;Gammaproteobacteria;Enterobacterales;Pseudoalteromonadaceae;Pseudoalteromonas
LP500.1;ASV206;0;LP500;larvae;sorb+;5;1;Bacteria;Firmicutes;Clostridia;Oscillospirales;Oscillospiraceae;UCG-002
LP500.1;ASV207;0;LP500;larvae;sorb+;5;1;Bacteria;Firmicutes;Negativicutes;Veillonellales-Selenomonadales;Veillonellaceae;Dialister
LP500.1;ASV208;0;LP500;larvae;sorb+;5;1;Bacteria;Actinobacteriota;Actinobacteria;Micromonosporales;Micromonosporaceae;Catellatospora
LP500.1;ASV211;0;LP500;larvae;sorb+;5;1;Bacteria;Firmicutes;Bacilli;Lactobacillales;Carnobacteriaceae;Atopostipes
LP500.1;ASV212;0;LP500;larvae;sorb+;5;1;Bacteria;Proteobacteria;Gammaproteobacteria;Xanthomonadales;Xanthomonadaceae;Stenotrophomonas
LP500.1;ASV213;0;LP500;larvae;sorb+;5;1;Bacteria;Proteobacteria;Gammaproteobacteria;Enterobacterales;Pseudoalteromonadaceae;Pseudoalteromonas
LP500.1;ASV214;0;LP500;larvae;sorb+;5;1;Bacteria;Proteobacteria;Gammaproteobacteria;Xanthomonadales;Xanthomonadaceae;Stenotrophomonas
LP500.1;ASV215;0;LP500;larvae;sorb+;5;1;Bacteria;Bacteroidota;Bacteroidia;Bacteroidales;Bacteroidaceae;Bacteroides
LP500.1;ASV216;0;LP500;larvae;sorb+;5;1;Bacteria;Proteobacteria;Gammaproteobacteria;Burkholderiales;Hydrogenophilaceae;Tepidiphilus
LP500.1;ASV217;0;LP500;larvae;sorb+;5;1;Bacteria;Proteobacteria;Gammaproteobacteria;Pseudomonadales;Alcanivoracaceae1;Alcanivorax
LP500.1;ASV218;0;LP500;larvae;sorb+;5;1;Bacteria;Proteobacteria;Gammaproteobacteria;Enterobacterales;Morganellaceae;Moellerella
LP500.1;ASV226;0;LP500;larvae;sorb+;5;1;Bacteria;Proteobacteria;Gammaproteobacteria;Burkholderiales;Oxalobacteraceae;Massilia
LP500.1;ASV235;0;LP500;larvae;sorb+;5;1;Bacteria;Actinobacteriota;Actinobacteria;Micrococcales;Micrococcaceae;Micrococcus
LP500.1;ASV236;0;LP500;larvae;sorb+;5;1;Bacteria;Proteobacteria;Gammaproteobacteria;Burkholderiales;Comamonadaceae;Schlegelella
LP500.1;ASV237;0;LP500;larvae;sorb+;5;1;Bacteria;Verrucomicrobiota;Verrucomicrobiae;Pedosphaerales;Pedosphaeraceae;
LP500.1;ASV239;0;LP500;larvae;sorb+;5;1;Bacteria;Actinobacteriota;Acidimicrobiia;Microtrichales;Ilumatobacteraceae;Ilumatobacter
LP500.1;ASV240;0;LP500;larvae;sorb+;5;1;Bacteria;Proteobacteria;Gammaproteobacteria;Xanthomonadales;Xanthomonadaceae;Lysobacter
LP500.1;ASV241;0;LP500;larvae;sorb+;5;1;Bacteria;Actinobacteriota;Actinobacteria;Micrococcales;Micrococcaceae;Micrococcus
LP500.1;ASV242;0;LP500;larvae;sorb+;5;1;Bacteria;Actinobacteriota;Actinobacteria;Actinomycetales;Actinomycetaceae;Actinomyces
LP500.1;ASV243;0;LP500;larvae;sorb+;5;1;Bacteria;Proteobacteria;Gammaproteobacteria;Xanthomonadales;Xanthomonadaceae;Stenotrophomonas
LP500.1;ASV244;0;LP500;larvae;sorb+;5;1;Bacteria;Proteobacteria;Gammaproteobacteria;Pseudomonadales;Moraxellaceae;Enhydrobacter
LP500.1;ASV246;0;LP500;larvae;sorb+;5;1;Bacteria;Proteobacteria;Gammaproteobacteria;Nitrosococcales;Methylophagaceae;Methylophaga
LP500.1;ASV247;0;LP500;larvae;sorb+;5;1;Bacteria;Bacteroidota;Bacteroidia;Bacteroidales;Bacteroidaceae;Bacteroides
LP500.1;ASV248;0;LP500;larvae;sorb+;5;1;Bacteria;Proteobacteria;Gammaproteobacteria;Burkholderiales;Comamonadaceae;Tepidimonas
LP500.1;ASV250;0;LP500;larvae;sorb+;5;1;Bacteria;Proteobacteria;Gammaproteobacteria;Pseudomonadales;Marinobacteraceae;Marinobacter
LP500.1;ASV251;0;LP500;larvae;sorb+;5;1;Bacteria;Actinobacteriota;Actinobacteria;Streptomycetales;Streptomycetaceae;Streptomyces
LP500.1;ASV252;0;LP500;larvae;sorb+;5;1;Bacteria;Firmicutes;Bacilli;Staphylococcales;Staphylococcaceae;
LP500.1;ASV253;0;LP500;larvae;sorb+;5;1;Bacteria;Planctomycetota;Planctomycetes;Gemmatales;Gemmataceae;
LP500.1;ASV282;0;LP500;larvae;sorb+;5;1;Bacteria;Firmicutes;Bacilli;Lactobacillales;Carnobacteriaceae;Isobaculum
LP500.1;ASV283;0;LP500;larvae;sorb+;5;1;Bacteria;Proteobacteria;Gammaproteobacteria;Burkholderiales;Alcaligenaceae;Alcaligenes
LP500.1;ASV284;0;LP500;larvae;sorb+;5;1;Bacteria;Firmicutes;Bacilli;Lactobacillales;Lactobacillaceae;Weissella
LP500.1;ASV287;0;LP500;larvae;sorb+;5;1;Bacteria;Myxococcota;Polyangia;Polyangiales;BIrii41;
LP500.1;ASV290;0;LP500;larvae;sorb+;5;1;Bacteria;Firmicutes;Clostridia;Oscillospirales;[Eubacterium] coprostanoligenes group;
LP500.1;ASV291;0;LP500;larvae;sorb+;5;1;Bacteria;Proteobacteria;Alphaproteobacteria;Rhizobiales;Amb-16S-1323;
LP500.1;ASV294;0;LP500;larvae;sorb+;5;1;Bacteria;Proteobacteria;Gammaproteobacteria;Burkholderiales;SC-I-84;
LP500.1;ASV295;0;LP500;larvae;sorb+;5;1;Bacteria;Actinobacteriota;Actinobacteria;Micromonosporales;Micromonosporaceae;Virgisporangium
LP500.1;ASV296;0;LP500;larvae;sorb+;5;1;Bacteria;Proteobacteria;Gammaproteobacteria;Pseudomonadales;Moraxellaceae;Acinetobacter
LP500.1;ASV297;0;LP500;larvae;sorb+;5;1;Bacteria;Actinobacteriota;Acidimicrobiia;Microtrichales;Ilumatobacteraceae;
LP500.1;ASV298;0;LP500;larvae;sorb+;5;1;Bacteria;Firmicutes;Bacilli;Paenibacillales;Paenibacillaceae;Paenibacillus
LP500.1;ASV299;0;LP500;larvae;sorb+;5;1;Bacteria;Actinobacteriota;Thermoleophilia;Solirubrobacterales;67-14;
LP500.1;ASV300;0;LP500;larvae;sorb+;5;1;Bacteria;Proteobacteria;Gammaproteobacteria;Enterobacterales;Vibrionaceae;
LP500.1;ASV304;0;LP500;larvae;sorb+;5;1;Bacteria;Firmicutes;Clostridia;Lachnospirales;Lachnospiraceae;[Ruminococcus] gauvreauii group
LP500.1;ASV305;0;LP500;larvae;sorb+;5;1;Bacteria;Actinobacteriota;Actinobacteria;Micrococcales;Brevibacteriaceae;Brevibacterium
LP500.1;ASV306;0;LP500;larvae;sorb+;5;1;Bacteria;Firmicutes;Bacilli;Lactobacillales;Lactobacillaceae;Weissella
LP500.1;ASV308;0;LP500;larvae;sorb+;5;1;Bacteria;Proteobacteria;Gammaproteobacteria;Burkholderiales;Oxalobacteraceae;Duganella
LP500.1;ASV309;0;LP500;larvae;sorb+;5;1;Bacteria;Firmicutes;Bacilli;Lactobacillales;Carnobacteriaceae;Isobaculum
LP500.1;ASV310;0;LP500;larvae;sorb+;5;1;Bacteria;Proteobacteria;Alphaproteobacteria;Rhodobacterales;Rhodobacteraceae;Paracoccus
LP500.1;ASV311;0;LP500;larvae;sorb+;5;1;Bacteria;Acidobacteriota;Vicinamibacteria;Vicinamibacterales;Vicinamibacteraceae;
LP500.1;ASV362;0;LP500;larvae;sorb+;5;1;Bacteria;Firmicutes;Bacilli;Lactobacillales;Lactobacillaceae;Lactobacillus
LP500.1;ASV363;0;LP500;larvae;sorb+;5;1;Bacteria;Bacteroidota;Bacteroidia;Bacteroidales;Tannerellaceae;Parabacteroides
LP500.1;ASV365;0;LP500;larvae;sorb+;5;1;Bacteria;Proteobacteria;Gammaproteobacteria;Burkholderiales;Burkholderiaceae;Ralstonia
LP500.1;ASV370;0;LP500;larvae;sorb+;5;1;Bacteria;Proteobacteria;Gammaproteobacteria;Burkholderiales;Rhodocyclaceae;
LP500.1;ASV371;0;LP500;larvae;sorb+;5;1;Bacteria;Firmicutes;Clostridia;Lachnospirales;Lachnospiraceae;Lachnospiraceae NK4A136 group
LP500.1;ASV374;0;LP500;larvae;sorb+;5;1;Bacteria;Gemmatimonadota;Gemmatimonadetes;Gemmatimonadales;Gemmatimonadaceae;Gemmatimonas
LP500.1;ASV376;0;LP500;larvae;sorb+;5;1;Bacteria;Acidobacteriota;Vicinamibacteria;Vicinamibacterales;Vicinamibacteraceae;Vicinamibacter
LP500.1;ASV383;0;LP500;larvae;sorb+;5;1;Bacteria;Proteobacteria;Gammaproteobacteria;Burkholderiales;Gallionellaceae;Gallionella
LP500.1;ASV389;0;LP500;larvae;sorb+;5;1;Bacteria;Proteobacteria;Alphaproteobacteria;Sphingomonadales;Sphingomonadaceae;Sphingobium
LP500.1;ASV393;0;LP500;larvae;sorb+;5;1;Bacteria;Firmicutes;Bacilli;Lactobacillales;Lactobacillaceae;Weissella
LP500.1;ASV394;0;LP500;larvae;sorb+;5;1;Bacteria;Proteobacteria;Gammaproteobacteria;Burkholderiales;Sutterellaceae;Parasutterella
LP500.1;ASV395;0;LP500;larvae;sorb+;5;1;Bacteria;Actinobacteriota;Actinobacteria;Frankiales;Cryptosporangiaceae;Cryptosporangium
LP500.1;ASV397;0;LP500;larvae;sorb+;5;1;Bacteria;Bacteroidota;Bacteroidia;Bacteroidales;Muribaculaceae;
LP500.1;ASV399;0;LP500;larvae;sorb+;5;1;Bacteria;Firmicutes;Bacilli;Paenibacillales;Paenibacillaceae;Paenibacillus
LP500.1;ASV400;0;LP500;larvae;sorb+;5;1;Bacteria;Proteobacteria;Gammaproteobacteria;Pseudomonadales;Moraxellaceae;Acinetobacter
LP500.1;ASV401;0;LP500;larvae;sorb+;5;1;Bacteria;Proteobacteria;Alphaproteobacteria;Caulobacterales;Caulobacteraceae;Brevundimonas
LP500.1;ASV402;0;LP500;larvae;sorb+;5;1;Bacteria;Proteobacteria;Gammaproteobacteria;Pseudomonadales;Moraxellaceae;Psychrobacter
LP500.1;ASV408;2;LP500;larvae;sorb+;5;1;Bacteria;Proteobacteria;Gammaproteobacteria;Burkholderiales;SC-I-84;
LP500.1;ASV410;0;LP500;larvae;sorb+;5;1;Bacteria;Proteobacteria;Alphaproteobacteria;Rhizobiales;Xanthobacteraceae;Bradyrhizobium
LP500.2;ASV1;1801;LP500;larvae;sorb+;5;2;Bacteria;Proteobacteria;Gammaproteobacteria;Enterobacterales;Morganellaceae;Providencia
LP500.2;ASV2;33964;LP500;larvae;sorb+;5;2;Bacteria;Proteobacteria;Gammaproteobacteria;Enterobacterales;Enterobacteriaceae;Klebsiella
LP500.2;ASV3;0;LP500;larvae;sorb+;5;2;Bacteria;Proteobacteria;Gammaproteobacteria;Enterobacterales;Enterobacteriaceae;Enterobacter*
LP500.2;ASV4;8085;LP500;larvae;sorb+;5;2;Bacteria;Firmicutes;Bacilli;Lactobacillales;Enterococcaceae;Enterococcus
LP500.2;ASV5;0;LP500;larvae;sorb+;5;2;Bacteria;Firmicutes;Bacilli;Lactobacillales;Lactobacillaceae;Lactiplantibacillus
LP500.2;ASV6;1;LP500;larvae;sorb+;5;2;Bacteria;Firmicutes;Bacilli;Lactobacillales;Lactobacillaceae;Lactobacillus
LP500.2;ASV7;0;LP500;larvae;sorb+;5;2;Bacteria;Firmicutes;Bacilli;Lactobacillales;Lactobacillaceae;Weissella
LP500.2;ASV8;2569;LP500;larvae;sorb+;5;2;Bacteria;Firmicutes;Bacilli;Lactobacillales;Enterococcaceae;Enterococcus
LP500.2;ASV9;15;LP500;larvae;sorb+;5;2;Bacteria;Firmicutes;Bacilli;Lactobacillales;Lactobacillaceae;Levilactobacillus
LP500.2;ASV13;0;LP500;larvae;sorb+;5;2;Bacteria;Firmicutes;Bacilli;Staphylococcales;Staphylococcaceae;Mammaliicoccus*
LP500.2;ASV14;0;LP500;larvae;sorb+;5;2;Bacteria;Firmicutes;Bacilli;Lactobacillales;Enterococcaceae;Enterococcus
LP500.2;ASV15;22;LP500;larvae;sorb+;5;2;Bacteria;Firmicutes;Bacilli;Lactobacillales;Lactobacillaceae;Lacticaseibacillus
LP500.2;ASV18;0;LP500;larvae;sorb+;5;2;Bacteria;Actinobacteriota;Actinobacteria;Actinomycetales;Actinomycetaceae;Actinomyces
LP500.2;ASV19;0;LP500;larvae;sorb+;5;2;Bacteria;Proteobacteria;Gammaproteobacteria;Enterobacterales;Morganellaceae;Proteus
LP500.2;ASV20;0;LP500;larvae;sorb+;5;2;Bacteria;Actinobacteriota;Actinobacteria;Corynebacteriales;Corynebacteriaceae;Corynebacterium
LP500.2;ASV21;61;LP500;larvae;sorb+;5;2;Bacteria;Firmicutes;Bacilli;Bacillales;Bacillaceae;Bacillus
LP500.2;ASV22;0;LP500;larvae;sorb+;5;2;Bacteria;Firmicutes;Bacilli;Lactobacillales;Lactobacillaceae;Lacticaseibacillus
LP500.2;ASV23;0;LP500;larvae;sorb+;5;2;Bacteria;Firmicutes;Bacilli;Lactobacillales;Lactobacillaceae;Limosilactobacillus
LP500.2;ASV24;0;LP500;larvae;sorb+;5;2;Bacteria;Proteobacteria;Gammaproteobacteria;Enterobacterales;Enterobacteriaceae;Escherichia-Shigella
LP500.2;ASV25;0;LP500;larvae;sorb+;5;2;Bacteria;Firmicutes;Bacilli;Lactobacillales;Enterococcaceae;Enterococcus
LP500.2;ASV28;0;LP500;larvae;sorb+;5;2;Bacteria;Firmicutes;Bacilli;Lactobacillales;Lactobacillaceae;Lacticaseibacillus
LP500.2;ASV34;201;LP500;larvae;sorb+;5;2;Bacteria;Proteobacteria;Gammaproteobacteria;Enterobacterales;Enterobacteriaceae;Klebsiella
LP500.2;ASV35;0;LP500;larvae;sorb+;5;2;Bacteria;Firmicutes;Bacilli;Lactobacillales;Lactobacillaceae;Weissella
LP500.2;ASV36;0;LP500;larvae;sorb+;5;2;Bacteria;Proteobacteria;Gammaproteobacteria;Enterobacterales;Morganellaceae;Providencia
LP500.2;ASV37;0;LP500;larvae;sorb+;5;2;Bacteria;Firmicutes;Bacilli;Lactobacillales;Lactobacillaceae;Pediococcus
LP500.2;ASV40;0;LP500;larvae;sorb+;5;2;Bacteria;Actinobacteriota;Actinobacteria;Corynebacteriales;Corynebacteriaceae;Corynebacterium
LP500.2;ASV43;0;LP500;larvae;sorb+;5;2;Bacteria;Proteobacteria;Gammaproteobacteria;Enterobacterales;Enterobacteriaceae;Enterobacter*
LP500.2;ASV44;0;LP500;larvae;sorb+;5;2;Bacteria;Firmicutes;Bacilli;Lactobacillales;Enterococcaceae;Enterococcus*
LP500.2;ASV46;154;LP500;larvae;sorb+;5;2;Bacteria;Firmicutes;Bacilli;Lactobacillales;Enterococcaceae;Enterococcus
LP500.2;ASV50;22;LP500;larvae;sorb+;5;2;Bacteria;Proteobacteria;Gammaproteobacteria;Pseudomonadales;Pseudomonadaceae;Pseudomonas
LP500.2;ASV53;0;LP500;larvae;sorb+;5;2;Bacteria;Actinobacteriota;Actinobacteria;Corynebacteriales;Corynebacteriaceae;Corynebacterium
LP500.2;ASV55;0;LP500;larvae;sorb+;5;2;Bacteria;Firmicutes;Bacilli;Bacillales;Bacillaceae;Bacillus
LP500.2;ASV58;0;LP500;larvae;sorb+;5;2;Bacteria;Actinobacteriota;Actinobacteria;Micrococcales;Brevibacteriaceae;Brevibacterium
LP500.2;ASV65;0;LP500;larvae;sorb+;5;2;Bacteria;Bacteroidota;Bacteroidia;Bacteroidales;Bacteroidaceae;Bacteroides
LP500.2;ASV66;0;LP500;larvae;sorb+;5;2;Bacteria;Firmicutes;Bacilli;Staphylococcales;Staphylococcaceae;Staphylococcus
LP500.2;ASV69;0;LP500;larvae;sorb+;5;2;Bacteria;Firmicutes;Bacilli;Bacillales;Planococcaceae;Uncult. bacterium*
LP500.2;ASV73;1;LP500;larvae;sorb+;5;2;Bacteria;Proteobacteria;Gammaproteobacteria;Burkholderiales;Burkholderiaceae;Ralstonia
LP500.2;ASV76;0;LP500;larvae;sorb+;5;2;Bacteria;Proteobacteria;Gammaproteobacteria;Pseudomonadales;Pseudomonadaceae;Pseudomonas
LP500.2;ASV83;0;LP500;larvae;sorb+;5;2;Bacteria;Proteobacteria;Gammaproteobacteria;Burkholderiales;Comamonadaceae;Delftia
LP500.2;ASV85;0;LP500;larvae;sorb+;5;2;Bacteria;Bacteroidota;Bacteroidia;Bacteroidales;Bacteroidaceae;Bacteroides
LP500.2;ASV86;0;LP500;larvae;sorb+;5;2;Bacteria;Bacteroidota;Bacteroidia;Bacteroidales;Bacteroidaceae;Bacteroides
LP500.2;ASV87;0;LP500;larvae;sorb+;5;2;Bacteria;Firmicutes;Bacilli;Lactobacillales;Streptococcaceae;Streptococcus
LP500.2;ASV90;2;LP500;larvae;sorb+;5;2;Bacteria;Proteobacteria;Gammaproteobacteria;Xanthomonadales;Xanthomonadaceae;Stenotrophomonas
LP500.2;ASV92;3;LP500;larvae;sorb+;5;2;Bacteria;Proteobacteria;Gammaproteobacteria;Enterobacterales;Yersiniaceae;Yersinia
LP500.2;ASV95;10;LP500;larvae;sorb+;5;2;Bacteria;Proteobacteria;Gammaproteobacteria;Pseudomonadales;Moraxellaceae;Psychrobacter
LP500.2;ASV98;0;LP500;larvae;sorb+;5;2;Bacteria;Proteobacteria;Gammaproteobacteria;Enterobacterales;Enterobacteriaceae;
LP500.2;ASV99;0;LP500;larvae;sorb+;5;2;Bacteria;Proteobacteria;Alphaproteobacteria;Sphingomonadales;Sphingomonadaceae;Sphingomonas
LP500.2;ASV100;0;LP500;larvae;sorb+;5;2;Bacteria;Firmicutes;Bacilli;Lactobacillales;Lactobacillaceae;Lapidilactobacillus
LP500.2;ASV103;0;LP500;larvae;sorb+;5;2;Bacteria;Bacteroidota;Bacteroidia;Bacteroidales;Tannerellaceae;Parabacteroides
LP500.2;ASV106;0;LP500;larvae;sorb+;5;2;Bacteria;Proteobacteria;Gammaproteobacteria;Enterobacterales;Morganellaceae;Providencia
LP500.2;ASV109;0;LP500;larvae;sorb+;5;2;Bacteria;Proteobacteria;Alphaproteobacteria;Rhodobacterales;Rhodobacteraceae;Rubellimicrobium
LP500.2;ASV111;0;LP500;larvae;sorb+;5;2;Bacteria;Bacteroidota;Bacteroidia;Bacteroidales;Bacteroidaceae;Bacteroides
LP500.2;ASV115;0;LP500;larvae;sorb+;5;2;Bacteria;Proteobacteria;Gammaproteobacteria;Pseudomonadales;Alcanivoracaceae1;Alcanivorax
LP500.2;ASV117;7;LP500;larvae;sorb+;5;2;Bacteria;Actinobacteriota;Actinobacteria;Corynebacteriales;Corynebacteriaceae;Corynebacterium
LP500.2;ASV120;0;LP500;larvae;sorb+;5;2;Bacteria;Proteobacteria;Gammaproteobacteria;Burkholderiales;Sutterellaceae;Parasutterella
LP500.2;ASV124;13;LP500;larvae;sorb+;5;2;Bacteria;Firmicutes;Bacilli;Staphylococcales;Staphylococcaceae;Staphylococcus
LP500.2;ASV128;5;LP500;larvae;sorb+;5;2;Bacteria;Proteobacteria;Gammaproteobacteria;Burkholderiales;Hydrogenophilaceae;Tepidiphilus
LP500.2;ASV129;3;LP500;larvae;sorb+;5;2;Bacteria;Proteobacteria;Alphaproteobacteria;Rhizobiales;Beijerinckiaceae;Methylobacterium-Methylorubrum
LP500.2;ASV130;2;LP500;larvae;sorb+;5;2;Bacteria;Proteobacteria;Alphaproteobacteria;Sphingomonadales;Sphingomonadaceae;Sphingomonas
LP500.2;ASV132;0;LP500;larvae;sorb+;5;2;Bacteria;Bacteroidota;Bacteroidia;Bacteroidales;Bacteroidaceae;Bacteroides
LP500.2;ASV134;2;LP500;larvae;sorb+;5;2;Bacteria;Proteobacteria;Gammaproteobacteria;Burkholderiales;Comamonadaceae;
LP500.2;ASV137;0;LP500;larvae;sorb+;5;2;Bacteria;Proteobacteria;Gammaproteobacteria;Pseudomonadales;Pseudomonadaceae;Pseudomonas
LP500.2;ASV146;0;LP500;larvae;sorb+;5;2;Bacteria;Firmicutes;Negativicutes;Veillonellales-Selenomonadales;Veillonellaceae;Dialister
LP500.2;ASV147;0;LP500;larvae;sorb+;5;2;Bacteria;Proteobacteria;Gammaproteobacteria;Pseudomonadales;Moraxellaceae;Acinetobacter
LP500.2;ASV148;0;LP500;larvae;sorb+;5;2;Bacteria;Actinobacteriota;Actinobacteria;Micrococcales;Dermabacteraceae;Brachybacterium
LP500.2;ASV153;0;LP500;larvae;sorb+;5;2;Bacteria;Proteobacteria;Gammaproteobacteria;Pseudomonadales;Pseudomonadaceae;Pseudomonas
LP500.2;ASV155;0;LP500;larvae;sorb+;5;2;Bacteria;Proteobacteria;Gammaproteobacteria;Pseudomonadales;Halomonadaceae;Halomonas
LP500.2;ASV159;0;LP500;larvae;sorb+;5;2;Bacteria;Actinobacteriota;Thermoleophilia;Solirubrobacterales;67-14;
LP500.2;ASV160;0;LP500;larvae;sorb+;5;2;Bacteria;Proteobacteria;Gammaproteobacteria;Burkholderiales;Burkholderiaceae;Ralstonia
LP500.2;ASV162;0;LP500;larvae;sorb+;5;2;Bacteria;Proteobacteria;Gammaproteobacteria;Pseudomonadales;Moraxellaceae;Acinetobacter
LP500.2;ASV164;0;LP500;larvae;sorb+;5;2;Bacteria;Proteobacteria;Gammaproteobacteria;Pseudomonadales;Alcanivoracaceae1;Alcanivorax
LP500.2;ASV165;3;LP500;larvae;sorb+;5;2;Bacteria;Dependentiae;Babeliae;Babeliales;Vermiphilaceae;
LP500.2;ASV172;0;LP500;larvae;sorb+;5;2;Bacteria;Proteobacteria;Gammaproteobacteria;Enterobacterales;Pseudoalteromonadaceae;Pseudoalteromonas
LP500.2;ASV173;0;LP500;larvae;sorb+;5;2;Bacteria;Firmicutes;Bacilli;Lactobacillales;Carnobacteriaceae;Isobaculum
LP500.2;ASV174;0;LP500;larvae;sorb+;5;2;Bacteria;Firmicutes;Bacilli;Erysipelotrichales;Erysipelotrichaceae;Turicibacter
LP500.2;ASV175;0;LP500;larvae;sorb+;5;2;Bacteria;Actinobacteriota;Actinobacteria;Actinomycetales;Actinomycetaceae;Actinomyces
LP500.2;ASV176;3;LP500;larvae;sorb+;5;2;Bacteria;Proteobacteria;Gammaproteobacteria;Burkholderiales;Comamonadaceae;Aquabacterium
LP500.2;ASV178;0;LP500;larvae;sorb+;5;2;Bacteria;Proteobacteria;Gammaproteobacteria;Burkholderiales;Burkholderiaceae;Burkholderia-Caballeronia-Paraburkholderia
LP500.2;ASV182;0;LP500;larvae;sorb+;5;2;Bacteria;Proteobacteria;Gammaproteobacteria;Enterobacterales;Alteromonadaceae;Alteromonas
LP500.2;ASV183;0;LP500;larvae;sorb+;5;2;Bacteria;Proteobacteria;Gammaproteobacteria;Xanthomonadales;Xanthomonadaceae;Stenotrophomonas
LP500.2;ASV185;0;LP500;larvae;sorb+;5;2;Bacteria;Firmicutes;Bacilli;Bacillales;Bacillaceae;Anaerobacillus
LP500.2;ASV191;0;LP500;larvae;sorb+;5;2;Bacteria;Firmicutes;Clostridia;Oscillospirales;Ruminococcaceae;Faecalibacterium
LP500.2;ASV194;0;LP500;larvae;sorb+;5;2;Bacteria;Proteobacteria;Gammaproteobacteria;Burkholderiales;Comamonadaceae;
LP500.2;ASV195;0;LP500;larvae;sorb+;5;2;Bacteria;Firmicutes;Bacilli;Thermicanales;Thermicanaceae;Thermicanus
LP500.2;ASV197;3;LP500;larvae;sorb+;5;2;Bacteria;Firmicutes;Bacilli;Bacillales;Bacillaceae;Aeribacillus
LP500.2;ASV198;0;LP500;larvae;sorb+;5;2;Bacteria;Proteobacteria;Gammaproteobacteria;Burkholderiales;Comamonadaceae;
LP500.2;ASV200;0;LP500;larvae;sorb+;5;2;Bacteria;Proteobacteria;Gammaproteobacteria;Enterobacterales;Pseudoalteromonadaceae;Pseudoalteromonas
LP500.2;ASV206;0;LP500;larvae;sorb+;5;2;Bacteria;Firmicutes;Clostridia;Oscillospirales;Oscillospiraceae;UCG-002
LP500.2;ASV207;0;LP500;larvae;sorb+;5;2;Bacteria;Firmicutes;Negativicutes;Veillonellales-Selenomonadales;Veillonellaceae;Dialister
LP500.2;ASV208;0;LP500;larvae;sorb+;5;2;Bacteria;Actinobacteriota;Actinobacteria;Micromonosporales;Micromonosporaceae;Catellatospora
LP500.2;ASV211;0;LP500;larvae;sorb+;5;2;Bacteria;Firmicutes;Bacilli;Lactobacillales;Carnobacteriaceae;Atopostipes
LP500.2;ASV212;0;LP500;larvae;sorb+;5;2;Bacteria;Proteobacteria;Gammaproteobacteria;Xanthomonadales;Xanthomonadaceae;Stenotrophomonas
LP500.2;ASV213;0;LP500;larvae;sorb+;5;2;Bacteria;Proteobacteria;Gammaproteobacteria;Enterobacterales;Pseudoalteromonadaceae;Pseudoalteromonas
LP500.2;ASV214;0;LP500;larvae;sorb+;5;2;Bacteria;Proteobacteria;Gammaproteobacteria;Xanthomonadales;Xanthomonadaceae;Stenotrophomonas
LP500.2;ASV215;0;LP500;larvae;sorb+;5;2;Bacteria;Bacteroidota;Bacteroidia;Bacteroidales;Bacteroidaceae;Bacteroides
LP500.2;ASV216;0;LP500;larvae;sorb+;5;2;Bacteria;Proteobacteria;Gammaproteobacteria;Burkholderiales;Hydrogenophilaceae;Tepidiphilus
LP500.2;ASV217;0;LP500;larvae;sorb+;5;2;Bacteria;Proteobacteria;Gammaproteobacteria;Pseudomonadales;Alcanivoracaceae1;Alcanivorax
LP500.2;ASV218;0;LP500;larvae;sorb+;5;2;Bacteria;Proteobacteria;Gammaproteobacteria;Enterobacterales;Morganellaceae;Moellerella
LP500.2;ASV226;0;LP500;larvae;sorb+;5;2;Bacteria;Proteobacteria;Gammaproteobacteria;Burkholderiales;Oxalobacteraceae;Massilia
LP500.2;ASV235;0;LP500;larvae;sorb+;5;2;Bacteria;Actinobacteriota;Actinobacteria;Micrococcales;Micrococcaceae;Micrococcus
LP500.2;ASV236;0;LP500;larvae;sorb+;5;2;Bacteria;Proteobacteria;Gammaproteobacteria;Burkholderiales;Comamonadaceae;Schlegelella
LP500.2;ASV237;0;LP500;larvae;sorb+;5;2;Bacteria;Verrucomicrobiota;Verrucomicrobiae;Pedosphaerales;Pedosphaeraceae;
LP500.2;ASV239;0;LP500;larvae;sorb+;5;2;Bacteria;Actinobacteriota;Acidimicrobiia;Microtrichales;Ilumatobacteraceae;Ilumatobacter
LP500.2;ASV240;0;LP500;larvae;sorb+;5;2;Bacteria;Proteobacteria;Gammaproteobacteria;Xanthomonadales;Xanthomonadaceae;Lysobacter
LP500.2;ASV241;0;LP500;larvae;sorb+;5;2;Bacteria;Actinobacteriota;Actinobacteria;Micrococcales;Micrococcaceae;Micrococcus
LP500.2;ASV242;0;LP500;larvae;sorb+;5;2;Bacteria;Actinobacteriota;Actinobacteria;Actinomycetales;Actinomycetaceae;Actinomyces
LP500.2;ASV243;0;LP500;larvae;sorb+;5;2;Bacteria;Proteobacteria;Gammaproteobacteria;Xanthomonadales;Xanthomonadaceae;Stenotrophomonas
LP500.2;ASV244;0;LP500;larvae;sorb+;5;2;Bacteria;Proteobacteria;Gammaproteobacteria;Pseudomonadales;Moraxellaceae;Enhydrobacter
LP500.2;ASV246;0;LP500;larvae;sorb+;5;2;Bacteria;Proteobacteria;Gammaproteobacteria;Nitrosococcales;Methylophagaceae;Methylophaga
LP500.2;ASV247;0;LP500;larvae;sorb+;5;2;Bacteria;Bacteroidota;Bacteroidia;Bacteroidales;Bacteroidaceae;Bacteroides
LP500.2;ASV248;0;LP500;larvae;sorb+;5;2;Bacteria;Proteobacteria;Gammaproteobacteria;Burkholderiales;Comamonadaceae;Tepidimonas
LP500.2;ASV250;5;LP500;larvae;sorb+;5;2;Bacteria;Proteobacteria;Gammaproteobacteria;Pseudomonadales;Marinobacteraceae;Marinobacter
LP500.2;ASV251;2;LP500;larvae;sorb+;5;2;Bacteria;Actinobacteriota;Actinobacteria;Streptomycetales;Streptomycetaceae;Streptomyces
LP500.2;ASV252;0;LP500;larvae;sorb+;5;2;Bacteria;Firmicutes;Bacilli;Staphylococcales;Staphylococcaceae;
LP500.2;ASV253;0;LP500;larvae;sorb+;5;2;Bacteria;Planctomycetota;Planctomycetes;Gemmatales;Gemmataceae;
LP500.2;ASV282;0;LP500;larvae;sorb+;5;2;Bacteria;Firmicutes;Bacilli;Lactobacillales;Carnobacteriaceae;Isobaculum
LP500.2;ASV283;0;LP500;larvae;sorb+;5;2;Bacteria;Proteobacteria;Gammaproteobacteria;Burkholderiales;Alcaligenaceae;Alcaligenes
LP500.2;ASV284;0;LP500;larvae;sorb+;5;2;Bacteria;Firmicutes;Bacilli;Lactobacillales;Lactobacillaceae;Weissella
LP500.2;ASV287;0;LP500;larvae;sorb+;5;2;Bacteria;Myxococcota;Polyangia;Polyangiales;BIrii41;
LP500.2;ASV290;0;LP500;larvae;sorb+;5;2;Bacteria;Firmicutes;Clostridia;Oscillospirales;[Eubacterium] coprostanoligenes group;
LP500.2;ASV291;0;LP500;larvae;sorb+;5;2;Bacteria;Proteobacteria;Alphaproteobacteria;Rhizobiales;Amb-16S-1323;
LP500.2;ASV294;0;LP500;larvae;sorb+;5;2;Bacteria;Proteobacteria;Gammaproteobacteria;Burkholderiales;SC-I-84;
LP500.2;ASV295;0;LP500;larvae;sorb+;5;2;Bacteria;Actinobacteriota;Actinobacteria;Micromonosporales;Micromonosporaceae;Virgisporangium
LP500.2;ASV296;0;LP500;larvae;sorb+;5;2;Bacteria;Proteobacteria;Gammaproteobacteria;Pseudomonadales;Moraxellaceae;Acinetobacter
LP500.2;ASV297;0;LP500;larvae;sorb+;5;2;Bacteria;Actinobacteriota;Acidimicrobiia;Microtrichales;Ilumatobacteraceae;
LP500.2;ASV298;0;LP500;larvae;sorb+;5;2;Bacteria;Firmicutes;Bacilli;Paenibacillales;Paenibacillaceae;Paenibacillus
LP500.2;ASV299;0;LP500;larvae;sorb+;5;2;Bacteria;Actinobacteriota;Thermoleophilia;Solirubrobacterales;67-14;
LP500.2;ASV300;0;LP500;larvae;sorb+;5;2;Bacteria;Proteobacteria;Gammaproteobacteria;Enterobacterales;Vibrionaceae;
LP500.2;ASV304;0;LP500;larvae;sorb+;5;2;Bacteria;Firmicutes;Clostridia;Lachnospirales;Lachnospiraceae;[Ruminococcus] gauvreauii group
LP500.2;ASV305;0;LP500;larvae;sorb+;5;2;Bacteria;Actinobacteriota;Actinobacteria;Micrococcales;Brevibacteriaceae;Brevibacterium
LP500.2;ASV306;0;LP500;larvae;sorb+;5;2;Bacteria;Firmicutes;Bacilli;Lactobacillales;Lactobacillaceae;Weissella
LP500.2;ASV308;1;LP500;larvae;sorb+;5;2;Bacteria;Proteobacteria;Gammaproteobacteria;Burkholderiales;Oxalobacteraceae;Duganella
LP500.2;ASV309;0;LP500;larvae;sorb+;5;2;Bacteria;Firmicutes;Bacilli;Lactobacillales;Carnobacteriaceae;Isobaculum
LP500.2;ASV310;0;LP500;larvae;sorb+;5;2;Bacteria;Proteobacteria;Alphaproteobacteria;Rhodobacterales;Rhodobacteraceae;Paracoccus
LP500.2;ASV311;0;LP500;larvae;sorb+;5;2;Bacteria;Acidobacteriota;Vicinamibacteria;Vicinamibacterales;Vicinamibacteraceae;
LP500.2;ASV362;0;LP500;larvae;sorb+;5;2;Bacteria;Firmicutes;Bacilli;Lactobacillales;Lactobacillaceae;Lactobacillus
LP500.2;ASV363;0;LP500;larvae;sorb+;5;2;Bacteria;Bacteroidota;Bacteroidia;Bacteroidales;Tannerellaceae;Parabacteroides
LP500.2;ASV365;0;LP500;larvae;sorb+;5;2;Bacteria;Proteobacteria;Gammaproteobacteria;Burkholderiales;Burkholderiaceae;Ralstonia
LP500.2;ASV370;0;LP500;larvae;sorb+;5;2;Bacteria;Proteobacteria;Gammaproteobacteria;Burkholderiales;Rhodocyclaceae;
LP500.2;ASV371;0;LP500;larvae;sorb+;5;2;Bacteria;Firmicutes;Clostridia;Lachnospirales;Lachnospiraceae;Lachnospiraceae NK4A136 group
LP500.2;ASV374;0;LP500;larvae;sorb+;5;2;Bacteria;Gemmatimonadota;Gemmatimonadetes;Gemmatimonadales;Gemmatimonadaceae;Gemmatimonas
LP500.2;ASV376;0;LP500;larvae;sorb+;5;2;Bacteria;Acidobacteriota;Vicinamibacteria;Vicinamibacterales;Vicinamibacteraceae;Vicinamibacter
LP500.2;ASV383;0;LP500;larvae;sorb+;5;2;Bacteria;Proteobacteria;Gammaproteobacteria;Burkholderiales;Gallionellaceae;Gallionella
LP500.2;ASV389;0;LP500;larvae;sorb+;5;2;Bacteria;Proteobacteria;Alphaproteobacteria;Sphingomonadales;Sphingomonadaceae;Sphingobium
LP500.2;ASV393;0;LP500;larvae;sorb+;5;2;Bacteria;Firmicutes;Bacilli;Lactobacillales;Lactobacillaceae;Weissella
LP500.2;ASV394;0;LP500;larvae;sorb+;5;2;Bacteria;Proteobacteria;Gammaproteobacteria;Burkholderiales;Sutterellaceae;Parasutterella
LP500.2;ASV395;0;LP500;larvae;sorb+;5;2;Bacteria;Actinobacteriota;Actinobacteria;Frankiales;Cryptosporangiaceae;Cryptosporangium
LP500.2;ASV397;0;LP500;larvae;sorb+;5;2;Bacteria;Bacteroidota;Bacteroidia;Bacteroidales;Muribaculaceae;
LP500.2;ASV399;0;LP500;larvae;sorb+;5;2;Bacteria;Firmicutes;Bacilli;Paenibacillales;Paenibacillaceae;Paenibacillus
LP500.2;ASV400;0;LP500;larvae;sorb+;5;2;Bacteria;Proteobacteria;Gammaproteobacteria;Pseudomonadales;Moraxellaceae;Acinetobacter
LP500.2;ASV401;0;LP500;larvae;sorb+;5;2;Bacteria;Proteobacteria;Alphaproteobacteria;Caulobacterales;Caulobacteraceae;Brevundimonas
LP500.2;ASV402;0;LP500;larvae;sorb+;5;2;Bacteria;Proteobacteria;Gammaproteobacteria;Pseudomonadales;Moraxellaceae;Psychrobacter
LP500.2;ASV408;0;LP500;larvae;sorb+;5;2;Bacteria;Proteobacteria;Gammaproteobacteria;Burkholderiales;SC-I-84;
LP500.2;ASV410;1;LP500;larvae;sorb+;5;2;Bacteria;Proteobacteria;Alphaproteobacteria;Rhizobiales;Xanthobacteraceae;Bradyrhizobium
LP500.3;ASV1;351;LP500;larvae;sorb+;5;3;Bacteria;Proteobacteria;Gammaproteobacteria;Enterobacterales;Morganellaceae;Providencia
LP500.3;ASV2;8490;LP500;larvae;sorb+;5;3;Bacteria;Proteobacteria;Gammaproteobacteria;Enterobacterales;Enterobacteriaceae;Klebsiella
LP500.3;ASV3;32247;LP500;larvae;sorb+;5;3;Bacteria;Proteobacteria;Gammaproteobacteria;Enterobacterales;Enterobacteriaceae;Enterobacter*
LP500.3;ASV4;4763;LP500;larvae;sorb+;5;3;Bacteria;Firmicutes;Bacilli;Lactobacillales;Enterococcaceae;Enterococcus
LP500.3;ASV5;0;LP500;larvae;sorb+;5;3;Bacteria;Firmicutes;Bacilli;Lactobacillales;Lactobacillaceae;Lactiplantibacillus
LP500.3;ASV6;17;LP500;larvae;sorb+;5;3;Bacteria;Firmicutes;Bacilli;Lactobacillales;Lactobacillaceae;Lactobacillus
LP500.3;ASV7;0;LP500;larvae;sorb+;5;3;Bacteria;Firmicutes;Bacilli;Lactobacillales;Lactobacillaceae;Weissella
LP500.3;ASV8;925;LP500;larvae;sorb+;5;3;Bacteria;Firmicutes;Bacilli;Lactobacillales;Enterococcaceae;Enterococcus
LP500.3;ASV9;27;LP500;larvae;sorb+;5;3;Bacteria;Firmicutes;Bacilli;Lactobacillales;Lactobacillaceae;Levilactobacillus
LP500.3;ASV13;1;LP500;larvae;sorb+;5;3;Bacteria;Firmicutes;Bacilli;Staphylococcales;Staphylococcaceae;Mammaliicoccus*
LP500.3;ASV14;0;LP500;larvae;sorb+;5;3;Bacteria;Firmicutes;Bacilli;Lactobacillales;Enterococcaceae;Enterococcus
LP500.3;ASV15;25;LP500;larvae;sorb+;5;3;Bacteria;Firmicutes;Bacilli;Lactobacillales;Lactobacillaceae;Lacticaseibacillus
LP500.3;ASV18;50;LP500;larvae;sorb+;5;3;Bacteria;Actinobacteriota;Actinobacteria;Actinomycetales;Actinomycetaceae;Actinomyces
LP500.3;ASV19;0;LP500;larvae;sorb+;5;3;Bacteria;Proteobacteria;Gammaproteobacteria;Enterobacterales;Morganellaceae;Proteus
LP500.3;ASV20;0;LP500;larvae;sorb+;5;3;Bacteria;Actinobacteriota;Actinobacteria;Corynebacteriales;Corynebacteriaceae;Corynebacterium
LP500.3;ASV21;22;LP500;larvae;sorb+;5;3;Bacteria;Firmicutes;Bacilli;Bacillales;Bacillaceae;Bacillus
LP500.3;ASV22;0;LP500;larvae;sorb+;5;3;Bacteria;Firmicutes;Bacilli;Lactobacillales;Lactobacillaceae;Lacticaseibacillus
LP500.3;ASV23;3;LP500;larvae;sorb+;5;3;Bacteria;Firmicutes;Bacilli;Lactobacillales;Lactobacillaceae;Limosilactobacillus
LP500.3;ASV24;0;LP500;larvae;sorb+;5;3;Bacteria;Proteobacteria;Gammaproteobacteria;Enterobacterales;Enterobacteriaceae;Escherichia-Shigella
LP500.3;ASV25;0;LP500;larvae;sorb+;5;3;Bacteria;Firmicutes;Bacilli;Lactobacillales;Enterococcaceae;Enterococcus
LP500.3;ASV28;19;LP500;larvae;sorb+;5;3;Bacteria;Firmicutes;Bacilli;Lactobacillales;Lactobacillaceae;Lacticaseibacillus
LP500.3;ASV34;0;LP500;larvae;sorb+;5;3;Bacteria;Proteobacteria;Gammaproteobacteria;Enterobacterales;Enterobacteriaceae;Klebsiella
LP500.3;ASV35;0;LP500;larvae;sorb+;5;3;Bacteria;Firmicutes;Bacilli;Lactobacillales;Lactobacillaceae;Weissella
LP500.3;ASV36;0;LP500;larvae;sorb+;5;3;Bacteria;Proteobacteria;Gammaproteobacteria;Enterobacterales;Morganellaceae;Providencia
LP500.3;ASV37;0;LP500;larvae;sorb+;5;3;Bacteria;Firmicutes;Bacilli;Lactobacillales;Lactobacillaceae;Pediococcus
LP500.3;ASV40;0;LP500;larvae;sorb+;5;3;Bacteria;Actinobacteriota;Actinobacteria;Corynebacteriales;Corynebacteriaceae;Corynebacterium
LP500.3;ASV43;0;LP500;larvae;sorb+;5;3;Bacteria;Proteobacteria;Gammaproteobacteria;Enterobacterales;Enterobacteriaceae;Enterobacter*
LP500.3;ASV44;0;LP500;larvae;sorb+;5;3;Bacteria;Firmicutes;Bacilli;Lactobacillales;Enterococcaceae;Enterococcus*
LP500.3;ASV46;0;LP500;larvae;sorb+;5;3;Bacteria;Firmicutes;Bacilli;Lactobacillales;Enterococcaceae;Enterococcus
LP500.3;ASV50;7;LP500;larvae;sorb+;5;3;Bacteria;Proteobacteria;Gammaproteobacteria;Pseudomonadales;Pseudomonadaceae;Pseudomonas
LP500.3;ASV53;0;LP500;larvae;sorb+;5;3;Bacteria;Actinobacteriota;Actinobacteria;Corynebacteriales;Corynebacteriaceae;Corynebacterium
LP500.3;ASV55;0;LP500;larvae;sorb+;5;3;Bacteria;Firmicutes;Bacilli;Bacillales;Bacillaceae;Bacillus
LP500.3;ASV58;0;LP500;larvae;sorb+;5;3;Bacteria;Actinobacteriota;Actinobacteria;Micrococcales;Brevibacteriaceae;Brevibacterium
LP500.3;ASV65;0;LP500;larvae;sorb+;5;3;Bacteria;Bacteroidota;Bacteroidia;Bacteroidales;Bacteroidaceae;Bacteroides
LP500.3;ASV66;0;LP500;larvae;sorb+;5;3;Bacteria;Firmicutes;Bacilli;Staphylococcales;Staphylococcaceae;Staphylococcus
LP500.3;ASV69;0;LP500;larvae;sorb+;5;3;Bacteria;Firmicutes;Bacilli;Bacillales;Planococcaceae;Uncult. bacterium*
LP500.3;ASV73;0;LP500;larvae;sorb+;5;3;Bacteria;Proteobacteria;Gammaproteobacteria;Burkholderiales;Burkholderiaceae;Ralstonia
LP500.3;ASV76;0;LP500;larvae;sorb+;5;3;Bacteria;Proteobacteria;Gammaproteobacteria;Pseudomonadales;Pseudomonadaceae;Pseudomonas
LP500.3;ASV83;0;LP500;larvae;sorb+;5;3;Bacteria;Proteobacteria;Gammaproteobacteria;Burkholderiales;Comamonadaceae;Delftia
LP500.3;ASV85;0;LP500;larvae;sorb+;5;3;Bacteria;Bacteroidota;Bacteroidia;Bacteroidales;Bacteroidaceae;Bacteroides
LP500.3;ASV86;0;LP500;larvae;sorb+;5;3;Bacteria;Bacteroidota;Bacteroidia;Bacteroidales;Bacteroidaceae;Bacteroides
LP500.3;ASV87;0;LP500;larvae;sorb+;5;3;Bacteria;Firmicutes;Bacilli;Lactobacillales;Streptococcaceae;Streptococcus
LP500.3;ASV90;0;LP500;larvae;sorb+;5;3;Bacteria;Proteobacteria;Gammaproteobacteria;Xanthomonadales;Xanthomonadaceae;Stenotrophomonas
LP500.3;ASV92;6;LP500;larvae;sorb+;5;3;Bacteria;Proteobacteria;Gammaproteobacteria;Enterobacterales;Yersiniaceae;Yersinia
LP500.3;ASV95;0;LP500;larvae;sorb+;5;3;Bacteria;Proteobacteria;Gammaproteobacteria;Pseudomonadales;Moraxellaceae;Psychrobacter
LP500.3;ASV98;0;LP500;larvae;sorb+;5;3;Bacteria;Proteobacteria;Gammaproteobacteria;Enterobacterales;Enterobacteriaceae;
LP500.3;ASV99;2;LP500;larvae;sorb+;5;3;Bacteria;Proteobacteria;Alphaproteobacteria;Sphingomonadales;Sphingomonadaceae;Sphingomonas
LP500.3;ASV100;0;LP500;larvae;sorb+;5;3;Bacteria;Firmicutes;Bacilli;Lactobacillales;Lactobacillaceae;Lapidilactobacillus
LP500.3;ASV103;0;LP500;larvae;sorb+;5;3;Bacteria;Bacteroidota;Bacteroidia;Bacteroidales;Tannerellaceae;Parabacteroides
LP500.3;ASV106;0;LP500;larvae;sorb+;5;3;Bacteria;Proteobacteria;Gammaproteobacteria;Enterobacterales;Morganellaceae;Providencia
LP500.3;ASV109;0;LP500;larvae;sorb+;5;3;Bacteria;Proteobacteria;Alphaproteobacteria;Rhodobacterales;Rhodobacteraceae;Rubellimicrobium
LP500.3;ASV111;0;LP500;larvae;sorb+;5;3;Bacteria;Bacteroidota;Bacteroidia;Bacteroidales;Bacteroidaceae;Bacteroides
LP500.3;ASV115;0;LP500;larvae;sorb+;5;3;Bacteria;Proteobacteria;Gammaproteobacteria;Pseudomonadales;Alcanivoracaceae1;Alcanivorax
LP500.3;ASV117;0;LP500;larvae;sorb+;5;3;Bacteria;Actinobacteriota;Actinobacteria;Corynebacteriales;Corynebacteriaceae;Corynebacterium
LP500.3;ASV120;0;LP500;larvae;sorb+;5;3;Bacteria;Proteobacteria;Gammaproteobacteria;Burkholderiales;Sutterellaceae;Parasutterella
LP500.3;ASV124;0;LP500;larvae;sorb+;5;3;Bacteria;Firmicutes;Bacilli;Staphylococcales;Staphylococcaceae;Staphylococcus
LP500.3;ASV128;0;LP500;larvae;sorb+;5;3;Bacteria;Proteobacteria;Gammaproteobacteria;Burkholderiales;Hydrogenophilaceae;Tepidiphilus
LP500.3;ASV129;1;LP500;larvae;sorb+;5;3;Bacteria;Proteobacteria;Alphaproteobacteria;Rhizobiales;Beijerinckiaceae;Methylobacterium-Methylorubrum
LP500.3;ASV130;0;LP500;larvae;sorb+;5;3;Bacteria;Proteobacteria;Alphaproteobacteria;Sphingomonadales;Sphingomonadaceae;Sphingomonas
LP500.3;ASV132;0;LP500;larvae;sorb+;5;3;Bacteria;Bacteroidota;Bacteroidia;Bacteroidales;Bacteroidaceae;Bacteroides
LP500.3;ASV134;0;LP500;larvae;sorb+;5;3;Bacteria;Proteobacteria;Gammaproteobacteria;Burkholderiales;Comamonadaceae;
LP500.3;ASV137;0;LP500;larvae;sorb+;5;3;Bacteria;Proteobacteria;Gammaproteobacteria;Pseudomonadales;Pseudomonadaceae;Pseudomonas
LP500.3;ASV146;0;LP500;larvae;sorb+;5;3;Bacteria;Firmicutes;Negativicutes;Veillonellales-Selenomonadales;Veillonellaceae;Dialister
LP500.3;ASV147;0;LP500;larvae;sorb+;5;3;Bacteria;Proteobacteria;Gammaproteobacteria;Pseudomonadales;Moraxellaceae;Acinetobacter
LP500.3;ASV148;0;LP500;larvae;sorb+;5;3;Bacteria;Actinobacteriota;Actinobacteria;Micrococcales;Dermabacteraceae;Brachybacterium
LP500.3;ASV153;0;LP500;larvae;sorb+;5;3;Bacteria;Proteobacteria;Gammaproteobacteria;Pseudomonadales;Pseudomonadaceae;Pseudomonas
LP500.3;ASV155;0;LP500;larvae;sorb+;5;3;Bacteria;Proteobacteria;Gammaproteobacteria;Pseudomonadales;Halomonadaceae;Halomonas
LP500.3;ASV159;0;LP500;larvae;sorb+;5;3;Bacteria;Actinobacteriota;Thermoleophilia;Solirubrobacterales;67-14;
LP500.3;ASV160;3;LP500;larvae;sorb+;5;3;Bacteria;Proteobacteria;Gammaproteobacteria;Burkholderiales;Burkholderiaceae;Ralstonia
LP500.3;ASV162;0;LP500;larvae;sorb+;5;3;Bacteria;Proteobacteria;Gammaproteobacteria;Pseudomonadales;Moraxellaceae;Acinetobacter
LP500.3;ASV164;0;LP500;larvae;sorb+;5;3;Bacteria;Proteobacteria;Gammaproteobacteria;Pseudomonadales;Alcanivoracaceae1;Alcanivorax
LP500.3;ASV165;0;LP500;larvae;sorb+;5;3;Bacteria;Dependentiae;Babeliae;Babeliales;Vermiphilaceae;
LP500.3;ASV172;0;LP500;larvae;sorb+;5;3;Bacteria;Proteobacteria;Gammaproteobacteria;Enterobacterales;Pseudoalteromonadaceae;Pseudoalteromonas
LP500.3;ASV173;0;LP500;larvae;sorb+;5;3;Bacteria;Firmicutes;Bacilli;Lactobacillales;Carnobacteriaceae;Isobaculum
LP500.3;ASV174;0;LP500;larvae;sorb+;5;3;Bacteria;Firmicutes;Bacilli;Erysipelotrichales;Erysipelotrichaceae;Turicibacter
LP500.3;ASV175;0;LP500;larvae;sorb+;5;3;Bacteria;Actinobacteriota;Actinobacteria;Actinomycetales;Actinomycetaceae;Actinomyces
LP500.3;ASV176;0;LP500;larvae;sorb+;5;3;Bacteria;Proteobacteria;Gammaproteobacteria;Burkholderiales;Comamonadaceae;Aquabacterium
LP500.3;ASV178;0;LP500;larvae;sorb+;5;3;Bacteria;Proteobacteria;Gammaproteobacteria;Burkholderiales;Burkholderiaceae;Burkholderia-Caballeronia-Paraburkholderia
LP500.3;ASV182;0;LP500;larvae;sorb+;5;3;Bacteria;Proteobacteria;Gammaproteobacteria;Enterobacterales;Alteromonadaceae;Alteromonas
LP500.3;ASV183;0;LP500;larvae;sorb+;5;3;Bacteria;Proteobacteria;Gammaproteobacteria;Xanthomonadales;Xanthomonadaceae;Stenotrophomonas
LP500.3;ASV185;0;LP500;larvae;sorb+;5;3;Bacteria;Firmicutes;Bacilli;Bacillales;Bacillaceae;Anaerobacillus
LP500.3;ASV191;0;LP500;larvae;sorb+;5;3;Bacteria;Firmicutes;Clostridia;Oscillospirales;Ruminococcaceae;Faecalibacterium
LP500.3;ASV194;0;LP500;larvae;sorb+;5;3;Bacteria;Proteobacteria;Gammaproteobacteria;Burkholderiales;Comamonadaceae;
LP500.3;ASV195;0;LP500;larvae;sorb+;5;3;Bacteria;Firmicutes;Bacilli;Thermicanales;Thermicanaceae;Thermicanus
LP500.3;ASV197;0;LP500;larvae;sorb+;5;3;Bacteria;Firmicutes;Bacilli;Bacillales;Bacillaceae;Aeribacillus
LP500.3;ASV198;0;LP500;larvae;sorb+;5;3;Bacteria;Proteobacteria;Gammaproteobacteria;Burkholderiales;Comamonadaceae;
LP500.3;ASV200;0;LP500;larvae;sorb+;5;3;Bacteria;Proteobacteria;Gammaproteobacteria;Enterobacterales;Pseudoalteromonadaceae;Pseudoalteromonas
LP500.3;ASV206;0;LP500;larvae;sorb+;5;3;Bacteria;Firmicutes;Clostridia;Oscillospirales;Oscillospiraceae;UCG-002
LP500.3;ASV207;0;LP500;larvae;sorb+;5;3;Bacteria;Firmicutes;Negativicutes;Veillonellales-Selenomonadales;Veillonellaceae;Dialister
LP500.3;ASV208;0;LP500;larvae;sorb+;5;3;Bacteria;Actinobacteriota;Actinobacteria;Micromonosporales;Micromonosporaceae;Catellatospora
LP500.3;ASV211;0;LP500;larvae;sorb+;5;3;Bacteria;Firmicutes;Bacilli;Lactobacillales;Carnobacteriaceae;Atopostipes
LP500.3;ASV212;0;LP500;larvae;sorb+;5;3;Bacteria;Proteobacteria;Gammaproteobacteria;Xanthomonadales;Xanthomonadaceae;Stenotrophomonas
LP500.3;ASV213;0;LP500;larvae;sorb+;5;3;Bacteria;Proteobacteria;Gammaproteobacteria;Enterobacterales;Pseudoalteromonadaceae;Pseudoalteromonas
LP500.3;ASV214;0;LP500;larvae;sorb+;5;3;Bacteria;Proteobacteria;Gammaproteobacteria;Xanthomonadales;Xanthomonadaceae;Stenotrophomonas
LP500.3;ASV215;0;LP500;larvae;sorb+;5;3;Bacteria;Bacteroidota;Bacteroidia;Bacteroidales;Bacteroidaceae;Bacteroides
LP500.3;ASV216;0;LP500;larvae;sorb+;5;3;Bacteria;Proteobacteria;Gammaproteobacteria;Burkholderiales;Hydrogenophilaceae;Tepidiphilus
LP500.3;ASV217;2;LP500;larvae;sorb+;5;3;Bacteria;Proteobacteria;Gammaproteobacteria;Pseudomonadales;Alcanivoracaceae1;Alcanivorax
LP500.3;ASV218;0;LP500;larvae;sorb+;5;3;Bacteria;Proteobacteria;Gammaproteobacteria;Enterobacterales;Morganellaceae;Moellerella
LP500.3;ASV226;0;LP500;larvae;sorb+;5;3;Bacteria;Proteobacteria;Gammaproteobacteria;Burkholderiales;Oxalobacteraceae;Massilia
LP500.3;ASV235;0;LP500;larvae;sorb+;5;3;Bacteria;Actinobacteriota;Actinobacteria;Micrococcales;Micrococcaceae;Micrococcus
LP500.3;ASV236;0;LP500;larvae;sorb+;5;3;Bacteria;Proteobacteria;Gammaproteobacteria;Burkholderiales;Comamonadaceae;Schlegelella
LP500.3;ASV237;0;LP500;larvae;sorb+;5;3;Bacteria;Verrucomicrobiota;Verrucomicrobiae;Pedosphaerales;Pedosphaeraceae;
LP500.3;ASV239;0;LP500;larvae;sorb+;5;3;Bacteria;Actinobacteriota;Acidimicrobiia;Microtrichales;Ilumatobacteraceae;Ilumatobacter
LP500.3;ASV240;0;LP500;larvae;sorb+;5;3;Bacteria;Proteobacteria;Gammaproteobacteria;Xanthomonadales;Xanthomonadaceae;Lysobacter
LP500.3;ASV241;0;LP500;larvae;sorb+;5;3;Bacteria;Actinobacteriota;Actinobacteria;Micrococcales;Micrococcaceae;Micrococcus
LP500.3;ASV242;0;LP500;larvae;sorb+;5;3;Bacteria;Actinobacteriota;Actinobacteria;Actinomycetales;Actinomycetaceae;Actinomyces
LP500.3;ASV243;0;LP500;larvae;sorb+;5;3;Bacteria;Proteobacteria;Gammaproteobacteria;Xanthomonadales;Xanthomonadaceae;Stenotrophomonas
LP500.3;ASV244;0;LP500;larvae;sorb+;5;3;Bacteria;Proteobacteria;Gammaproteobacteria;Pseudomonadales;Moraxellaceae;Enhydrobacter
LP500.3;ASV246;0;LP500;larvae;sorb+;5;3;Bacteria;Proteobacteria;Gammaproteobacteria;Nitrosococcales;Methylophagaceae;Methylophaga
LP500.3;ASV247;0;LP500;larvae;sorb+;5;3;Bacteria;Bacteroidota;Bacteroidia;Bacteroidales;Bacteroidaceae;Bacteroides
LP500.3;ASV248;0;LP500;larvae;sorb+;5;3;Bacteria;Proteobacteria;Gammaproteobacteria;Burkholderiales;Comamonadaceae;Tepidimonas
LP500.3;ASV250;0;LP500;larvae;sorb+;5;3;Bacteria;Proteobacteria;Gammaproteobacteria;Pseudomonadales;Marinobacteraceae;Marinobacter
LP500.3;ASV251;0;LP500;larvae;sorb+;5;3;Bacteria;Actinobacteriota;Actinobacteria;Streptomycetales;Streptomycetaceae;Streptomyces
LP500.3;ASV252;0;LP500;larvae;sorb+;5;3;Bacteria;Firmicutes;Bacilli;Staphylococcales;Staphylococcaceae;
LP500.3;ASV253;0;LP500;larvae;sorb+;5;3;Bacteria;Planctomycetota;Planctomycetes;Gemmatales;Gemmataceae;
LP500.3;ASV282;0;LP500;larvae;sorb+;5;3;Bacteria;Firmicutes;Bacilli;Lactobacillales;Carnobacteriaceae;Isobaculum
LP500.3;ASV283;0;LP500;larvae;sorb+;5;3;Bacteria;Proteobacteria;Gammaproteobacteria;Burkholderiales;Alcaligenaceae;Alcaligenes
LP500.3;ASV284;0;LP500;larvae;sorb+;5;3;Bacteria;Firmicutes;Bacilli;Lactobacillales;Lactobacillaceae;Weissella
LP500.3;ASV287;0;LP500;larvae;sorb+;5;3;Bacteria;Myxococcota;Polyangia;Polyangiales;BIrii41;
LP500.3;ASV290;0;LP500;larvae;sorb+;5;3;Bacteria;Firmicutes;Clostridia;Oscillospirales;[Eubacterium] coprostanoligenes group;
LP500.3;ASV291;0;LP500;larvae;sorb+;5;3;Bacteria;Proteobacteria;Alphaproteobacteria;Rhizobiales;Amb-16S-1323;
LP500.3;ASV294;0;LP500;larvae;sorb+;5;3;Bacteria;Proteobacteria;Gammaproteobacteria;Burkholderiales;SC-I-84;
LP500.3;ASV295;0;LP500;larvae;sorb+;5;3;Bacteria;Actinobacteriota;Actinobacteria;Micromonosporales;Micromonosporaceae;Virgisporangium
LP500.3;ASV296;0;LP500;larvae;sorb+;5;3;Bacteria;Proteobacteria;Gammaproteobacteria;Pseudomonadales;Moraxellaceae;Acinetobacter
LP500.3;ASV297;0;LP500;larvae;sorb+;5;3;Bacteria;Actinobacteriota;Acidimicrobiia;Microtrichales;Ilumatobacteraceae;
LP500.3;ASV298;0;LP500;larvae;sorb+;5;3;Bacteria;Firmicutes;Bacilli;Paenibacillales;Paenibacillaceae;Paenibacillus
LP500.3;ASV299;0;LP500;larvae;sorb+;5;3;Bacteria;Actinobacteriota;Thermoleophilia;Solirubrobacterales;67-14;
LP500.3;ASV300;0;LP500;larvae;sorb+;5;3;Bacteria;Proteobacteria;Gammaproteobacteria;Enterobacterales;Vibrionaceae;
LP500.3;ASV304;0;LP500;larvae;sorb+;5;3;Bacteria;Firmicutes;Clostridia;Lachnospirales;Lachnospiraceae;[Ruminococcus] gauvreauii group
LP500.3;ASV305;0;LP500;larvae;sorb+;5;3;Bacteria;Actinobacteriota;Actinobacteria;Micrococcales;Brevibacteriaceae;Brevibacterium
LP500.3;ASV306;0;LP500;larvae;sorb+;5;3;Bacteria;Firmicutes;Bacilli;Lactobacillales;Lactobacillaceae;Weissella
LP500.3;ASV308;0;LP500;larvae;sorb+;5;3;Bacteria;Proteobacteria;Gammaproteobacteria;Burkholderiales;Oxalobacteraceae;Duganella
LP500.3;ASV309;0;LP500;larvae;sorb+;5;3;Bacteria;Firmicutes;Bacilli;Lactobacillales;Carnobacteriaceae;Isobaculum
LP500.3;ASV310;0;LP500;larvae;sorb+;5;3;Bacteria;Proteobacteria;Alphaproteobacteria;Rhodobacterales;Rhodobacteraceae;Paracoccus
LP500.3;ASV311;0;LP500;larvae;sorb+;5;3;Bacteria;Acidobacteriota;Vicinamibacteria;Vicinamibacterales;Vicinamibacteraceae;
LP500.3;ASV362;0;LP500;larvae;sorb+;5;3;Bacteria;Firmicutes;Bacilli;Lactobacillales;Lactobacillaceae;Lactobacillus
LP500.3;ASV363;0;LP500;larvae;sorb+;5;3;Bacteria;Bacteroidota;Bacteroidia;Bacteroidales;Tannerellaceae;Parabacteroides
LP500.3;ASV365;0;LP500;larvae;sorb+;5;3;Bacteria;Proteobacteria;Gammaproteobacteria;Burkholderiales;Burkholderiaceae;Ralstonia
LP500.3;ASV370;0;LP500;larvae;sorb+;5;3;Bacteria;Proteobacteria;Gammaproteobacteria;Burkholderiales;Rhodocyclaceae;
LP500.3;ASV371;0;LP500;larvae;sorb+;5;3;Bacteria;Firmicutes;Clostridia;Lachnospirales;Lachnospiraceae;Lachnospiraceae NK4A136 group
LP500.3;ASV374;0;LP500;larvae;sorb+;5;3;Bacteria;Gemmatimonadota;Gemmatimonadetes;Gemmatimonadales;Gemmatimonadaceae;Gemmatimonas
LP500.3;ASV376;0;LP500;larvae;sorb+;5;3;Bacteria;Acidobacteriota;Vicinamibacteria;Vicinamibacterales;Vicinamibacteraceae;Vicinamibacter
LP500.3;ASV383;0;LP500;larvae;sorb+;5;3;Bacteria;Proteobacteria;Gammaproteobacteria;Burkholderiales;Gallionellaceae;Gallionella
LP500.3;ASV389;0;LP500;larvae;sorb+;5;3;Bacteria;Proteobacteria;Alphaproteobacteria;Sphingomonadales;Sphingomonadaceae;Sphingobium
LP500.3;ASV393;0;LP500;larvae;sorb+;5;3;Bacteria;Firmicutes;Bacilli;Lactobacillales;Lactobacillaceae;Weissella
LP500.3;ASV394;0;LP500;larvae;sorb+;5;3;Bacteria;Proteobacteria;Gammaproteobacteria;Burkholderiales;Sutterellaceae;Parasutterella
LP500.3;ASV395;0;LP500;larvae;sorb+;5;3;Bacteria;Actinobacteriota;Actinobacteria;Frankiales;Cryptosporangiaceae;Cryptosporangium
LP500.3;ASV397;0;LP500;larvae;sorb+;5;3;Bacteria;Bacteroidota;Bacteroidia;Bacteroidales;Muribaculaceae;
LP500.3;ASV399;0;LP500;larvae;sorb+;5;3;Bacteria;Firmicutes;Bacilli;Paenibacillales;Paenibacillaceae;Paenibacillus
LP500.3;ASV400;0;LP500;larvae;sorb+;5;3;Bacteria;Proteobacteria;Gammaproteobacteria;Pseudomonadales;Moraxellaceae;Acinetobacter
LP500.3;ASV401;0;LP500;larvae;sorb+;5;3;Bacteria;Proteobacteria;Alphaproteobacteria;Caulobacterales;Caulobacteraceae;Brevundimonas
LP500.3;ASV402;0;LP500;larvae;sorb+;5;3;Bacteria;Proteobacteria;Gammaproteobacteria;Pseudomonadales;Moraxellaceae;Psychrobacter
LP500.3;ASV408;0;LP500;larvae;sorb+;5;3;Bacteria;Proteobacteria;Gammaproteobacteria;Burkholderiales;SC-I-84;
LP500.3;ASV410;0;LP500;larvae;sorb+;5;3;Bacteria;Proteobacteria;Alphaproteobacteria;Rhizobiales;Xanthobacteraceae;Bradyrhizobium
LS.1;ASV1;32711;LS;larvae;start;start;1;Bacteria;Proteobacteria;Gammaproteobacteria;Enterobacterales;Morganellaceae;Providencia
LS.1;ASV2;1077;LS;larvae;start;start;1;Bacteria;Proteobacteria;Gammaproteobacteria;Enterobacterales;Enterobacteriaceae;Klebsiella
LS.1;ASV3;0;LS;larvae;start;start;1;Bacteria;Proteobacteria;Gammaproteobacteria;Enterobacterales;Enterobacteriaceae;Enterobacter*
LS.1;ASV4;7627;LS;larvae;start;start;1;Bacteria;Firmicutes;Bacilli;Lactobacillales;Enterococcaceae;Enterococcus
LS.1;ASV5;90;LS;larvae;start;start;1;Bacteria;Firmicutes;Bacilli;Lactobacillales;Lactobacillaceae;Lactiplantibacillus
LS.1;ASV6;0;LS;larvae;start;start;1;Bacteria;Firmicutes;Bacilli;Lactobacillales;Lactobacillaceae;Lactobacillus
LS.1;ASV7;0;LS;larvae;start;start;1;Bacteria;Firmicutes;Bacilli;Lactobacillales;Lactobacillaceae;Weissella
LS.1;ASV8;440;LS;larvae;start;start;1;Bacteria;Firmicutes;Bacilli;Lactobacillales;Enterococcaceae;Enterococcus
LS.1;ASV9;69;LS;larvae;start;start;1;Bacteria;Firmicutes;Bacilli;Lactobacillales;Lactobacillaceae;Levilactobacillus
LS.1;ASV13;41;LS;larvae;start;start;1;Bacteria;Firmicutes;Bacilli;Staphylococcales;Staphylococcaceae;Mammaliicoccus*
LS.1;ASV14;1453;LS;larvae;start;start;1;Bacteria;Firmicutes;Bacilli;Lactobacillales;Enterococcaceae;Enterococcus
LS.1;ASV15;0;LS;larvae;start;start;1;Bacteria;Firmicutes;Bacilli;Lactobacillales;Lactobacillaceae;Lacticaseibacillus
LS.1;ASV18;0;LS;larvae;start;start;1;Bacteria;Actinobacteriota;Actinobacteria;Actinomycetales;Actinomycetaceae;Actinomyces
LS.1;ASV19;0;LS;larvae;start;start;1;Bacteria;Proteobacteria;Gammaproteobacteria;Enterobacterales;Morganellaceae;Proteus
LS.1;ASV20;9;LS;larvae;start;start;1;Bacteria;Actinobacteriota;Actinobacteria;Corynebacteriales;Corynebacteriaceae;Corynebacterium
LS.1;ASV21;1558;LS;larvae;start;start;1;Bacteria;Firmicutes;Bacilli;Bacillales;Bacillaceae;Bacillus
LS.1;ASV22;0;LS;larvae;start;start;1;Bacteria;Firmicutes;Bacilli;Lactobacillales;Lactobacillaceae;Lacticaseibacillus
LS.1;ASV23;0;LS;larvae;start;start;1;Bacteria;Firmicutes;Bacilli;Lactobacillales;Lactobacillaceae;Limosilactobacillus
LS.1;ASV24;11;LS;larvae;start;start;1;Bacteria;Proteobacteria;Gammaproteobacteria;Enterobacterales;Enterobacteriaceae;Escherichia-Shigella
LS.1;ASV25;0;LS;larvae;start;start;1;Bacteria;Firmicutes;Bacilli;Lactobacillales;Enterococcaceae;Enterococcus
LS.1;ASV28;0;LS;larvae;start;start;1;Bacteria;Firmicutes;Bacilli;Lactobacillales;Lactobacillaceae;Lacticaseibacillus
LS.1;ASV34;425;LS;larvae;start;start;1;Bacteria;Proteobacteria;Gammaproteobacteria;Enterobacterales;Enterobacteriaceae;Klebsiella
LS.1;ASV35;134;LS;larvae;start;start;1;Bacteria;Firmicutes;Bacilli;Lactobacillales;Lactobacillaceae;Weissella
LS.1;ASV36;0;LS;larvae;start;start;1;Bacteria;Proteobacteria;Gammaproteobacteria;Enterobacterales;Morganellaceae;Providencia
LS.1;ASV37;995;LS;larvae;start;start;1;Bacteria;Firmicutes;Bacilli;Lactobacillales;Lactobacillaceae;Pediococcus
LS.1;ASV40;170;LS;larvae;start;start;1;Bacteria;Actinobacteriota;Actinobacteria;Corynebacteriales;Corynebacteriaceae;Corynebacterium
LS.1;ASV43;0;LS;larvae;start;start;1;Bacteria;Proteobacteria;Gammaproteobacteria;Enterobacterales;Enterobacteriaceae;Enterobacter*
LS.1;ASV44;0;LS;larvae;start;start;1;Bacteria;Firmicutes;Bacilli;Lactobacillales;Enterococcaceae;Enterococcus*
LS.1;ASV46;0;LS;larvae;start;start;1;Bacteria;Firmicutes;Bacilli;Lactobacillales;Enterococcaceae;Enterococcus
LS.1;ASV50;0;LS;larvae;start;start;1;Bacteria;Proteobacteria;Gammaproteobacteria;Pseudomonadales;Pseudomonadaceae;Pseudomonas
LS.1;ASV53;0;LS;larvae;start;start;1;Bacteria;Actinobacteriota;Actinobacteria;Corynebacteriales;Corynebacteriaceae;Corynebacterium
LS.1;ASV55;122;LS;larvae;start;start;1;Bacteria;Firmicutes;Bacilli;Bacillales;Bacillaceae;Bacillus
LS.1;ASV58;8;LS;larvae;start;start;1;Bacteria;Actinobacteriota;Actinobacteria;Micrococcales;Brevibacteriaceae;Brevibacterium
LS.1;ASV65;0;LS;larvae;start;start;1;Bacteria;Bacteroidota;Bacteroidia;Bacteroidales;Bacteroidaceae;Bacteroides
LS.1;ASV66;0;LS;larvae;start;start;1;Bacteria;Firmicutes;Bacilli;Staphylococcales;Staphylococcaceae;Staphylococcus
LS.1;ASV69;0;LS;larvae;start;start;1;Bacteria;Firmicutes;Bacilli;Bacillales;Planococcaceae;Uncult. bacterium*
LS.1;ASV73;6;LS;larvae;start;start;1;Bacteria;Proteobacteria;Gammaproteobacteria;Burkholderiales;Burkholderiaceae;Ralstonia
LS.1;ASV76;0;LS;larvae;start;start;1;Bacteria;Proteobacteria;Gammaproteobacteria;Pseudomonadales;Pseudomonadaceae;Pseudomonas
LS.1;ASV83;7;LS;larvae;start;start;1;Bacteria;Proteobacteria;Gammaproteobacteria;Burkholderiales;Comamonadaceae;Delftia
LS.1;ASV85;0;LS;larvae;start;start;1;Bacteria;Bacteroidota;Bacteroidia;Bacteroidales;Bacteroidaceae;Bacteroides
LS.1;ASV86;0;LS;larvae;start;start;1;Bacteria;Bacteroidota;Bacteroidia;Bacteroidales;Bacteroidaceae;Bacteroides
LS.1;ASV87;1;LS;larvae;start;start;1;Bacteria;Firmicutes;Bacilli;Lactobacillales;Streptococcaceae;Streptococcus
LS.1;ASV90;6;LS;larvae;start;start;1;Bacteria;Proteobacteria;Gammaproteobacteria;Xanthomonadales;Xanthomonadaceae;Stenotrophomonas
LS.1;ASV92;0;LS;larvae;start;start;1;Bacteria;Proteobacteria;Gammaproteobacteria;Enterobacterales;Yersiniaceae;Yersinia
LS.1;ASV95;0;LS;larvae;start;start;1;Bacteria;Proteobacteria;Gammaproteobacteria;Pseudomonadales;Moraxellaceae;Psychrobacter
LS.1;ASV98;0;LS;larvae;start;start;1;Bacteria;Proteobacteria;Gammaproteobacteria;Enterobacterales;Enterobacteriaceae;
LS.1;ASV99;0;LS;larvae;start;start;1;Bacteria;Proteobacteria;Alphaproteobacteria;Sphingomonadales;Sphingomonadaceae;Sphingomonas
LS.1;ASV100;0;LS;larvae;start;start;1;Bacteria;Firmicutes;Bacilli;Lactobacillales;Lactobacillaceae;Lapidilactobacillus
LS.1;ASV103;0;LS;larvae;start;start;1;Bacteria;Bacteroidota;Bacteroidia;Bacteroidales;Tannerellaceae;Parabacteroides
LS.1;ASV106;0;LS;larvae;start;start;1;Bacteria;Proteobacteria;Gammaproteobacteria;Enterobacterales;Morganellaceae;Providencia
LS.1;ASV109;0;LS;larvae;start;start;1;Bacteria;Proteobacteria;Alphaproteobacteria;Rhodobacterales;Rhodobacteraceae;Rubellimicrobium
LS.1;ASV111;0;LS;larvae;start;start;1;Bacteria;Bacteroidota;Bacteroidia;Bacteroidales;Bacteroidaceae;Bacteroides
LS.1;ASV115;0;LS;larvae;start;start;1;Bacteria;Proteobacteria;Gammaproteobacteria;Pseudomonadales;Alcanivoracaceae1;Alcanivorax
LS.1;ASV117;0;LS;larvae;start;start;1;Bacteria;Actinobacteriota;Actinobacteria;Corynebacteriales;Corynebacteriaceae;Corynebacterium
LS.1;ASV120;0;LS;larvae;start;start;1;Bacteria;Proteobacteria;Gammaproteobacteria;Burkholderiales;Sutterellaceae;Parasutterella
LS.1;ASV124;0;LS;larvae;start;start;1;Bacteria;Firmicutes;Bacilli;Staphylococcales;Staphylococcaceae;Staphylococcus
LS.1;ASV128;0;LS;larvae;start;start;1;Bacteria;Proteobacteria;Gammaproteobacteria;Burkholderiales;Hydrogenophilaceae;Tepidiphilus
LS.1;ASV129;0;LS;larvae;start;start;1;Bacteria;Proteobacteria;Alphaproteobacteria;Rhizobiales;Beijerinckiaceae;Methylobacterium-Methylorubrum
LS.1;ASV130;0;LS;larvae;start;start;1;Bacteria;Proteobacteria;Alphaproteobacteria;Sphingomonadales;Sphingomonadaceae;Sphingomonas
LS.1;ASV132;0;LS;larvae;start;start;1;Bacteria;Bacteroidota;Bacteroidia;Bacteroidales;Bacteroidaceae;Bacteroides
LS.1;ASV134;0;LS;larvae;start;start;1;Bacteria;Proteobacteria;Gammaproteobacteria;Burkholderiales;Comamonadaceae;
LS.1;ASV137;0;LS;larvae;start;start;1;Bacteria;Proteobacteria;Gammaproteobacteria;Pseudomonadales;Pseudomonadaceae;Pseudomonas
LS.1;ASV146;0;LS;larvae;start;start;1;Bacteria;Firmicutes;Negativicutes;Veillonellales-Selenomonadales;Veillonellaceae;Dialister
LS.1;ASV147;0;LS;larvae;start;start;1;Bacteria;Proteobacteria;Gammaproteobacteria;Pseudomonadales;Moraxellaceae;Acinetobacter
LS.1;ASV148;0;LS;larvae;start;start;1;Bacteria;Actinobacteriota;Actinobacteria;Micrococcales;Dermabacteraceae;Brachybacterium
LS.1;ASV153;0;LS;larvae;start;start;1;Bacteria;Proteobacteria;Gammaproteobacteria;Pseudomonadales;Pseudomonadaceae;Pseudomonas
LS.1;ASV155;0;LS;larvae;start;start;1;Bacteria;Proteobacteria;Gammaproteobacteria;Pseudomonadales;Halomonadaceae;Halomonas
LS.1;ASV159;0;LS;larvae;start;start;1;Bacteria;Actinobacteriota;Thermoleophilia;Solirubrobacterales;67-14;
LS.1;ASV160;0;LS;larvae;start;start;1;Bacteria;Proteobacteria;Gammaproteobacteria;Burkholderiales;Burkholderiaceae;Ralstonia
LS.1;ASV162;0;LS;larvae;start;start;1;Bacteria;Proteobacteria;Gammaproteobacteria;Pseudomonadales;Moraxellaceae;Acinetobacter
LS.1;ASV164;0;LS;larvae;start;start;1;Bacteria;Proteobacteria;Gammaproteobacteria;Pseudomonadales;Alcanivoracaceae1;Alcanivorax
LS.1;ASV165;0;LS;larvae;start;start;1;Bacteria;Dependentiae;Babeliae;Babeliales;Vermiphilaceae;
LS.1;ASV172;0;LS;larvae;start;start;1;Bacteria;Proteobacteria;Gammaproteobacteria;Enterobacterales;Pseudoalteromonadaceae;Pseudoalteromonas
LS.1;ASV173;0;LS;larvae;start;start;1;Bacteria;Firmicutes;Bacilli;Lactobacillales;Carnobacteriaceae;Isobaculum
LS.1;ASV174;0;LS;larvae;start;start;1;Bacteria;Firmicutes;Bacilli;Erysipelotrichales;Erysipelotrichaceae;Turicibacter
LS.1;ASV175;0;LS;larvae;start;start;1;Bacteria;Actinobacteriota;Actinobacteria;Actinomycetales;Actinomycetaceae;Actinomyces
LS.1;ASV176;0;LS;larvae;start;start;1;Bacteria;Proteobacteria;Gammaproteobacteria;Burkholderiales;Comamonadaceae;Aquabacterium
LS.1;ASV178;0;LS;larvae;start;start;1;Bacteria;Proteobacteria;Gammaproteobacteria;Burkholderiales;Burkholderiaceae;Burkholderia-Caballeronia-Paraburkholderia
LS.1;ASV182;0;LS;larvae;start;start;1;Bacteria;Proteobacteria;Gammaproteobacteria;Enterobacterales;Alteromonadaceae;Alteromonas
LS.1;ASV183;0;LS;larvae;start;start;1;Bacteria;Proteobacteria;Gammaproteobacteria;Xanthomonadales;Xanthomonadaceae;Stenotrophomonas
LS.1;ASV185;0;LS;larvae;start;start;1;Bacteria;Firmicutes;Bacilli;Bacillales;Bacillaceae;Anaerobacillus
LS.1;ASV191;0;LS;larvae;start;start;1;Bacteria;Firmicutes;Clostridia;Oscillospirales;Ruminococcaceae;Faecalibacterium
LS.1;ASV194;0;LS;larvae;start;start;1;Bacteria;Proteobacteria;Gammaproteobacteria;Burkholderiales;Comamonadaceae;
LS.1;ASV195;0;LS;larvae;start;start;1;Bacteria;Firmicutes;Bacilli;Thermicanales;Thermicanaceae;Thermicanus
LS.1;ASV197;0;LS;larvae;start;start;1;Bacteria;Firmicutes;Bacilli;Bacillales;Bacillaceae;Aeribacillus
LS.1;ASV198;0;LS;larvae;start;start;1;Bacteria;Proteobacteria;Gammaproteobacteria;Burkholderiales;Comamonadaceae;
LS.1;ASV200;0;LS;larvae;start;start;1;Bacteria;Proteobacteria;Gammaproteobacteria;Enterobacterales;Pseudoalteromonadaceae;Pseudoalteromonas
LS.1;ASV206;0;LS;larvae;start;start;1;Bacteria;Firmicutes;Clostridia;Oscillospirales;Oscillospiraceae;UCG-002
LS.1;ASV207;0;LS;larvae;start;start;1;Bacteria;Firmicutes;Negativicutes;Veillonellales-Selenomonadales;Veillonellaceae;Dialister
LS.1;ASV208;0;LS;larvae;start;start;1;Bacteria;Actinobacteriota;Actinobacteria;Micromonosporales;Micromonosporaceae;Catellatospora
LS.1;ASV211;0;LS;larvae;start;start;1;Bacteria;Firmicutes;Bacilli;Lactobacillales;Carnobacteriaceae;Atopostipes
LS.1;ASV212;0;LS;larvae;start;start;1;Bacteria;Proteobacteria;Gammaproteobacteria;Xanthomonadales;Xanthomonadaceae;Stenotrophomonas
LS.1;ASV213;0;LS;larvae;start;start;1;Bacteria;Proteobacteria;Gammaproteobacteria;Enterobacterales;Pseudoalteromonadaceae;Pseudoalteromonas
LS.1;ASV214;0;LS;larvae;start;start;1;Bacteria;Proteobacteria;Gammaproteobacteria;Xanthomonadales;Xanthomonadaceae;Stenotrophomonas
LS.1;ASV215;0;LS;larvae;start;start;1;Bacteria;Bacteroidota;Bacteroidia;Bacteroidales;Bacteroidaceae;Bacteroides
LS.1;ASV216;0;LS;larvae;start;start;1;Bacteria;Proteobacteria;Gammaproteobacteria;Burkholderiales;Hydrogenophilaceae;Tepidiphilus
LS.1;ASV217;0;LS;larvae;start;start;1;Bacteria;Proteobacteria;Gammaproteobacteria;Pseudomonadales;Alcanivoracaceae1;Alcanivorax
LS.1;ASV218;0;LS;larvae;start;start;1;Bacteria;Proteobacteria;Gammaproteobacteria;Enterobacterales;Morganellaceae;Moellerella
LS.1;ASV226;0;LS;larvae;start;start;1;Bacteria;Proteobacteria;Gammaproteobacteria;Burkholderiales;Oxalobacteraceae;Massilia
LS.1;ASV235;0;LS;larvae;start;start;1;Bacteria;Actinobacteriota;Actinobacteria;Micrococcales;Micrococcaceae;Micrococcus
LS.1;ASV236;0;LS;larvae;start;start;1;Bacteria;Proteobacteria;Gammaproteobacteria;Burkholderiales;Comamonadaceae;Schlegelella
LS.1;ASV237;0;LS;larvae;start;start;1;Bacteria;Verrucomicrobiota;Verrucomicrobiae;Pedosphaerales;Pedosphaeraceae;
LS.1;ASV239;0;LS;larvae;start;start;1;Bacteria;Actinobacteriota;Acidimicrobiia;Microtrichales;Ilumatobacteraceae;Ilumatobacter
LS.1;ASV240;0;LS;larvae;start;start;1;Bacteria;Proteobacteria;Gammaproteobacteria;Xanthomonadales;Xanthomonadaceae;Lysobacter
LS.1;ASV241;0;LS;larvae;start;start;1;Bacteria;Actinobacteriota;Actinobacteria;Micrococcales;Micrococcaceae;Micrococcus
LS.1;ASV242;0;LS;larvae;start;start;1;Bacteria;Actinobacteriota;Actinobacteria;Actinomycetales;Actinomycetaceae;Actinomyces
LS.1;ASV243;0;LS;larvae;start;start;1;Bacteria;Proteobacteria;Gammaproteobacteria;Xanthomonadales;Xanthomonadaceae;Stenotrophomonas
LS.1;ASV244;0;LS;larvae;start;start;1;Bacteria;Proteobacteria;Gammaproteobacteria;Pseudomonadales;Moraxellaceae;Enhydrobacter
LS.1;ASV246;0;LS;larvae;start;start;1;Bacteria;Proteobacteria;Gammaproteobacteria;Nitrosococcales;Methylophagaceae;Methylophaga
LS.1;ASV247;0;LS;larvae;start;start;1;Bacteria;Bacteroidota;Bacteroidia;Bacteroidales;Bacteroidaceae;Bacteroides
LS.1;ASV248;0;LS;larvae;start;start;1;Bacteria;Proteobacteria;Gammaproteobacteria;Burkholderiales;Comamonadaceae;Tepidimonas
LS.1;ASV250;0;LS;larvae;start;start;1;Bacteria;Proteobacteria;Gammaproteobacteria;Pseudomonadales;Marinobacteraceae;Marinobacter
LS.1;ASV251;0;LS;larvae;start;start;1;Bacteria;Actinobacteriota;Actinobacteria;Streptomycetales;Streptomycetaceae;Streptomyces
LS.1;ASV252;0;LS;larvae;start;start;1;Bacteria;Firmicutes;Bacilli;Staphylococcales;Staphylococcaceae;
LS.1;ASV253;0;LS;larvae;start;start;1;Bacteria;Planctomycetota;Planctomycetes;Gemmatales;Gemmataceae;
LS.1;ASV282;0;LS;larvae;start;start;1;Bacteria;Firmicutes;Bacilli;Lactobacillales;Carnobacteriaceae;Isobaculum
LS.1;ASV283;0;LS;larvae;start;start;1;Bacteria;Proteobacteria;Gammaproteobacteria;Burkholderiales;Alcaligenaceae;Alcaligenes
LS.1;ASV284;0;LS;larvae;start;start;1;Bacteria;Firmicutes;Bacilli;Lactobacillales;Lactobacillaceae;Weissella
LS.1;ASV287;0;LS;larvae;start;start;1;Bacteria;Myxococcota;Polyangia;Polyangiales;BIrii41;
LS.1;ASV290;0;LS;larvae;start;start;1;Bacteria;Firmicutes;Clostridia;Oscillospirales;[Eubacterium] coprostanoligenes group;
LS.1;ASV291;0;LS;larvae;start;start;1;Bacteria;Proteobacteria;Alphaproteobacteria;Rhizobiales;Amb-16S-1323;
LS.1;ASV294;0;LS;larvae;start;start;1;Bacteria;Proteobacteria;Gammaproteobacteria;Burkholderiales;SC-I-84;
LS.1;ASV295;0;LS;larvae;start;start;1;Bacteria;Actinobacteriota;Actinobacteria;Micromonosporales;Micromonosporaceae;Virgisporangium
LS.1;ASV296;0;LS;larvae;start;start;1;Bacteria;Proteobacteria;Gammaproteobacteria;Pseudomonadales;Moraxellaceae;Acinetobacter
LS.1;ASV297;0;LS;larvae;start;start;1;Bacteria;Actinobacteriota;Acidimicrobiia;Microtrichales;Ilumatobacteraceae;
LS.1;ASV298;0;LS;larvae;start;start;1;Bacteria;Firmicutes;Bacilli;Paenibacillales;Paenibacillaceae;Paenibacillus
LS.1;ASV299;0;LS;larvae;start;start;1;Bacteria;Actinobacteriota;Thermoleophilia;Solirubrobacterales;67-14;
LS.1;ASV300;0;LS;larvae;start;start;1;Bacteria;Proteobacteria;Gammaproteobacteria;Enterobacterales;Vibrionaceae;
LS.1;ASV304;0;LS;larvae;start;start;1;Bacteria;Firmicutes;Clostridia;Lachnospirales;Lachnospiraceae;[Ruminococcus] gauvreauii group
LS.1;ASV305;0;LS;larvae;start;start;1;Bacteria;Actinobacteriota;Actinobacteria;Micrococcales;Brevibacteriaceae;Brevibacterium
LS.1;ASV306;0;LS;larvae;start;start;1;Bacteria;Firmicutes;Bacilli;Lactobacillales;Lactobacillaceae;Weissella
LS.1;ASV308;0;LS;larvae;start;start;1;Bacteria;Proteobacteria;Gammaproteobacteria;Burkholderiales;Oxalobacteraceae;Duganella
LS.1;ASV309;1;LS;larvae;start;start;1;Bacteria;Firmicutes;Bacilli;Lactobacillales;Carnobacteriaceae;Isobaculum
LS.1;ASV310;0;LS;larvae;start;start;1;Bacteria;Proteobacteria;Alphaproteobacteria;Rhodobacterales;Rhodobacteraceae;Paracoccus
LS.1;ASV311;0;LS;larvae;start;start;1;Bacteria;Acidobacteriota;Vicinamibacteria;Vicinamibacterales;Vicinamibacteraceae;
LS.1;ASV362;0;LS;larvae;start;start;1;Bacteria;Firmicutes;Bacilli;Lactobacillales;Lactobacillaceae;Lactobacillus
LS.1;ASV363;0;LS;larvae;start;start;1;Bacteria;Bacteroidota;Bacteroidia;Bacteroidales;Tannerellaceae;Parabacteroides
LS.1;ASV365;0;LS;larvae;start;start;1;Bacteria;Proteobacteria;Gammaproteobacteria;Burkholderiales;Burkholderiaceae;Ralstonia
LS.1;ASV370;0;LS;larvae;start;start;1;Bacteria;Proteobacteria;Gammaproteobacteria;Burkholderiales;Rhodocyclaceae;
LS.1;ASV371;0;LS;larvae;start;start;1;Bacteria;Firmicutes;Clostridia;Lachnospirales;Lachnospiraceae;Lachnospiraceae NK4A136 group
LS.1;ASV374;0;LS;larvae;start;start;1;Bacteria;Gemmatimonadota;Gemmatimonadetes;Gemmatimonadales;Gemmatimonadaceae;Gemmatimonas
LS.1;ASV376;0;LS;larvae;start;start;1;Bacteria;Acidobacteriota;Vicinamibacteria;Vicinamibacterales;Vicinamibacteraceae;Vicinamibacter
LS.1;ASV383;0;LS;larvae;start;start;1;Bacteria;Proteobacteria;Gammaproteobacteria;Burkholderiales;Gallionellaceae;Gallionella
LS.1;ASV389;0;LS;larvae;start;start;1;Bacteria;Proteobacteria;Alphaproteobacteria;Sphingomonadales;Sphingomonadaceae;Sphingobium
LS.1;ASV393;0;LS;larvae;start;start;1;Bacteria;Firmicutes;Bacilli;Lactobacillales;Lactobacillaceae;Weissella
LS.1;ASV394;0;LS;larvae;start;start;1;Bacteria;Proteobacteria;Gammaproteobacteria;Burkholderiales;Sutterellaceae;Parasutterella
LS.1;ASV395;0;LS;larvae;start;start;1;Bacteria;Actinobacteriota;Actinobacteria;Frankiales;Cryptosporangiaceae;Cryptosporangium
LS.1;ASV397;0;LS;larvae;start;start;1;Bacteria;Bacteroidota;Bacteroidia;Bacteroidales;Muribaculaceae;
LS.1;ASV399;0;LS;larvae;start;start;1;Bacteria;Firmicutes;Bacilli;Paenibacillales;Paenibacillaceae;Paenibacillus
LS.1;ASV400;0;LS;larvae;start;start;1;Bacteria;Proteobacteria;Gammaproteobacteria;Pseudomonadales;Moraxellaceae;Acinetobacter
LS.1;ASV401;0;LS;larvae;start;start;1;Bacteria;Proteobacteria;Alphaproteobacteria;Caulobacterales;Caulobacteraceae;Brevundimonas
LS.1;ASV402;0;LS;larvae;start;start;1;Bacteria;Proteobacteria;Gammaproteobacteria;Pseudomonadales;Moraxellaceae;Psychrobacter
LS.1;ASV408;0;LS;larvae;start;start;1;Bacteria;Proteobacteria;Gammaproteobacteria;Burkholderiales;SC-I-84;
LS.1;ASV410;0;LS;larvae;start;start;1;Bacteria;Proteobacteria;Alphaproteobacteria;Rhizobiales;Xanthobacteraceae;Bradyrhizobium
LS.2;ASV1;29249;LS;larvae;start;start;2;Bacteria;Proteobacteria;Gammaproteobacteria;Enterobacterales;Morganellaceae;Providencia
LS.2;ASV2;154;LS;larvae;start;start;2;Bacteria;Proteobacteria;Gammaproteobacteria;Enterobacterales;Enterobacteriaceae;Klebsiella
LS.2;ASV3;114;LS;larvae;start;start;2;Bacteria;Proteobacteria;Gammaproteobacteria;Enterobacterales;Enterobacteriaceae;Enterobacter*
LS.2;ASV4;11185;LS;larvae;start;start;2;Bacteria;Firmicutes;Bacilli;Lactobacillales;Enterococcaceae;Enterococcus
LS.2;ASV5;742;LS;larvae;start;start;2;Bacteria;Firmicutes;Bacilli;Lactobacillales;Lactobacillaceae;Lactiplantibacillus
LS.2;ASV6;0;LS;larvae;start;start;2;Bacteria;Firmicutes;Bacilli;Lactobacillales;Lactobacillaceae;Lactobacillus
LS.2;ASV7;0;LS;larvae;start;start;2;Bacteria;Firmicutes;Bacilli;Lactobacillales;Lactobacillaceae;Weissella
LS.2;ASV8;197;LS;larvae;start;start;2;Bacteria;Firmicutes;Bacilli;Lactobacillales;Enterococcaceae;Enterococcus
LS.2;ASV9;164;LS;larvae;start;start;2;Bacteria;Firmicutes;Bacilli;Lactobacillales;Lactobacillaceae;Levilactobacillus
LS.2;ASV13;64;LS;larvae;start;start;2;Bacteria;Firmicutes;Bacilli;Staphylococcales;Staphylococcaceae;Mammaliicoccus*
LS.2;ASV14;346;LS;larvae;start;start;2;Bacteria;Firmicutes;Bacilli;Lactobacillales;Enterococcaceae;Enterococcus
LS.2;ASV15;0;LS;larvae;start;start;2;Bacteria;Firmicutes;Bacilli;Lactobacillales;Lactobacillaceae;Lacticaseibacillus
LS.2;ASV18;0;LS;larvae;start;start;2;Bacteria;Actinobacteriota;Actinobacteria;Actinomycetales;Actinomycetaceae;Actinomyces
LS.2;ASV19;0;LS;larvae;start;start;2;Bacteria;Proteobacteria;Gammaproteobacteria;Enterobacterales;Morganellaceae;Proteus
LS.2;ASV20;27;LS;larvae;start;start;2;Bacteria;Actinobacteriota;Actinobacteria;Corynebacteriales;Corynebacteriaceae;Corynebacterium
LS.2;ASV21;2109;LS;larvae;start;start;2;Bacteria;Firmicutes;Bacilli;Bacillales;Bacillaceae;Bacillus
LS.2;ASV22;0;LS;larvae;start;start;2;Bacteria;Firmicutes;Bacilli;Lactobacillales;Lactobacillaceae;Lacticaseibacillus
LS.2;ASV23;0;LS;larvae;start;start;2;Bacteria;Firmicutes;Bacilli;Lactobacillales;Lactobacillaceae;Limosilactobacillus
LS.2;ASV24;5;LS;larvae;start;start;2;Bacteria;Proteobacteria;Gammaproteobacteria;Enterobacterales;Enterobacteriaceae;Escherichia-Shigella
LS.2;ASV25;0;LS;larvae;start;start;2;Bacteria;Firmicutes;Bacilli;Lactobacillales;Enterococcaceae;Enterococcus
LS.2;ASV28;0;LS;larvae;start;start;2;Bacteria;Firmicutes;Bacilli;Lactobacillales;Lactobacillaceae;Lacticaseibacillus
LS.2;ASV34;0;LS;larvae;start;start;2;Bacteria;Proteobacteria;Gammaproteobacteria;Enterobacterales;Enterobacteriaceae;Klebsiella
LS.2;ASV35;1690;LS;larvae;start;start;2;Bacteria;Firmicutes;Bacilli;Lactobacillales;Lactobacillaceae;Weissella
LS.2;ASV36;0;LS;larvae;start;start;2;Bacteria;Proteobacteria;Gammaproteobacteria;Enterobacterales;Morganellaceae;Providencia
LS.2;ASV37;268;LS;larvae;start;start;2;Bacteria;Firmicutes;Bacilli;Lactobacillales;Lactobacillaceae;Pediococcus
LS.2;ASV40;453;LS;larvae;start;start;2;Bacteria;Actinobacteriota;Actinobacteria;Corynebacteriales;Corynebacteriaceae;Corynebacterium
LS.2;ASV43;0;LS;larvae;start;start;2;Bacteria;Proteobacteria;Gammaproteobacteria;Enterobacterales;Enterobacteriaceae;Enterobacter*
LS.2;ASV44;0;LS;larvae;start;start;2;Bacteria;Firmicutes;Bacilli;Lactobacillales;Enterococcaceae;Enterococcus*
LS.2;ASV46;89;LS;larvae;start;start;2;Bacteria;Firmicutes;Bacilli;Lactobacillales;Enterococcaceae;Enterococcus
LS.2;ASV50;14;LS;larvae;start;start;2;Bacteria;Proteobacteria;Gammaproteobacteria;Pseudomonadales;Pseudomonadaceae;Pseudomonas
LS.2;ASV53;20;LS;larvae;start;start;2;Bacteria;Actinobacteriota;Actinobacteria;Corynebacteriales;Corynebacteriaceae;Corynebacterium
LS.2;ASV55;1;LS;larvae;start;start;2;Bacteria;Firmicutes;Bacilli;Bacillales;Bacillaceae;Bacillus
LS.2;ASV58;4;LS;larvae;start;start;2;Bacteria;Actinobacteriota;Actinobacteria;Micrococcales;Brevibacteriaceae;Brevibacterium
LS.2;ASV65;0;LS;larvae;start;start;2;Bacteria;Bacteroidota;Bacteroidia;Bacteroidales;Bacteroidaceae;Bacteroides
LS.2;ASV66;0;LS;larvae;start;start;2;Bacteria;Firmicutes;Bacilli;Staphylococcales;Staphylococcaceae;Staphylococcus
LS.2;ASV69;5;LS;larvae;start;start;2;Bacteria;Firmicutes;Bacilli;Bacillales;Planococcaceae;Uncult. bacterium*
LS.2;ASV73;8;LS;larvae;start;start;2;Bacteria;Proteobacteria;Gammaproteobacteria;Burkholderiales;Burkholderiaceae;Ralstonia
LS.2;ASV76;0;LS;larvae;start;start;2;Bacteria;Proteobacteria;Gammaproteobacteria;Pseudomonadales;Pseudomonadaceae;Pseudomonas
LS.2;ASV83;9;LS;larvae;start;start;2;Bacteria;Proteobacteria;Gammaproteobacteria;Burkholderiales;Comamonadaceae;Delftia
LS.2;ASV85;0;LS;larvae;start;start;2;Bacteria;Bacteroidota;Bacteroidia;Bacteroidales;Bacteroidaceae;Bacteroides
LS.2;ASV86;0;LS;larvae;start;start;2;Bacteria;Bacteroidota;Bacteroidia;Bacteroidales;Bacteroidaceae;Bacteroides
LS.2;ASV87;0;LS;larvae;start;start;2;Bacteria;Firmicutes;Bacilli;Lactobacillales;Streptococcaceae;Streptococcus
LS.2;ASV90;2;LS;larvae;start;start;2;Bacteria;Proteobacteria;Gammaproteobacteria;Xanthomonadales;Xanthomonadaceae;Stenotrophomonas
LS.2;ASV92;0;LS;larvae;start;start;2;Bacteria;Proteobacteria;Gammaproteobacteria;Enterobacterales;Yersiniaceae;Yersinia
LS.2;ASV95;9;LS;larvae;start;start;2;Bacteria;Proteobacteria;Gammaproteobacteria;Pseudomonadales;Moraxellaceae;Psychrobacter
LS.2;ASV98;0;LS;larvae;start;start;2;Bacteria;Proteobacteria;Gammaproteobacteria;Enterobacterales;Enterobacteriaceae;
LS.2;ASV99;0;LS;larvae;start;start;2;Bacteria;Proteobacteria;Alphaproteobacteria;Sphingomonadales;Sphingomonadaceae;Sphingomonas
LS.2;ASV100;11;LS;larvae;start;start;2;Bacteria;Firmicutes;Bacilli;Lactobacillales;Lactobacillaceae;Lapidilactobacillus
LS.2;ASV103;0;LS;larvae;start;start;2;Bacteria;Bacteroidota;Bacteroidia;Bacteroidales;Tannerellaceae;Parabacteroides
LS.2;ASV106;0;LS;larvae;start;start;2;Bacteria;Proteobacteria;Gammaproteobacteria;Enterobacterales;Morganellaceae;Providencia
LS.2;ASV109;0;LS;larvae;start;start;2;Bacteria;Proteobacteria;Alphaproteobacteria;Rhodobacterales;Rhodobacteraceae;Rubellimicrobium
LS.2;ASV111;0;LS;larvae;start;start;2;Bacteria;Bacteroidota;Bacteroidia;Bacteroidales;Bacteroidaceae;Bacteroides
LS.2;ASV115;3;LS;larvae;start;start;2;Bacteria;Proteobacteria;Gammaproteobacteria;Pseudomonadales;Alcanivoracaceae1;Alcanivorax
LS.2;ASV117;0;LS;larvae;start;start;2;Bacteria;Actinobacteriota;Actinobacteria;Corynebacteriales;Corynebacteriaceae;Corynebacterium
LS.2;ASV120;0;LS;larvae;start;start;2;Bacteria;Proteobacteria;Gammaproteobacteria;Burkholderiales;Sutterellaceae;Parasutterella
LS.2;ASV124;0;LS;larvae;start;start;2;Bacteria;Firmicutes;Bacilli;Staphylococcales;Staphylococcaceae;Staphylococcus
LS.2;ASV128;0;LS;larvae;start;start;2;Bacteria;Proteobacteria;Gammaproteobacteria;Burkholderiales;Hydrogenophilaceae;Tepidiphilus
LS.2;ASV129;0;LS;larvae;start;start;2;Bacteria;Proteobacteria;Alphaproteobacteria;Rhizobiales;Beijerinckiaceae;Methylobacterium-Methylorubrum
LS.2;ASV130;0;LS;larvae;start;start;2;Bacteria;Proteobacteria;Alphaproteobacteria;Sphingomonadales;Sphingomonadaceae;Sphingomonas
LS.2;ASV132;0;LS;larvae;start;start;2;Bacteria;Bacteroidota;Bacteroidia;Bacteroidales;Bacteroidaceae;Bacteroides
LS.2;ASV134;0;LS;larvae;start;start;2;Bacteria;Proteobacteria;Gammaproteobacteria;Burkholderiales;Comamonadaceae;
LS.2;ASV137;0;LS;larvae;start;start;2;Bacteria;Proteobacteria;Gammaproteobacteria;Pseudomonadales;Pseudomonadaceae;Pseudomonas
LS.2;ASV146;0;LS;larvae;start;start;2;Bacteria;Firmicutes;Negativicutes;Veillonellales-Selenomonadales;Veillonellaceae;Dialister
LS.2;ASV147;9;LS;larvae;start;start;2;Bacteria;Proteobacteria;Gammaproteobacteria;Pseudomonadales;Moraxellaceae;Acinetobacter
LS.2;ASV148;2;LS;larvae;start;start;2;Bacteria;Actinobacteriota;Actinobacteria;Micrococcales;Dermabacteraceae;Brachybacterium
LS.2;ASV153;0;LS;larvae;start;start;2;Bacteria;Proteobacteria;Gammaproteobacteria;Pseudomonadales;Pseudomonadaceae;Pseudomonas
LS.2;ASV155;0;LS;larvae;start;start;2;Bacteria;Proteobacteria;Gammaproteobacteria;Pseudomonadales;Halomonadaceae;Halomonas
LS.2;ASV159;0;LS;larvae;start;start;2;Bacteria;Actinobacteriota;Thermoleophilia;Solirubrobacterales;67-14;
LS.2;ASV160;0;LS;larvae;start;start;2;Bacteria;Proteobacteria;Gammaproteobacteria;Burkholderiales;Burkholderiaceae;Ralstonia
LS.2;ASV162;0;LS;larvae;start;start;2;Bacteria;Proteobacteria;Gammaproteobacteria;Pseudomonadales;Moraxellaceae;Acinetobacter
LS.2;ASV164;0;LS;larvae;start;start;2;Bacteria;Proteobacteria;Gammaproteobacteria;Pseudomonadales;Alcanivoracaceae1;Alcanivorax
LS.2;ASV165;0;LS;larvae;start;start;2;Bacteria;Dependentiae;Babeliae;Babeliales;Vermiphilaceae;
LS.2;ASV172;0;LS;larvae;start;start;2;Bacteria;Proteobacteria;Gammaproteobacteria;Enterobacterales;Pseudoalteromonadaceae;Pseudoalteromonas
LS.2;ASV173;0;LS;larvae;start;start;2;Bacteria;Firmicutes;Bacilli;Lactobacillales;Carnobacteriaceae;Isobaculum
LS.2;ASV174;0;LS;larvae;start;start;2;Bacteria;Firmicutes;Bacilli;Erysipelotrichales;Erysipelotrichaceae;Turicibacter
LS.2;ASV175;0;LS;larvae;start;start;2;Bacteria;Actinobacteriota;Actinobacteria;Actinomycetales;Actinomycetaceae;Actinomyces
LS.2;ASV176;0;LS;larvae;start;start;2;Bacteria;Proteobacteria;Gammaproteobacteria;Burkholderiales;Comamonadaceae;Aquabacterium
LS.2;ASV178;1;LS;larvae;start;start;2;Bacteria;Proteobacteria;Gammaproteobacteria;Burkholderiales;Burkholderiaceae;Burkholderia-Caballeronia-Paraburkholderia
LS.2;ASV182;0;LS;larvae;start;start;2;Bacteria;Proteobacteria;Gammaproteobacteria;Enterobacterales;Alteromonadaceae;Alteromonas
LS.2;ASV183;0;LS;larvae;start;start;2;Bacteria;Proteobacteria;Gammaproteobacteria;Xanthomonadales;Xanthomonadaceae;Stenotrophomonas
LS.2;ASV185;0;LS;larvae;start;start;2;Bacteria;Firmicutes;Bacilli;Bacillales;Bacillaceae;Anaerobacillus
LS.2;ASV191;0;LS;larvae;start;start;2;Bacteria;Firmicutes;Clostridia;Oscillospirales;Ruminococcaceae;Faecalibacterium
LS.2;ASV194;0;LS;larvae;start;start;2;Bacteria;Proteobacteria;Gammaproteobacteria;Burkholderiales;Comamonadaceae;
LS.2;ASV195;0;LS;larvae;start;start;2;Bacteria;Firmicutes;Bacilli;Thermicanales;Thermicanaceae;Thermicanus
LS.2;ASV197;0;LS;larvae;start;start;2;Bacteria;Firmicutes;Bacilli;Bacillales;Bacillaceae;Aeribacillus
LS.2;ASV198;0;LS;larvae;start;start;2;Bacteria;Proteobacteria;Gammaproteobacteria;Burkholderiales;Comamonadaceae;
LS.2;ASV200;0;LS;larvae;start;start;2;Bacteria;Proteobacteria;Gammaproteobacteria;Enterobacterales;Pseudoalteromonadaceae;Pseudoalteromonas
LS.2;ASV206;0;LS;larvae;start;start;2;Bacteria;Firmicutes;Clostridia;Oscillospirales;Oscillospiraceae;UCG-002
LS.2;ASV207;0;LS;larvae;start;start;2;Bacteria;Firmicutes;Negativicutes;Veillonellales-Selenomonadales;Veillonellaceae;Dialister
LS.2;ASV208;0;LS;larvae;start;start;2;Bacteria;Actinobacteriota;Actinobacteria;Micromonosporales;Micromonosporaceae;Catellatospora
LS.2;ASV211;0;LS;larvae;start;start;2;Bacteria;Firmicutes;Bacilli;Lactobacillales;Carnobacteriaceae;Atopostipes
LS.2;ASV212;0;LS;larvae;start;start;2;Bacteria;Proteobacteria;Gammaproteobacteria;Xanthomonadales;Xanthomonadaceae;Stenotrophomonas
LS.2;ASV213;0;LS;larvae;start;start;2;Bacteria;Proteobacteria;Gammaproteobacteria;Enterobacterales;Pseudoalteromonadaceae;Pseudoalteromonas
LS.2;ASV214;0;LS;larvae;start;start;2;Bacteria;Proteobacteria;Gammaproteobacteria;Xanthomonadales;Xanthomonadaceae;Stenotrophomonas
LS.2;ASV215;0;LS;larvae;start;start;2;Bacteria;Bacteroidota;Bacteroidia;Bacteroidales;Bacteroidaceae;Bacteroides
LS.2;ASV216;0;LS;larvae;start;start;2;Bacteria;Proteobacteria;Gammaproteobacteria;Burkholderiales;Hydrogenophilaceae;Tepidiphilus
LS.2;ASV217;0;LS;larvae;start;start;2;Bacteria;Proteobacteria;Gammaproteobacteria;Pseudomonadales;Alcanivoracaceae1;Alcanivorax
LS.2;ASV218;0;LS;larvae;start;start;2;Bacteria;Proteobacteria;Gammaproteobacteria;Enterobacterales;Morganellaceae;Moellerella
LS.2;ASV226;0;LS;larvae;start;start;2;Bacteria;Proteobacteria;Gammaproteobacteria;Burkholderiales;Oxalobacteraceae;Massilia
LS.2;ASV235;0;LS;larvae;start;start;2;Bacteria;Actinobacteriota;Actinobacteria;Micrococcales;Micrococcaceae;Micrococcus
LS.2;ASV236;0;LS;larvae;start;start;2;Bacteria;Proteobacteria;Gammaproteobacteria;Burkholderiales;Comamonadaceae;Schlegelella
LS.2;ASV237;0;LS;larvae;start;start;2;Bacteria;Verrucomicrobiota;Verrucomicrobiae;Pedosphaerales;Pedosphaeraceae;
LS.2;ASV239;0;LS;larvae;start;start;2;Bacteria;Actinobacteriota;Acidimicrobiia;Microtrichales;Ilumatobacteraceae;Ilumatobacter
LS.2;ASV240;0;LS;larvae;start;start;2;Bacteria;Proteobacteria;Gammaproteobacteria;Xanthomonadales;Xanthomonadaceae;Lysobacter
LS.2;ASV241;0;LS;larvae;start;start;2;Bacteria;Actinobacteriota;Actinobacteria;Micrococcales;Micrococcaceae;Micrococcus
LS.2;ASV242;0;LS;larvae;start;start;2;Bacteria;Actinobacteriota;Actinobacteria;Actinomycetales;Actinomycetaceae;Actinomyces
LS.2;ASV243;0;LS;larvae;start;start;2;Bacteria;Proteobacteria;Gammaproteobacteria;Xanthomonadales;Xanthomonadaceae;Stenotrophomonas
LS.2;ASV244;0;LS;larvae;start;start;2;Bacteria;Proteobacteria;Gammaproteobacteria;Pseudomonadales;Moraxellaceae;Enhydrobacter
LS.2;ASV246;0;LS;larvae;start;start;2;Bacteria;Proteobacteria;Gammaproteobacteria;Nitrosococcales;Methylophagaceae;Methylophaga
LS.2;ASV247;0;LS;larvae;start;start;2;Bacteria;Bacteroidota;Bacteroidia;Bacteroidales;Bacteroidaceae;Bacteroides
LS.2;ASV248;0;LS;larvae;start;start;2;Bacteria;Proteobacteria;Gammaproteobacteria;Burkholderiales;Comamonadaceae;Tepidimonas
LS.2;ASV250;0;LS;larvae;start;start;2;Bacteria;Proteobacteria;Gammaproteobacteria;Pseudomonadales;Marinobacteraceae;Marinobacter
LS.2;ASV251;0;LS;larvae;start;start;2;Bacteria;Actinobacteriota;Actinobacteria;Streptomycetales;Streptomycetaceae;Streptomyces
LS.2;ASV252;2;LS;larvae;start;start;2;Bacteria;Firmicutes;Bacilli;Staphylococcales;Staphylococcaceae;
LS.2;ASV253;0;LS;larvae;start;start;2;Bacteria;Planctomycetota;Planctomycetes;Gemmatales;Gemmataceae;
LS.2;ASV282;0;LS;larvae;start;start;2;Bacteria;Firmicutes;Bacilli;Lactobacillales;Carnobacteriaceae;Isobaculum
LS.2;ASV283;0;LS;larvae;start;start;2;Bacteria;Proteobacteria;Gammaproteobacteria;Burkholderiales;Alcaligenaceae;Alcaligenes
LS.2;ASV284;0;LS;larvae;start;start;2;Bacteria;Firmicutes;Bacilli;Lactobacillales;Lactobacillaceae;Weissella
LS.2;ASV287;0;LS;larvae;start;start;2;Bacteria;Myxococcota;Polyangia;Polyangiales;BIrii41;
LS.2;ASV290;0;LS;larvae;start;start;2;Bacteria;Firmicutes;Clostridia;Oscillospirales;[Eubacterium] coprostanoligenes group;
LS.2;ASV291;0;LS;larvae;start;start;2;Bacteria;Proteobacteria;Alphaproteobacteria;Rhizobiales;Amb-16S-1323;
LS.2;ASV294;0;LS;larvae;start;start;2;Bacteria;Proteobacteria;Gammaproteobacteria;Burkholderiales;SC-I-84;
LS.2;ASV295;0;LS;larvae;start;start;2;Bacteria;Actinobacteriota;Actinobacteria;Micromonosporales;Micromonosporaceae;Virgisporangium
LS.2;ASV296;0;LS;larvae;start;start;2;Bacteria;Proteobacteria;Gammaproteobacteria;Pseudomonadales;Moraxellaceae;Acinetobacter
LS.2;ASV297;0;LS;larvae;start;start;2;Bacteria;Actinobacteriota;Acidimicrobiia;Microtrichales;Ilumatobacteraceae;
LS.2;ASV298;0;LS;larvae;start;start;2;Bacteria;Firmicutes;Bacilli;Paenibacillales;Paenibacillaceae;Paenibacillus
LS.2;ASV299;0;LS;larvae;start;start;2;Bacteria;Actinobacteriota;Thermoleophilia;Solirubrobacterales;67-14;
LS.2;ASV300;0;LS;larvae;start;start;2;Bacteria;Proteobacteria;Gammaproteobacteria;Enterobacterales;Vibrionaceae;
LS.2;ASV304;0;LS;larvae;start;start;2;Bacteria;Firmicutes;Clostridia;Lachnospirales;Lachnospiraceae;[Ruminococcus] gauvreauii group
LS.2;ASV305;0;LS;larvae;start;start;2;Bacteria;Actinobacteriota;Actinobacteria;Micrococcales;Brevibacteriaceae;Brevibacterium
LS.2;ASV306;0;LS;larvae;start;start;2;Bacteria;Firmicutes;Bacilli;Lactobacillales;Lactobacillaceae;Weissella
LS.2;ASV308;0;LS;larvae;start;start;2;Bacteria;Proteobacteria;Gammaproteobacteria;Burkholderiales;Oxalobacteraceae;Duganella
LS.2;ASV309;0;LS;larvae;start;start;2;Bacteria;Firmicutes;Bacilli;Lactobacillales;Carnobacteriaceae;Isobaculum
LS.2;ASV310;5;LS;larvae;start;start;2;Bacteria;Proteobacteria;Alphaproteobacteria;Rhodobacterales;Rhodobacteraceae;Paracoccus
LS.2;ASV311;0;LS;larvae;start;start;2;Bacteria;Acidobacteriota;Vicinamibacteria;Vicinamibacterales;Vicinamibacteraceae;
LS.2;ASV362;0;LS;larvae;start;start;2;Bacteria;Firmicutes;Bacilli;Lactobacillales;Lactobacillaceae;Lactobacillus
LS.2;ASV363;0;LS;larvae;start;start;2;Bacteria;Bacteroidota;Bacteroidia;Bacteroidales;Tannerellaceae;Parabacteroides
LS.2;ASV365;0;LS;larvae;start;start;2;Bacteria;Proteobacteria;Gammaproteobacteria;Burkholderiales;Burkholderiaceae;Ralstonia
LS.2;ASV370;0;LS;larvae;start;start;2;Bacteria;Proteobacteria;Gammaproteobacteria;Burkholderiales;Rhodocyclaceae;
LS.2;ASV371;0;LS;larvae;start;start;2;Bacteria;Firmicutes;Clostridia;Lachnospirales;Lachnospiraceae;Lachnospiraceae NK4A136 group
LS.2;ASV374;0;LS;larvae;start;start;2;Bacteria;Gemmatimonadota;Gemmatimonadetes;Gemmatimonadales;Gemmatimonadaceae;Gemmatimonas
LS.2;ASV376;0;LS;larvae;start;start;2;Bacteria;Acidobacteriota;Vicinamibacteria;Vicinamibacterales;Vicinamibacteraceae;Vicinamibacter
LS.2;ASV383;0;LS;larvae;start;start;2;Bacteria;Proteobacteria;Gammaproteobacteria;Burkholderiales;Gallionellaceae;Gallionella
LS.2;ASV389;0;LS;larvae;start;start;2;Bacteria;Proteobacteria;Alphaproteobacteria;Sphingomonadales;Sphingomonadaceae;Sphingobium
LS.2;ASV393;0;LS;larvae;start;start;2;Bacteria;Firmicutes;Bacilli;Lactobacillales;Lactobacillaceae;Weissella
LS.2;ASV394;0;LS;larvae;start;start;2;Bacteria;Proteobacteria;Gammaproteobacteria;Burkholderiales;Sutterellaceae;Parasutterella
LS.2;ASV395;0;LS;larvae;start;start;2;Bacteria;Actinobacteriota;Actinobacteria;Frankiales;Cryptosporangiaceae;Cryptosporangium
LS.2;ASV397;0;LS;larvae;start;start;2;Bacteria;Bacteroidota;Bacteroidia;Bacteroidales;Muribaculaceae;
LS.2;ASV399;0;LS;larvae;start;start;2;Bacteria;Firmicutes;Bacilli;Paenibacillales;Paenibacillaceae;Paenibacillus
LS.2;ASV400;0;LS;larvae;start;start;2;Bacteria;Proteobacteria;Gammaproteobacteria;Pseudomonadales;Moraxellaceae;Acinetobacter
LS.2;ASV401;0;LS;larvae;start;start;2;Bacteria;Proteobacteria;Alphaproteobacteria;Caulobacterales;Caulobacteraceae;Brevundimonas
LS.2;ASV402;0;LS;larvae;start;start;2;Bacteria;Proteobacteria;Gammaproteobacteria;Pseudomonadales;Moraxellaceae;Psychrobacter
LS.2;ASV408;0;LS;larvae;start;start;2;Bacteria;Proteobacteria;Gammaproteobacteria;Burkholderiales;SC-I-84;
LS.2;ASV410;0;LS;larvae;start;start;2;Bacteria;Proteobacteria;Alphaproteobacteria;Rhizobiales;Xanthobacteraceae;Bradyrhizobium
LS.3;ASV1;29603;LS;larvae;start;start;3;Bacteria;Proteobacteria;Gammaproteobacteria;Enterobacterales;Morganellaceae;Providencia
LS.3;ASV2;124;LS;larvae;start;start;3;Bacteria;Proteobacteria;Gammaproteobacteria;Enterobacterales;Enterobacteriaceae;Klebsiella
LS.3;ASV3;81;LS;larvae;start;start;3;Bacteria;Proteobacteria;Gammaproteobacteria;Enterobacterales;Enterobacteriaceae;Enterobacter*
LS.3;ASV4;12642;LS;larvae;start;start;3;Bacteria;Firmicutes;Bacilli;Lactobacillales;Enterococcaceae;Enterococcus
LS.3;ASV5;659;LS;larvae;start;start;3;Bacteria;Firmicutes;Bacilli;Lactobacillales;Lactobacillaceae;Lactiplantibacillus
LS.3;ASV6;0;LS;larvae;start;start;3;Bacteria;Firmicutes;Bacilli;Lactobacillales;Lactobacillaceae;Lactobacillus
LS.3;ASV7;0;LS;larvae;start;start;3;Bacteria;Firmicutes;Bacilli;Lactobacillales;Lactobacillaceae;Weissella
LS.3;ASV8;170;LS;larvae;start;start;3;Bacteria;Firmicutes;Bacilli;Lactobacillales;Enterococcaceae;Enterococcus
LS.3;ASV9;455;LS;larvae;start;start;3;Bacteria;Firmicutes;Bacilli;Lactobacillales;Lactobacillaceae;Levilactobacillus
LS.3;ASV13;29;LS;larvae;start;start;3;Bacteria;Firmicutes;Bacilli;Staphylococcales;Staphylococcaceae;Mammaliicoccus*
LS.3;ASV14;194;LS;larvae;start;start;3;Bacteria;Firmicutes;Bacilli;Lactobacillales;Enterococcaceae;Enterococcus
LS.3;ASV15;0;LS;larvae;start;start;3;Bacteria;Firmicutes;Bacilli;Lactobacillales;Lactobacillaceae;Lacticaseibacillus
LS.3;ASV18;1;LS;larvae;start;start;3;Bacteria;Actinobacteriota;Actinobacteria;Actinomycetales;Actinomycetaceae;Actinomyces
LS.3;ASV19;0;LS;larvae;start;start;3;Bacteria;Proteobacteria;Gammaproteobacteria;Enterobacterales;Morganellaceae;Proteus
LS.3;ASV20;0;LS;larvae;start;start;3;Bacteria;Actinobacteriota;Actinobacteria;Corynebacteriales;Corynebacteriaceae;Corynebacterium
LS.3;ASV21;1914;LS;larvae;start;start;3;Bacteria;Firmicutes;Bacilli;Bacillales;Bacillaceae;Bacillus
LS.3;ASV22;0;LS;larvae;start;start;3;Bacteria;Firmicutes;Bacilli;Lactobacillales;Lactobacillaceae;Lacticaseibacillus
LS.3;ASV23;0;LS;larvae;start;start;3;Bacteria;Firmicutes;Bacilli;Lactobacillales;Lactobacillaceae;Limosilactobacillus
LS.3;ASV24;0;LS;larvae;start;start;3;Bacteria;Proteobacteria;Gammaproteobacteria;Enterobacterales;Enterobacteriaceae;Escherichia-Shigella
LS.3;ASV25;0;LS;larvae;start;start;3;Bacteria;Firmicutes;Bacilli;Lactobacillales;Enterococcaceae;Enterococcus
LS.3;ASV28;0;LS;larvae;start;start;3;Bacteria;Firmicutes;Bacilli;Lactobacillales;Lactobacillaceae;Lacticaseibacillus
LS.3;ASV34;0;LS;larvae;start;start;3;Bacteria;Proteobacteria;Gammaproteobacteria;Enterobacterales;Enterobacteriaceae;Klebsiella
LS.3;ASV35;157;LS;larvae;start;start;3;Bacteria;Firmicutes;Bacilli;Lactobacillales;Lactobacillaceae;Weissella
LS.3;ASV36;0;LS;larvae;start;start;3;Bacteria;Proteobacteria;Gammaproteobacteria;Enterobacterales;Morganellaceae;Providencia
LS.3;ASV37;683;LS;larvae;start;start;3;Bacteria;Firmicutes;Bacilli;Lactobacillales;Lactobacillaceae;Pediococcus
LS.3;ASV40;143;LS;larvae;start;start;3;Bacteria;Actinobacteriota;Actinobacteria;Corynebacteriales;Corynebacteriaceae;Corynebacterium
LS.3;ASV43;0;LS;larvae;start;start;3;Bacteria;Proteobacteria;Gammaproteobacteria;Enterobacterales;Enterobacteriaceae;Enterobacter*
LS.3;ASV44;0;LS;larvae;start;start;3;Bacteria;Firmicutes;Bacilli;Lactobacillales;Enterococcaceae;Enterococcus*
LS.3;ASV46;52;LS;larvae;start;start;3;Bacteria;Firmicutes;Bacilli;Lactobacillales;Enterococcaceae;Enterococcus
LS.3;ASV50;9;LS;larvae;start;start;3;Bacteria;Proteobacteria;Gammaproteobacteria;Pseudomonadales;Pseudomonadaceae;Pseudomonas
LS.3;ASV53;0;LS;larvae;start;start;3;Bacteria;Actinobacteriota;Actinobacteria;Corynebacteriales;Corynebacteriaceae;Corynebacterium
LS.3;ASV55;8;LS;larvae;start;start;3;Bacteria;Firmicutes;Bacilli;Bacillales;Bacillaceae;Bacillus
LS.3;ASV58;0;LS;larvae;start;start;3;Bacteria;Actinobacteriota;Actinobacteria;Micrococcales;Brevibacteriaceae;Brevibacterium
LS.3;ASV65;0;LS;larvae;start;start;3;Bacteria;Bacteroidota;Bacteroidia;Bacteroidales;Bacteroidaceae;Bacteroides
LS.3;ASV66;0;LS;larvae;start;start;3;Bacteria;Firmicutes;Bacilli;Staphylococcales;Staphylococcaceae;Staphylococcus
LS.3;ASV69;0;LS;larvae;start;start;3;Bacteria;Firmicutes;Bacilli;Bacillales;Planococcaceae;Uncult. bacterium*
LS.3;ASV73;9;LS;larvae;start;start;3;Bacteria;Proteobacteria;Gammaproteobacteria;Burkholderiales;Burkholderiaceae;Ralstonia
LS.3;ASV76;0;LS;larvae;start;start;3;Bacteria;Proteobacteria;Gammaproteobacteria;Pseudomonadales;Pseudomonadaceae;Pseudomonas
LS.3;ASV83;0;LS;larvae;start;start;3;Bacteria;Proteobacteria;Gammaproteobacteria;Burkholderiales;Comamonadaceae;Delftia
LS.3;ASV85;0;LS;larvae;start;start;3;Bacteria;Bacteroidota;Bacteroidia;Bacteroidales;Bacteroidaceae;Bacteroides
LS.3;ASV86;0;LS;larvae;start;start;3;Bacteria;Bacteroidota;Bacteroidia;Bacteroidales;Bacteroidaceae;Bacteroides
LS.3;ASV87;0;LS;larvae;start;start;3;Bacteria;Firmicutes;Bacilli;Lactobacillales;Streptococcaceae;Streptococcus
LS.3;ASV90;6;LS;larvae;start;start;3;Bacteria;Proteobacteria;Gammaproteobacteria;Xanthomonadales;Xanthomonadaceae;Stenotrophomonas
LS.3;ASV92;0;LS;larvae;start;start;3;Bacteria;Proteobacteria;Gammaproteobacteria;Enterobacterales;Yersiniaceae;Yersinia
LS.3;ASV95;0;LS;larvae;start;start;3;Bacteria;Proteobacteria;Gammaproteobacteria;Pseudomonadales;Moraxellaceae;Psychrobacter
LS.3;ASV98;0;LS;larvae;start;start;3;Bacteria;Proteobacteria;Gammaproteobacteria;Enterobacterales;Enterobacteriaceae;
LS.3;ASV99;0;LS;larvae;start;start;3;Bacteria;Proteobacteria;Alphaproteobacteria;Sphingomonadales;Sphingomonadaceae;Sphingomonas
LS.3;ASV100;11;LS;larvae;start;start;3;Bacteria;Firmicutes;Bacilli;Lactobacillales;Lactobacillaceae;Lapidilactobacillus
LS.3;ASV103;0;LS;larvae;start;start;3;Bacteria;Bacteroidota;Bacteroidia;Bacteroidales;Tannerellaceae;Parabacteroides
LS.3;ASV106;0;LS;larvae;start;start;3;Bacteria;Proteobacteria;Gammaproteobacteria;Enterobacterales;Morganellaceae;Providencia
LS.3;ASV109;0;LS;larvae;start;start;3;Bacteria;Proteobacteria;Alphaproteobacteria;Rhodobacterales;Rhodobacteraceae;Rubellimicrobium
LS.3;ASV111;0;LS;larvae;start;start;3;Bacteria;Bacteroidota;Bacteroidia;Bacteroidales;Bacteroidaceae;Bacteroides
LS.3;ASV115;0;LS;larvae;start;start;3;Bacteria;Proteobacteria;Gammaproteobacteria;Pseudomonadales;Alcanivoracaceae1;Alcanivorax
LS.3;ASV117;0;LS;larvae;start;start;3;Bacteria;Actinobacteriota;Actinobacteria;Corynebacteriales;Corynebacteriaceae;Corynebacterium
LS.3;ASV120;0;LS;larvae;start;start;3;Bacteria;Proteobacteria;Gammaproteobacteria;Burkholderiales;Sutterellaceae;Parasutterella
LS.3;ASV124;0;LS;larvae;start;start;3;Bacteria;Firmicutes;Bacilli;Staphylococcales;Staphylococcaceae;Staphylococcus
LS.3;ASV128;0;LS;larvae;start;start;3;Bacteria;Proteobacteria;Gammaproteobacteria;Burkholderiales;Hydrogenophilaceae;Tepidiphilus
LS.3;ASV129;0;LS;larvae;start;start;3;Bacteria;Proteobacteria;Alphaproteobacteria;Rhizobiales;Beijerinckiaceae;Methylobacterium-Methylorubrum
LS.3;ASV130;0;LS;larvae;start;start;3;Bacteria;Proteobacteria;Alphaproteobacteria;Sphingomonadales;Sphingomonadaceae;Sphingomonas
LS.3;ASV132;0;LS;larvae;start;start;3;Bacteria;Bacteroidota;Bacteroidia;Bacteroidales;Bacteroidaceae;Bacteroides
LS.3;ASV134;0;LS;larvae;start;start;3;Bacteria;Proteobacteria;Gammaproteobacteria;Burkholderiales;Comamonadaceae;
LS.3;ASV137;0;LS;larvae;start;start;3;Bacteria;Proteobacteria;Gammaproteobacteria;Pseudomonadales;Pseudomonadaceae;Pseudomonas
LS.3;ASV146;0;LS;larvae;start;start;3;Bacteria;Firmicutes;Negativicutes;Veillonellales-Selenomonadales;Veillonellaceae;Dialister
LS.3;ASV147;0;LS;larvae;start;start;3;Bacteria;Proteobacteria;Gammaproteobacteria;Pseudomonadales;Moraxellaceae;Acinetobacter
LS.3;ASV148;0;LS;larvae;start;start;3;Bacteria;Actinobacteriota;Actinobacteria;Micrococcales;Dermabacteraceae;Brachybacterium
LS.3;ASV153;0;LS;larvae;start;start;3;Bacteria;Proteobacteria;Gammaproteobacteria;Pseudomonadales;Pseudomonadaceae;Pseudomonas
LS.3;ASV155;0;LS;larvae;start;start;3;Bacteria;Proteobacteria;Gammaproteobacteria;Pseudomonadales;Halomonadaceae;Halomonas
LS.3;ASV159;0;LS;larvae;start;start;3;Bacteria;Actinobacteriota;Thermoleophilia;Solirubrobacterales;67-14;
LS.3;ASV160;0;LS;larvae;start;start;3;Bacteria;Proteobacteria;Gammaproteobacteria;Burkholderiales;Burkholderiaceae;Ralstonia
LS.3;ASV162;0;LS;larvae;start;start;3;Bacteria;Proteobacteria;Gammaproteobacteria;Pseudomonadales;Moraxellaceae;Acinetobacter
LS.3;ASV164;0;LS;larvae;start;start;3;Bacteria;Proteobacteria;Gammaproteobacteria;Pseudomonadales;Alcanivoracaceae1;Alcanivorax
LS.3;ASV165;0;LS;larvae;start;start;3;Bacteria;Dependentiae;Babeliae;Babeliales;Vermiphilaceae;
LS.3;ASV172;0;LS;larvae;start;start;3;Bacteria;Proteobacteria;Gammaproteobacteria;Enterobacterales;Pseudoalteromonadaceae;Pseudoalteromonas
LS.3;ASV173;0;LS;larvae;start;start;3;Bacteria;Firmicutes;Bacilli;Lactobacillales;Carnobacteriaceae;Isobaculum
LS.3;ASV174;0;LS;larvae;start;start;3;Bacteria;Firmicutes;Bacilli;Erysipelotrichales;Erysipelotrichaceae;Turicibacter
LS.3;ASV175;0;LS;larvae;start;start;3;Bacteria;Actinobacteriota;Actinobacteria;Actinomycetales;Actinomycetaceae;Actinomyces
LS.3;ASV176;0;LS;larvae;start;start;3;Bacteria;Proteobacteria;Gammaproteobacteria;Burkholderiales;Comamonadaceae;Aquabacterium
LS.3;ASV178;0;LS;larvae;start;start;3;Bacteria;Proteobacteria;Gammaproteobacteria;Burkholderiales;Burkholderiaceae;Burkholderia-Caballeronia-Paraburkholderia
LS.3;ASV182;0;LS;larvae;start;start;3;Bacteria;Proteobacteria;Gammaproteobacteria;Enterobacterales;Alteromonadaceae;Alteromonas
LS.3;ASV183;0;LS;larvae;start;start;3;Bacteria;Proteobacteria;Gammaproteobacteria;Xanthomonadales;Xanthomonadaceae;Stenotrophomonas
LS.3;ASV185;0;LS;larvae;start;start;3;Bacteria;Firmicutes;Bacilli;Bacillales;Bacillaceae;Anaerobacillus
LS.3;ASV191;0;LS;larvae;start;start;3;Bacteria;Firmicutes;Clostridia;Oscillospirales;Ruminococcaceae;Faecalibacterium
LS.3;ASV194;0;LS;larvae;start;start;3;Bacteria;Proteobacteria;Gammaproteobacteria;Burkholderiales;Comamonadaceae;
LS.3;ASV195;0;LS;larvae;start;start;3;Bacteria;Firmicutes;Bacilli;Thermicanales;Thermicanaceae;Thermicanus
LS.3;ASV197;0;LS;larvae;start;start;3;Bacteria;Firmicutes;Bacilli;Bacillales;Bacillaceae;Aeribacillus
LS.3;ASV198;3;LS;larvae;start;start;3;Bacteria;Proteobacteria;Gammaproteobacteria;Burkholderiales;Comamonadaceae;
LS.3;ASV200;0;LS;larvae;start;start;3;Bacteria;Proteobacteria;Gammaproteobacteria;Enterobacterales;Pseudoalteromonadaceae;Pseudoalteromonas
LS.3;ASV206;0;LS;larvae;start;start;3;Bacteria;Firmicutes;Clostridia;Oscillospirales;Oscillospiraceae;UCG-002
LS.3;ASV207;0;LS;larvae;start;start;3;Bacteria;Firmicutes;Negativicutes;Veillonellales-Selenomonadales;Veillonellaceae;Dialister
LS.3;ASV208;0;LS;larvae;start;start;3;Bacteria;Actinobacteriota;Actinobacteria;Micromonosporales;Micromonosporaceae;Catellatospora
LS.3;ASV211;0;LS;larvae;start;start;3;Bacteria;Firmicutes;Bacilli;Lactobacillales;Carnobacteriaceae;Atopostipes
LS.3;ASV212;0;LS;larvae;start;start;3;Bacteria;Proteobacteria;Gammaproteobacteria;Xanthomonadales;Xanthomonadaceae;Stenotrophomonas
LS.3;ASV213;0;LS;larvae;start;start;3;Bacteria;Proteobacteria;Gammaproteobacteria;Enterobacterales;Pseudoalteromonadaceae;Pseudoalteromonas
LS.3;ASV214;0;LS;larvae;start;start;3;Bacteria;Proteobacteria;Gammaproteobacteria;Xanthomonadales;Xanthomonadaceae;Stenotrophomonas
LS.3;ASV215;0;LS;larvae;start;start;3;Bacteria;Bacteroidota;Bacteroidia;Bacteroidales;Bacteroidaceae;Bacteroides
LS.3;ASV216;0;LS;larvae;start;start;3;Bacteria;Proteobacteria;Gammaproteobacteria;Burkholderiales;Hydrogenophilaceae;Tepidiphilus
LS.3;ASV217;0;LS;larvae;start;start;3;Bacteria;Proteobacteria;Gammaproteobacteria;Pseudomonadales;Alcanivoracaceae1;Alcanivorax
LS.3;ASV218;3;LS;larvae;start;start;3;Bacteria;Proteobacteria;Gammaproteobacteria;Enterobacterales;Morganellaceae;Moellerella
LS.3;ASV226;0;LS;larvae;start;start;3;Bacteria;Proteobacteria;Gammaproteobacteria;Burkholderiales;Oxalobacteraceae;Massilia
LS.3;ASV235;0;LS;larvae;start;start;3;Bacteria;Actinobacteriota;Actinobacteria;Micrococcales;Micrococcaceae;Micrococcus
LS.3;ASV236;0;LS;larvae;start;start;3;Bacteria;Proteobacteria;Gammaproteobacteria;Burkholderiales;Comamonadaceae;Schlegelella
LS.3;ASV237;0;LS;larvae;start;start;3;Bacteria;Verrucomicrobiota;Verrucomicrobiae;Pedosphaerales;Pedosphaeraceae;
LS.3;ASV239;0;LS;larvae;start;start;3;Bacteria;Actinobacteriota;Acidimicrobiia;Microtrichales;Ilumatobacteraceae;Ilumatobacter
LS.3;ASV240;0;LS;larvae;start;start;3;Bacteria;Proteobacteria;Gammaproteobacteria;Xanthomonadales;Xanthomonadaceae;Lysobacter
LS.3;ASV241;0;LS;larvae;start;start;3;Bacteria;Actinobacteriota;Actinobacteria;Micrococcales;Micrococcaceae;Micrococcus
LS.3;ASV242;0;LS;larvae;start;start;3;Bacteria;Actinobacteriota;Actinobacteria;Actinomycetales;Actinomycetaceae;Actinomyces
LS.3;ASV243;0;LS;larvae;start;start;3;Bacteria;Proteobacteria;Gammaproteobacteria;Xanthomonadales;Xanthomonadaceae;Stenotrophomonas
LS.3;ASV244;0;LS;larvae;start;start;3;Bacteria;Proteobacteria;Gammaproteobacteria;Pseudomonadales;Moraxellaceae;Enhydrobacter
LS.3;ASV246;0;LS;larvae;start;start;3;Bacteria;Proteobacteria;Gammaproteobacteria;Nitrosococcales;Methylophagaceae;Methylophaga
LS.3;ASV247;0;LS;larvae;start;start;3;Bacteria;Bacteroidota;Bacteroidia;Bacteroidales;Bacteroidaceae;Bacteroides
LS.3;ASV248;0;LS;larvae;start;start;3;Bacteria;Proteobacteria;Gammaproteobacteria;Burkholderiales;Comamonadaceae;Tepidimonas
LS.3;ASV250;0;LS;larvae;start;start;3;Bacteria;Proteobacteria;Gammaproteobacteria;Pseudomonadales;Marinobacteraceae;Marinobacter
LS.3;ASV251;0;LS;larvae;start;start;3;Bacteria;Actinobacteriota;Actinobacteria;Streptomycetales;Streptomycetaceae;Streptomyces
LS.3;ASV252;0;LS;larvae;start;start;3;Bacteria;Firmicutes;Bacilli;Staphylococcales;Staphylococcaceae;
LS.3;ASV253;2;LS;larvae;start;start;3;Bacteria;Planctomycetota;Planctomycetes;Gemmatales;Gemmataceae;
LS.3;ASV282;0;LS;larvae;start;start;3;Bacteria;Firmicutes;Bacilli;Lactobacillales;Carnobacteriaceae;Isobaculum
LS.3;ASV283;0;LS;larvae;start;start;3;Bacteria;Proteobacteria;Gammaproteobacteria;Burkholderiales;Alcaligenaceae;Alcaligenes
LS.3;ASV284;0;LS;larvae;start;start;3;Bacteria;Firmicutes;Bacilli;Lactobacillales;Lactobacillaceae;Weissella
LS.3;ASV287;0;LS;larvae;start;start;3;Bacteria;Myxococcota;Polyangia;Polyangiales;BIrii41;
LS.3;ASV290;0;LS;larvae;start;start;3;Bacteria;Firmicutes;Clostridia;Oscillospirales;[Eubacterium] coprostanoligenes group;
LS.3;ASV291;0;LS;larvae;start;start;3;Bacteria;Proteobacteria;Alphaproteobacteria;Rhizobiales;Amb-16S-1323;
LS.3;ASV294;0;LS;larvae;start;start;3;Bacteria;Proteobacteria;Gammaproteobacteria;Burkholderiales;SC-I-84;
LS.3;ASV295;0;LS;larvae;start;start;3;Bacteria;Actinobacteriota;Actinobacteria;Micromonosporales;Micromonosporaceae;Virgisporangium
LS.3;ASV296;0;LS;larvae;start;start;3;Bacteria;Proteobacteria;Gammaproteobacteria;Pseudomonadales;Moraxellaceae;Acinetobacter
LS.3;ASV297;0;LS;larvae;start;start;3;Bacteria;Actinobacteriota;Acidimicrobiia;Microtrichales;Ilumatobacteraceae;
LS.3;ASV298;0;LS;larvae;start;start;3;Bacteria;Firmicutes;Bacilli;Paenibacillales;Paenibacillaceae;Paenibacillus
LS.3;ASV299;0;LS;larvae;start;start;3;Bacteria;Actinobacteriota;Thermoleophilia;Solirubrobacterales;67-14;
LS.3;ASV300;0;LS;larvae;start;start;3;Bacteria;Proteobacteria;Gammaproteobacteria;Enterobacterales;Vibrionaceae;
LS.3;ASV304;0;LS;larvae;start;start;3;Bacteria;Firmicutes;Clostridia;Lachnospirales;Lachnospiraceae;[Ruminococcus] gauvreauii group
LS.3;ASV305;0;LS;larvae;start;start;3;Bacteria;Actinobacteriota;Actinobacteria;Micrococcales;Brevibacteriaceae;Brevibacterium
LS.3;ASV306;0;LS;larvae;start;start;3;Bacteria;Firmicutes;Bacilli;Lactobacillales;Lactobacillaceae;Weissella
LS.3;ASV308;0;LS;larvae;start;start;3;Bacteria;Proteobacteria;Gammaproteobacteria;Burkholderiales;Oxalobacteraceae;Duganella
LS.3;ASV309;0;LS;larvae;start;start;3;Bacteria;Firmicutes;Bacilli;Lactobacillales;Carnobacteriaceae;Isobaculum
LS.3;ASV310;0;LS;larvae;start;start;3;Bacteria;Proteobacteria;Alphaproteobacteria;Rhodobacterales;Rhodobacteraceae;Paracoccus
LS.3;ASV311;3;LS;larvae;start;start;3;Bacteria;Acidobacteriota;Vicinamibacteria;Vicinamibacterales;Vicinamibacteraceae;
LS.3;ASV362;0;LS;larvae;start;start;3;Bacteria;Firmicutes;Bacilli;Lactobacillales;Lactobacillaceae;Lactobacillus
LS.3;ASV363;0;LS;larvae;start;start;3;Bacteria;Bacteroidota;Bacteroidia;Bacteroidales;Tannerellaceae;Parabacteroides
LS.3;ASV365;0;LS;larvae;start;start;3;Bacteria;Proteobacteria;Gammaproteobacteria;Burkholderiales;Burkholderiaceae;Ralstonia
LS.3;ASV370;0;LS;larvae;start;start;3;Bacteria;Proteobacteria;Gammaproteobacteria;Burkholderiales;Rhodocyclaceae;
LS.3;ASV371;0;LS;larvae;start;start;3;Bacteria;Firmicutes;Clostridia;Lachnospirales;Lachnospiraceae;Lachnospiraceae NK4A136 group
LS.3;ASV374;0;LS;larvae;start;start;3;Bacteria;Gemmatimonadota;Gemmatimonadetes;Gemmatimonadales;Gemmatimonadaceae;Gemmatimonas
LS.3;ASV376;0;LS;larvae;start;start;3;Bacteria;Acidobacteriota;Vicinamibacteria;Vicinamibacterales;Vicinamibacteraceae;Vicinamibacter
LS.3;ASV383;0;LS;larvae;start;start;3;Bacteria;Proteobacteria;Gammaproteobacteria;Burkholderiales;Gallionellaceae;Gallionella
LS.3;ASV389;0;LS;larvae;start;start;3;Bacteria;Proteobacteria;Alphaproteobacteria;Sphingomonadales;Sphingomonadaceae;Sphingobium
LS.3;ASV393;0;LS;larvae;start;start;3;Bacteria;Firmicutes;Bacilli;Lactobacillales;Lactobacillaceae;Weissella
LS.3;ASV394;0;LS;larvae;start;start;3;Bacteria;Proteobacteria;Gammaproteobacteria;Burkholderiales;Sutterellaceae;Parasutterella
LS.3;ASV395;0;LS;larvae;start;start;3;Bacteria;Actinobacteriota;Actinobacteria;Frankiales;Cryptosporangiaceae;Cryptosporangium
LS.3;ASV397;0;LS;larvae;start;start;3;Bacteria;Bacteroidota;Bacteroidia;Bacteroidales;Muribaculaceae;
LS.3;ASV399;0;LS;larvae;start;start;3;Bacteria;Firmicutes;Bacilli;Paenibacillales;Paenibacillaceae;Paenibacillus
LS.3;ASV400;0;LS;larvae;start;start;3;Bacteria;Proteobacteria;Gammaproteobacteria;Pseudomonadales;Moraxellaceae;Acinetobacter
LS.3;ASV401;0;LS;larvae;start;start;3;Bacteria;Proteobacteria;Alphaproteobacteria;Caulobacterales;Caulobacteraceae;Brevundimonas
LS.3;ASV402;0;LS;larvae;start;start;3;Bacteria;Proteobacteria;Gammaproteobacteria;Pseudomonadales;Moraxellaceae;Psychrobacter
LS.3;ASV408;0;LS;larvae;start;start;3;Bacteria;Proteobacteria;Gammaproteobacteria;Burkholderiales;SC-I-84;
LS.3;ASV410;0;LS;larvae;start;start;3;Bacteria;Proteobacteria;Alphaproteobacteria;Rhizobiales;Xanthobacteraceae;Bradyrhizobium
