SampleID;ASV;Count;Group;Type;Substrate;Density;Replicate;Kingdom;Phylum;Class;Order;Family;Genus
FN000.1;ASV1;25;FN000;food waste;sorb-;0;1;Bacteria;Proteobacteria;Gammaproteobacteria;Enterobacterales;Morganellaceae;Providencia
FN000.1;ASV2;613;FN000;food waste;sorb-;0;1;Bacteria;Proteobacteria;Gammaproteobacteria;Enterobacterales;Enterobacteriaceae;Klebsiella
FN000.1;ASV3;0;FN000;food waste;sorb-;0;1;Bacteria;Proteobacteria;Gammaproteobacteria;Enterobacterales;Enterobacteriaceae;Enterobacter*
FN000.1;ASV4;0;FN000;food waste;sorb-;0;1;Bacteria;Firmicutes;Bacilli;Lactobacillales;Enterococcaceae;Enterococcus
FN000.1;ASV5;10270;FN000;food waste;sorb-;0;1;Bacteria;Firmicutes;Bacilli;Lactobacillales;Lactobacillaceae;Lactiplantibacillus
FN000.1;ASV6;801;FN000;food waste;sorb-;0;1;Bacteria;Firmicutes;Bacilli;Lactobacillales;Lactobacillaceae;Lactobacillus
FN000.1;ASV7;1224;FN000;food waste;sorb-;0;1;Bacteria;Firmicutes;Bacilli;Lactobacillales;Lactobacillaceae;Weissella
FN000.1;ASV8;0;FN000;food waste;sorb-;0;1;Bacteria;Firmicutes;Bacilli;Lactobacillales;Enterococcaceae;Enterococcus
FN000.1;ASV9;108;FN000;food waste;sorb-;0;1;Bacteria;Firmicutes;Bacilli;Lactobacillales;Lactobacillaceae;Levilactobacillus
FN000.1;ASV10;82;FN000;food waste;sorb-;0;1;Bacteria;Firmicutes;Bacilli;Lactobacillales;Streptococcaceae;Lactococcus
FN000.1;ASV11;10336;FN000;food waste;sorb-;0;1;Bacteria;Firmicutes;Bacilli;Lactobacillales;Lactobacillaceae;Lactobacillus
FN000.1;ASV12;321;FN000;food waste;sorb-;0;1;Bacteria;Firmicutes;Bacilli;Lactobacillales;Lactobacillaceae;Leuconostoc
FN000.1;ASV13;0;FN000;food waste;sorb-;0;1;Bacteria;Firmicutes;Bacilli;Staphylococcales;Staphylococcaceae;Mammaliicoccus*
FN000.1;ASV14;6611;FN000;food waste;sorb-;0;1;Bacteria;Firmicutes;Bacilli;Lactobacillales;Enterococcaceae;Enterococcus
FN000.1;ASV15;1941;FN000;food waste;sorb-;0;1;Bacteria;Firmicutes;Bacilli;Lactobacillales;Lactobacillaceae;Lacticaseibacillus
FN000.1;ASV16;0;FN000;food waste;sorb-;0;1;Bacteria;Firmicutes;Bacilli;Lactobacillales;Carnobacteriaceae;Atopostipes
FN000.1;ASV17;2245;FN000;food waste;sorb-;0;1;Bacteria;Firmicutes;Bacilli;Lactobacillales;Lactobacillaceae;Lactiplantibacillus
FN000.1;ASV18;0;FN000;food waste;sorb-;0;1;Bacteria;Actinobacteriota;Actinobacteria;Actinomycetales;Actinomycetaceae;Actinomyces
FN000.1;ASV19;0;FN000;food waste;sorb-;0;1;Bacteria;Proteobacteria;Gammaproteobacteria;Enterobacterales;Morganellaceae;Proteus
FN000.1;ASV20;0;FN000;food waste;sorb-;0;1;Bacteria;Actinobacteriota;Actinobacteria;Corynebacteriales;Corynebacteriaceae;Corynebacterium
FN000.1;ASV21;0;FN000;food waste;sorb-;0;1;Bacteria;Firmicutes;Bacilli;Bacillales;Bacillaceae;Bacillus
FN000.1;ASV22;436;FN000;food waste;sorb-;0;1;Bacteria;Firmicutes;Bacilli;Lactobacillales;Lactobacillaceae;Lacticaseibacillus
FN000.1;ASV23;1361;FN000;food waste;sorb-;0;1;Bacteria;Firmicutes;Bacilli;Lactobacillales;Lactobacillaceae;Limosilactobacillus
FN000.1;ASV24;0;FN000;food waste;sorb-;0;1;Bacteria;Proteobacteria;Gammaproteobacteria;Enterobacterales;Enterobacteriaceae;Escherichia-Shigella
FN000.1;ASV25;0;FN000;food waste;sorb-;0;1;Bacteria;Firmicutes;Bacilli;Lactobacillales;Enterococcaceae;Enterococcus
FN000.1;ASV26;142;FN000;food waste;sorb-;0;1;Bacteria;Firmicutes;Bacilli;Lactobacillales;Lactobacillaceae;Leuconostoc
FN000.1;ASV27;6918;FN000;food waste;sorb-;0;1;Bacteria;Firmicutes;Bacilli;Paenibacillales;Paenibacillaceae;Paenibacillus
FN000.1;ASV28;1059;FN000;food waste;sorb-;0;1;Bacteria;Firmicutes;Bacilli;Lactobacillales;Lactobacillaceae;Lacticaseibacillus
FN000.1;ASV29;0;FN000;food waste;sorb-;0;1;Bacteria;Firmicutes;Bacilli;Bacillales;Bacillaceae;Pseudogracilibacillus
FN000.1;ASV32;1164;FN000;food waste;sorb-;0;1;Bacteria;Firmicutes;Bacilli;Lactobacillales;Lactobacillaceae;Lactobacillus
FN000.1;ASV33;39;FN000;food waste;sorb-;0;1;Bacteria;Firmicutes;Bacilli;Lactobacillales;Streptococcaceae;Streptococcus
FN000.1;ASV34;0;FN000;food waste;sorb-;0;1;Bacteria;Proteobacteria;Gammaproteobacteria;Enterobacterales;Enterobacteriaceae;Klebsiella
FN000.1;ASV35;0;FN000;food waste;sorb-;0;1;Bacteria;Firmicutes;Bacilli;Lactobacillales;Lactobacillaceae;Weissella
FN000.1;ASV36;0;FN000;food waste;sorb-;0;1;Bacteria;Proteobacteria;Gammaproteobacteria;Enterobacterales;Morganellaceae;Providencia
FN000.1;ASV37;0;FN000;food waste;sorb-;0;1;Bacteria;Firmicutes;Bacilli;Lactobacillales;Lactobacillaceae;Pediococcus
FN000.1;ASV38;0;FN000;food waste;sorb-;0;1;Bacteria;Proteobacteria;Gammaproteobacteria;Enterobacterales;Enterobacteriaceae;Klebsiella
FN000.1;ASV39;0;FN000;food waste;sorb-;0;1;Bacteria;Firmicutes;Bacilli;Lactobacillales;Lactobacillaceae;Lactiplantibacillus
FN000.1;ASV40;0;FN000;food waste;sorb-;0;1;Bacteria;Actinobacteriota;Actinobacteria;Corynebacteriales;Corynebacteriaceae;Corynebacterium
FN000.1;ASV41;0;FN000;food waste;sorb-;0;1;Bacteria;Firmicutes;Clostridia;Clostridiales;Clostridiaceae;Clostridium sensu stricto 18
FN000.1;ASV42;8;FN000;food waste;sorb-;0;1;Bacteria;Firmicutes;Bacilli;Lactobacillales;Streptococcaceae;Streptococcus
FN000.1;ASV43;0;FN000;food waste;sorb-;0;1;Bacteria;Proteobacteria;Gammaproteobacteria;Enterobacterales;Enterobacteriaceae;Enterobacter*
FN000.1;ASV44;0;FN000;food waste;sorb-;0;1;Bacteria;Firmicutes;Bacilli;Lactobacillales;Enterococcaceae;Enterococcus*
FN000.1;ASV47;205;FN000;food waste;sorb-;0;1;Bacteria;Firmicutes;Bacilli;Lactobacillales;Lactobacillaceae;Lacticaseibacillus
FN000.1;ASV49;0;FN000;food waste;sorb-;0;1;Bacteria;Firmicutes;Bacilli;Bacillales;Bacillaceae;Pseudogracilibacillus
FN000.1;ASV50;6;FN000;food waste;sorb-;0;1;Bacteria;Proteobacteria;Gammaproteobacteria;Pseudomonadales;Pseudomonadaceae;Pseudomonas
FN000.1;ASV51;0;FN000;food waste;sorb-;0;1;Bacteria;Firmicutes;Bacilli;Lactobacillales;Lactobacillaceae;Leuconostoc
FN000.1;ASV52;682;FN000;food waste;sorb-;0;1;Bacteria;Firmicutes;Bacilli;Paenibacillales;Paenibacillaceae;Paenibacillus
FN000.1;ASV53;0;FN000;food waste;sorb-;0;1;Bacteria;Actinobacteriota;Actinobacteria;Corynebacteriales;Corynebacteriaceae;Corynebacterium
FN000.1;ASV54;35;FN000;food waste;sorb-;0;1;Bacteria;Firmicutes;Bacilli;Bacillales;Planococcaceae;Bacillus*
FN000.1;ASV55;0;FN000;food waste;sorb-;0;1;Bacteria;Firmicutes;Bacilli;Bacillales;Bacillaceae;Bacillus
FN000.1;ASV56;0;FN000;food waste;sorb-;0;1;Bacteria;Actinobacteriota;Actinobacteria;Corynebacteriales;Corynebacteriaceae;Corynebacterium
FN000.1;ASV57;0;FN000;food waste;sorb-;0;1;Bacteria;Proteobacteria;Gammaproteobacteria;Enterobacterales;Morganellaceae;Providencia
FN000.1;ASV58;0;FN000;food waste;sorb-;0;1;Bacteria;Actinobacteriota;Actinobacteria;Micrococcales;Brevibacteriaceae;Brevibacterium
FN000.1;ASV59;0;FN000;food waste;sorb-;0;1;Bacteria;Firmicutes;Bacilli;Bacillales;Planococcaceae;Solibacillus
FN000.1;ASV61;0;FN000;food waste;sorb-;0;1;Bacteria;Actinobacteriota;Actinobacteria;Corynebacteriales;Corynebacteriaceae;Corynebacterium
FN000.1;ASV66;0;FN000;food waste;sorb-;0;1;Bacteria;Firmicutes;Bacilli;Staphylococcales;Staphylococcaceae;Staphylococcus
FN000.1;ASV67;0;FN000;food waste;sorb-;0;1;Bacteria;Actinobacteriota;Actinobacteria;Micrococcales;Brevibacteriaceae;Brevibacterium
FN000.1;ASV68;56;FN000;food waste;sorb-;0;1;Bacteria;Actinobacteriota;Actinobacteria;Micrococcales;Promicromonosporaceae;Cellulosimicrobium
FN000.1;ASV69;0;FN000;food waste;sorb-;0;1;Bacteria;Firmicutes;Bacilli;Bacillales;Planococcaceae;Uncult. bacterium*
FN000.1;ASV70;146;FN000;food waste;sorb-;0;1;Bacteria;Proteobacteria;Gammaproteobacteria;Xanthomonadales;Xanthomonadaceae;SN8
FN000.1;ASV72;0;FN000;food waste;sorb-;0;1;Bacteria;Proteobacteria;Gammaproteobacteria;Pseudomonadales;Pseudomonadaceae;Pseudomonas
FN000.1;ASV73;3;FN000;food waste;sorb-;0;1;Bacteria;Proteobacteria;Gammaproteobacteria;Burkholderiales;Burkholderiaceae;Ralstonia
FN000.1;ASV75;0;FN000;food waste;sorb-;0;1;Bacteria;Firmicutes;Bacilli;Staphylococcales;Staphylococcaceae;
FN000.1;ASV77;0;FN000;food waste;sorb-;0;1;Bacteria;Firmicutes;Bacilli;Bacillales;Planococcaceae;Solibacillus
FN000.1;ASV78;13;FN000;food waste;sorb-;0;1;Bacteria;Firmicutes;Bacilli;Lactobacillales;Lactobacillaceae;Secundilactobacillus
FN000.1;ASV79;0;FN000;food waste;sorb-;0;1;Bacteria;Proteobacteria;Gammaproteobacteria;Enterobacterales;Enterobacteriaceae;
FN000.1;ASV80;0;FN000;food waste;sorb-;0;1;Bacteria;Firmicutes;Bacilli;Lactobacillales;Lactobacillaceae;Leuconostoc
FN000.1;ASV81;0;FN000;food waste;sorb-;0;1;Bacteria;Firmicutes;Bacilli;Lactobacillales;Lactobacillaceae;Lactobacillus
FN000.1;ASV83;0;FN000;food waste;sorb-;0;1;Bacteria;Proteobacteria;Gammaproteobacteria;Burkholderiales;Comamonadaceae;Delftia
FN000.1;ASV84;35;FN000;food waste;sorb-;0;1;Bacteria;Firmicutes;Bacilli;Lactobacillales;Lactobacillaceae;Loigolactobacillus
FN000.1;ASV87;0;FN000;food waste;sorb-;0;1;Bacteria;Firmicutes;Bacilli;Lactobacillales;Streptococcaceae;Streptococcus
FN000.1;ASV90;0;FN000;food waste;sorb-;0;1;Bacteria;Proteobacteria;Gammaproteobacteria;Xanthomonadales;Xanthomonadaceae;Stenotrophomonas
FN000.1;ASV91;0;FN000;food waste;sorb-;0;1;Bacteria;Firmicutes;Bacilli;Staphylococcales;Staphylococcaceae;Staphylococcus
FN000.1;ASV92;0;FN000;food waste;sorb-;0;1;Bacteria;Proteobacteria;Gammaproteobacteria;Enterobacterales;Yersiniaceae;Yersinia
FN000.1;ASV93;0;FN000;food waste;sorb-;0;1;Bacteria;Firmicutes;Bacilli;Bacillales;Bacillaceae;Oceanobacillus
FN000.1;ASV94;17;FN000;food waste;sorb-;0;1;Bacteria;Firmicutes;Bacilli;Lactobacillales;Lactobacillaceae;Levilactobacillus
FN000.1;ASV95;0;FN000;food waste;sorb-;0;1;Bacteria;Proteobacteria;Gammaproteobacteria;Pseudomonadales;Moraxellaceae;Psychrobacter
FN000.1;ASV96;0;FN000;food waste;sorb-;0;1;Bacteria;Firmicutes;Bacilli;Lactobacillales;Lactobacillaceae;Lactobacillus
FN000.1;ASV97;17;FN000;food waste;sorb-;0;1;Bacteria;Firmicutes;Bacilli;Lactobacillales;Lactobacillaceae;Lentilactobacillus
FN000.1;ASV99;0;FN000;food waste;sorb-;0;1;Bacteria;Proteobacteria;Alphaproteobacteria;Sphingomonadales;Sphingomonadaceae;Sphingomonas
FN000.1;ASV100;0;FN000;food waste;sorb-;0;1;Bacteria;Firmicutes;Bacilli;Lactobacillales;Lactobacillaceae;Lapidilactobacillus
FN000.1;ASV101;0;FN000;food waste;sorb-;0;1;Bacteria;Bacteroidota;Bacteroidia;Bacteroidales;Tannerellaceae;Parabacteroides
FN000.1;ASV104;0;FN000;food waste;sorb-;0;1;Bacteria;Firmicutes;Bacilli;Lactobacillales;Lactobacillaceae;Lactobacillus
FN000.1;ASV105;36;FN000;food waste;sorb-;0;1;Bacteria;Actinobacteriota;Actinobacteria;Micrococcales;Promicromonosporaceae;Cellulosimicrobium
FN000.1;ASV107;0;FN000;food waste;sorb-;0;1;Bacteria;Bacteroidota;Bacteroidia;Bacteroidales;Bacteroidaceae;Bacteroides
FN000.1;ASV110;0;FN000;food waste;sorb-;0;1;Bacteria;Proteobacteria;Gammaproteobacteria;Enterobacterales;Enterobacteriaceae;
FN000.1;ASV111;0;FN000;food waste;sorb-;0;1;Bacteria;Bacteroidota;Bacteroidia;Bacteroidales;Bacteroidaceae;Bacteroides
FN000.1;ASV113;0;FN000;food waste;sorb-;0;1;Bacteria;Firmicutes;Bacilli;Staphylococcales;Staphylococcaceae;Jeotgalicoccus
FN000.1;ASV114;0;FN000;food waste;sorb-;0;1;Bacteria;Firmicutes;Bacilli;Lactobacillales;Lactobacillaceae;Weissella
FN000.1;ASV115;0;FN000;food waste;sorb-;0;1;Bacteria;Proteobacteria;Gammaproteobacteria;Pseudomonadales;Alcanivoracaceae1;Alcanivorax
FN000.1;ASV116;0;FN000;food waste;sorb-;0;1;Bacteria;Firmicutes;Bacilli;Lactobacillales;Listeriaceae;Brochothrix
FN000.1;ASV117;0;FN000;food waste;sorb-;0;1;Bacteria;Actinobacteriota;Actinobacteria;Corynebacteriales;Corynebacteriaceae;Corynebacterium
FN000.1;ASV119;0;FN000;food waste;sorb-;0;1;Bacteria;Proteobacteria;Gammaproteobacteria;Pseudomonadales;Moraxellaceae;Psychrobacter
FN000.1;ASV120;0;FN000;food waste;sorb-;0;1;Bacteria;Proteobacteria;Gammaproteobacteria;Burkholderiales;Sutterellaceae;Parasutterella
FN000.1;ASV121;0;FN000;food waste;sorb-;0;1;Bacteria;Bacteroidota;Bacteroidia;Bacteroidales;Tannerellaceae;Parabacteroides
FN000.1;ASV122;0;FN000;food waste;sorb-;0;1;Bacteria;Proteobacteria;Gammaproteobacteria;Enterobacterales;Vibrionaceae;Photobacterium
FN000.1;ASV123;0;FN000;food waste;sorb-;0;1;Bacteria;Proteobacteria;Gammaproteobacteria;Pseudomonadales;Moraxellaceae;Acinetobacter
FN000.1;ASV126;0;FN000;food waste;sorb-;0;1;Bacteria;Proteobacteria;Gammaproteobacteria;Enterobacterales;Erwiniaceae;
FN000.1;ASV127;0;FN000;food waste;sorb-;0;1;Bacteria;Proteobacteria;Gammaproteobacteria;Pseudomonadales;Moraxellaceae;Acinetobacter
FN000.1;ASV129;0;FN000;food waste;sorb-;0;1;Bacteria;Proteobacteria;Alphaproteobacteria;Rhizobiales;Beijerinckiaceae;Methylobacterium-Methylorubrum
FN000.1;ASV130;0;FN000;food waste;sorb-;0;1;Bacteria;Proteobacteria;Alphaproteobacteria;Sphingomonadales;Sphingomonadaceae;Sphingomonas
FN000.1;ASV131;0;FN000;food waste;sorb-;0;1;Bacteria;Bacteroidota;Bacteroidia;Bacteroidales;Porphyromonadaceae;Porphyromonas
FN000.1;ASV133;0;FN000;food waste;sorb-;0;1;Bacteria;Proteobacteria;Gammaproteobacteria;Enterobacterales;Aeromonadaceae;Aeromonas
FN000.1;ASV135;0;FN000;food waste;sorb-;0;1;Bacteria;Proteobacteria;Gammaproteobacteria;Pseudomonadales;Moraxellaceae;Acinetobacter
FN000.1;ASV136;0;FN000;food waste;sorb-;0;1;Bacteria;Firmicutes;Clostridia;Oscillospirales;Ruminococcaceae;Faecalibacterium
FN000.1;ASV138;0;FN000;food waste;sorb-;0;1;Bacteria;Firmicutes;Bacilli;Bacillales;Bacillaceae;Amphibacillus
FN000.1;ASV139;0;FN000;food waste;sorb-;0;1;Bacteria;Actinobacteriota;Actinobacteria;Corynebacteriales;Corynebacteriaceae;Corynebacterium
FN000.1;ASV140;0;FN000;food waste;sorb-;0;1;Bacteria;Proteobacteria;Gammaproteobacteria;Pseudomonadales;Pseudomonadaceae;Pseudomonas
FN000.1;ASV141;0;FN000;food waste;sorb-;0;1;Bacteria;Firmicutes;Bacilli;Lactobacillales;Enterococcaceae;Tetragenococcus
FN000.1;ASV143;0;FN000;food waste;sorb-;0;1;Bacteria;Firmicutes;Bacilli;Bacillales;Bacillaceae;Bacillus
FN000.1;ASV144;0;FN000;food waste;sorb-;0;1;Bacteria;Proteobacteria;Gammaproteobacteria;Burkholderiales;Sutterellaceae;Parasutterella
FN000.1;ASV149;0;FN000;food waste;sorb-;0;1;Bacteria;Firmicutes;Bacilli;Lactobacillales;Lactobacillaceae;Lactobacillus
FN000.1;ASV150;0;FN000;food waste;sorb-;0;1;Bacteria;Proteobacteria;Gammaproteobacteria;Pseudomonadales;Moraxellaceae;Acinetobacter
FN000.1;ASV152;0;FN000;food waste;sorb-;0;1;Bacteria;Firmicutes;Clostridia;Oscillospirales;Ruminococcaceae;Subdoligranulum
FN000.1;ASV156;5;FN000;food waste;sorb-;0;1;Bacteria;Firmicutes;Bacilli;Lactobacillales;Lactobacillaceae;Lactobacillus
FN000.1;ASV157;0;FN000;food waste;sorb-;0;1;Bacteria;Proteobacteria;Gammaproteobacteria;Enterobacterales;Yersiniaceae;
FN000.1;ASV158;0;FN000;food waste;sorb-;0;1;Bacteria;Firmicutes;Bacilli;Lactobacillales;Lactobacillaceae;Leuconostoc
FN000.1;ASV160;0;FN000;food waste;sorb-;0;1;Bacteria;Proteobacteria;Gammaproteobacteria;Burkholderiales;Burkholderiaceae;Ralstonia
FN000.1;ASV161;0;FN000;food waste;sorb-;0;1;Bacteria;Proteobacteria;Gammaproteobacteria;Pseudomonadales;Moraxellaceae;Enhydrobacter
FN000.1;ASV162;0;FN000;food waste;sorb-;0;1;Bacteria;Proteobacteria;Gammaproteobacteria;Pseudomonadales;Moraxellaceae;Acinetobacter
FN000.1;ASV163;0;FN000;food waste;sorb-;0;1;Bacteria;Proteobacteria;Gammaproteobacteria;Enterobacterales;Aeromonadaceae;Aeromonas
FN000.1;ASV166;0;FN000;food waste;sorb-;0;1;Bacteria;Firmicutes;Bacilli;Lactobacillales;Lactobacillaceae;Schleiferilactobacillus
FN000.1;ASV168;0;FN000;food waste;sorb-;0;1;Bacteria;Firmicutes;Clostridia;Oscillospirales;Oscillospiraceae;Flavonifractor
FN000.1;ASV169;0;FN000;food waste;sorb-;0;1;Bacteria;Firmicutes;Clostridia;Oscillospirales;Ruminococcaceae;Faecalibacterium
FN000.1;ASV170;0;FN000;food waste;sorb-;0;1;Bacteria;Firmicutes;Bacilli;Lactobacillales;Streptococcaceae;Lactococcus
FN000.1;ASV177;0;FN000;food waste;sorb-;0;1;Bacteria;Firmicutes;Bacilli;Lactobacillales;Streptococcaceae;Lactococcus
FN000.1;ASV178;0;FN000;food waste;sorb-;0;1;Bacteria;Proteobacteria;Gammaproteobacteria;Burkholderiales;Burkholderiaceae;Burkholderia-Caballeronia-Paraburkholderia
FN000.1;ASV179;0;FN000;food waste;sorb-;0;1;Bacteria;Proteobacteria;Gammaproteobacteria;Burkholderiales;Comamonadaceae;Aquabacterium
FN000.1;ASV186;0;FN000;food waste;sorb-;0;1;Bacteria;Firmicutes;Bacilli;Paenibacillales;Paenibacillaceae;Paenibacillus
FN000.1;ASV187;0;FN000;food waste;sorb-;0;1;Bacteria;Proteobacteria;Gammaproteobacteria;Burkholderiales;Burkholderiaceae;Burkholderia-Caballeronia-Paraburkholderia
FN000.1;ASV188;0;FN000;food waste;sorb-;0;1;Bacteria;Firmicutes;Bacilli;Lactobacillales;Lactobacillaceae;Lactobacillus
FN000.1;ASV189;0;FN000;food waste;sorb-;0;1;Bacteria;Bacteroidota;Bacteroidia;Bacteroidales;Bacteroidaceae;Bacteroides
FN000.1;ASV190;0;FN000;food waste;sorb-;0;1;Bacteria;Firmicutes;Clostridia;Lachnospirales;Lachnospiraceae;Lachnospira
FN000.1;ASV199;0;FN000;food waste;sorb-;0;1;Bacteria;Firmicutes;Bacilli;Lactobacillales;Lactobacillaceae;HT002
FN000.1;ASV200;0;FN000;food waste;sorb-;0;1;Bacteria;Proteobacteria;Gammaproteobacteria;Enterobacterales;Pseudoalteromonadaceae;Pseudoalteromonas
FN000.1;ASV201;0;FN000;food waste;sorb-;0;1;Bacteria;Firmicutes;Clostridia;Lachnospirales;Lachnospiraceae;[Eubacterium] eligens group
FN000.1;ASV202;0;FN000;food waste;sorb-;0;1;Bacteria;Proteobacteria;Gammaproteobacteria;Burkholderiales;Sutterellaceae;Parasutterella
FN000.1;ASV203;0;FN000;food waste;sorb-;0;1;Bacteria;Firmicutes;Clostridia;Lachnospirales;Lachnospiraceae;[Eubacterium] eligens group
FN000.1;ASV204;0;FN000;food waste;sorb-;0;1;Bacteria;Proteobacteria;Gammaproteobacteria;Xanthomonadales;Xanthomonadaceae;
FN000.1;ASV219;0;FN000;food waste;sorb-;0;1;Bacteria;Proteobacteria;Gammaproteobacteria;Burkholderiales;Alcaligenaceae;Achromobacter
FN000.1;ASV221;0;FN000;food waste;sorb-;0;1;Bacteria;Firmicutes;Bacilli;Lactobacillales;Lactobacillaceae;Lacticaseibacillus
FN000.1;ASV222;0;FN000;food waste;sorb-;0;1;Bacteria;Proteobacteria;Gammaproteobacteria;Xanthomonadales;Xanthomonadaceae;Arenimonas
FN000.1;ASV223;0;FN000;food waste;sorb-;0;1;Bacteria;Proteobacteria;Gammaproteobacteria;Pseudomonadales;Pseudomonadaceae;Pseudomonas
FN000.1;ASV225;0;FN000;food waste;sorb-;0;1;Bacteria;Firmicutes;Bacilli;Lactobacillales;Lactobacillaceae;Weissella
FN000.1;ASV227;0;FN000;food waste;sorb-;0;1;Bacteria;Firmicutes;Bacilli;Lactobacillales;Streptococcaceae;
FN000.1;ASV228;0;FN000;food waste;sorb-;0;1;Bacteria;Firmicutes;Bacilli;Alicyclobacillales;Alicyclobacillaceae;Alicyclobacillus
FN000.1;ASV230;0;FN000;food waste;sorb-;0;1;Bacteria;Firmicutes;Clostridia;Peptostreptococcales-Tissierellales;Family XI;Anaerococcus
FN000.1;ASV232;0;FN000;food waste;sorb-;0;1;Bacteria;Firmicutes;Clostridia;Peptostreptococcales-Tissierellales;Clostridiisalibacter;
FN000.1;ASV257;0;FN000;food waste;sorb-;0;1;Bacteria;Actinobacteriota;Actinobacteria;Micrococcales;Micrococcaceae;Pseudarthrobacter
FN000.1;ASV258;0;FN000;food waste;sorb-;0;1;Bacteria;Firmicutes;Bacilli;Bacillales;Bacillaceae;Oceanobacillus
FN000.1;ASV259;0;FN000;food waste;sorb-;0;1;Bacteria;Verrucomicrobiota;Verrucomicrobiae;Pedosphaerales;Pedosphaeraceae;ADurb.Bin063-1
FN000.1;ASV261;0;FN000;food waste;sorb-;0;1;Bacteria;Proteobacteria;Gammaproteobacteria;Pseudomonadales;Moraxellaceae;Enhydrobacter
FN000.1;ASV263;0;FN000;food waste;sorb-;0;1;Bacteria;Firmicutes;Clostridia;Clostridiales;Clostridiaceae;Clostridium sensu stricto 18
FN000.1;ASV265;0;FN000;food waste;sorb-;0;1;Bacteria;Proteobacteria;Gammaproteobacteria;Enterobacterales;Pasteurellaceae;Haemophilus
FN000.1;ASV266;0;FN000;food waste;sorb-;0;1;Bacteria;Proteobacteria;Gammaproteobacteria;Burkholderiales;Comamonadaceae;
FN000.1;ASV267;0;FN000;food waste;sorb-;0;1;Bacteria;Actinobacteriota;Actinobacteria;Frankiales;Nakamurellaceae;Nakamurella
FN000.1;ASV269;0;FN000;food waste;sorb-;0;1;Bacteria;Proteobacteria;Gammaproteobacteria;Burkholderiales;Comamonadaceae;
FN000.1;ASV270;0;FN000;food waste;sorb-;0;1;Bacteria;Actinobacteriota;Actinobacteria;Streptomycetales;Streptomycetaceae;Streptomyces
FN000.1;ASV271;0;FN000;food waste;sorb-;0;1;Bacteria;Firmicutes;Bacilli;Acholeplasmatales;Acholeplasmataceae;Candidatus Phytoplasma
FN000.1;ASV272;0;FN000;food waste;sorb-;0;1;Bacteria;Bacteroidota;Bacteroidia;Bacteroidales;Tannerellaceae;Parabacteroides
FN000.1;ASV275;0;FN000;food waste;sorb-;0;1;Bacteria;Firmicutes;Negativicutes;Veillonellales-Selenomonadales;Veillonellaceae;Dialister
FN000.1;ASV277;0;FN000;food waste;sorb-;0;1;Bacteria;Firmicutes;Bacilli;Lactobacillales;Carnobacteriaceae;
FN000.1;ASV280;0;FN000;food waste;sorb-;0;1;Bacteria;Actinobacteriota;Actinobacteria;Streptomycetales;Streptomycetaceae;Streptomyces
FN000.1;ASV314;1;FN000;food waste;sorb-;0;1;Bacteria;Proteobacteria;Gammaproteobacteria;Xanthomonadales;Xanthomonadaceae;Arenimonas
FN000.1;ASV318;0;FN000;food waste;sorb-;0;1;Bacteria;Chloroflexi;Chloroflexia;Thermomicrobiales;JG30-KF-CM45;
FN000.1;ASV319;0;FN000;food waste;sorb-;0;1;Bacteria;Proteobacteria;Gammaproteobacteria;Xanthomonadales;Xanthomonadaceae;Arenimonas
FN000.1;ASV323;0;FN000;food waste;sorb-;0;1;Bacteria;Gemmatimonadota;Gemmatimonadetes;Gemmatimonadales;Gemmatimonadaceae;
FN000.1;ASV326;0;FN000;food waste;sorb-;0;1;Bacteria;Proteobacteria;Alphaproteobacteria;Rhizobiales;Rhizobiales Incertae Sedis;Nordella
FN000.1;ASV328;0;FN000;food waste;sorb-;0;1;Bacteria;Chloroflexi;Anaerolineae;Anaerolineales;Anaerolineaceae;
FN000.1;ASV329;0;FN000;food waste;sorb-;0;1;Bacteria;Proteobacteria;Gammaproteobacteria;Burkholderiales;Oxalobacteraceae;
FN000.1;ASV331;0;FN000;food waste;sorb-;0;1;Bacteria;Proteobacteria;Gammaproteobacteria;Steroidobacterales;Woeseiaceae;Woeseia
FN000.1;ASV333;0;FN000;food waste;sorb-;0;1;Bacteria;Proteobacteria;Gammaproteobacteria;Xanthomonadales;Xanthomonadaceae;
FN000.1;ASV334;0;FN000;food waste;sorb-;0;1;Bacteria;Firmicutes;Clostridia;Lachnospirales;Lachnospiraceae;
FN000.1;ASV336;0;FN000;food waste;sorb-;0;1;Bacteria;Bacteroidota;Bacteroidia;Flavobacteriales;Weeksellaceae;Empedobacter
FN000.1;ASV337;0;FN000;food waste;sorb-;0;1;Bacteria;Proteobacteria;Alphaproteobacteria;Rhizobiales;Beijerinckiaceae;Microvirga
FN000.1;ASV338;0;FN000;food waste;sorb-;0;1;Bacteria;Planctomycetota;Brocadiae;Brocadiales;Brocadiaceae;Candidatus Brocadia
FN000.1;ASV339;0;FN000;food waste;sorb-;0;1;Bacteria;Proteobacteria;Alphaproteobacteria;Rhizobiales;Beijerinckiaceae;Methylobacterium-Methylorubrum
FN000.1;ASV340;0;FN000;food waste;sorb-;0;1;Bacteria;Proteobacteria;Gammaproteobacteria;Pseudomonadales;Moraxellaceae;Acinetobacter
FN000.1;ASV342;0;FN000;food waste;sorb-;0;1;Bacteria;Planctomycetota;Brocadiae;Brocadiales;Brocadiaceae;Candidatus Brocadia
FN000.1;ASV344;0;FN000;food waste;sorb-;0;1;Bacteria;Actinobacteriota;Actinobacteria;Frankiales;Nakamurellaceae;Nakamurella
FN000.1;ASV345;0;FN000;food waste;sorb-;0;1;Bacteria;Hydrogenedentes;Hydrogenedentia;Hydrogenedentiales;Hydrogenedensaceae;
FN000.1;ASV346;0;FN000;food waste;sorb-;0;1;Bacteria;Gemmatimonadota;Gemmatimonadetes;Gemmatimonadales;Gemmatimonadaceae;
FN000.1;ASV352;0;FN000;food waste;sorb-;0;1;Bacteria;Proteobacteria;Gammaproteobacteria;Pseudomonadales;Marinobacteraceae;Marinobacter
FN000.1;ASV353;0;FN000;food waste;sorb-;0;1;Bacteria;Acidobacteriota;Vicinamibacteria;Vicinamibacterales;Vicinamibacteraceae;
FN000.1;ASV354;0;FN000;food waste;sorb-;0;1;Bacteria;Proteobacteria;Gammaproteobacteria;Pseudomonadales;Alcanivoracaceae1;Alcanivorax
FN000.1;ASV355;0;FN000;food waste;sorb-;0;1;Bacteria;Actinobacteriota;Acidimicrobiia;Microtrichales;Iamiaceae;Iamia
FN000.1;ASV360;0;FN000;food waste;sorb-;0;1;Bacteria;Actinobacteriota;Actinobacteria;Corynebacteriales;Corynebacteriaceae;
FN000.1;ASV361;0;FN000;food waste;sorb-;0;1;Bacteria;Proteobacteria;Gammaproteobacteria;Burkholderiales;Alcaligenaceae;Paenalcaligenes
FN000.2;ASV1;0;FN000;food waste;sorb-;0;2;Bacteria;Proteobacteria;Gammaproteobacteria;Enterobacterales;Morganellaceae;Providencia
FN000.2;ASV2;0;FN000;food waste;sorb-;0;2;Bacteria;Proteobacteria;Gammaproteobacteria;Enterobacterales;Enterobacteriaceae;Klebsiella
FN000.2;ASV3;0;FN000;food waste;sorb-;0;2;Bacteria;Proteobacteria;Gammaproteobacteria;Enterobacterales;Enterobacteriaceae;Enterobacter*
FN000.2;ASV4;0;FN000;food waste;sorb-;0;2;Bacteria;Firmicutes;Bacilli;Lactobacillales;Enterococcaceae;Enterococcus
FN000.2;ASV5;4215;FN000;food waste;sorb-;0;2;Bacteria;Firmicutes;Bacilli;Lactobacillales;Lactobacillaceae;Lactiplantibacillus
FN000.2;ASV6;2208;FN000;food waste;sorb-;0;2;Bacteria;Firmicutes;Bacilli;Lactobacillales;Lactobacillaceae;Lactobacillus
FN000.2;ASV7;494;FN000;food waste;sorb-;0;2;Bacteria;Firmicutes;Bacilli;Lactobacillales;Lactobacillaceae;Weissella
FN000.2;ASV8;0;FN000;food waste;sorb-;0;2;Bacteria;Firmicutes;Bacilli;Lactobacillales;Enterococcaceae;Enterococcus
FN000.2;ASV9;131;FN000;food waste;sorb-;0;2;Bacteria;Firmicutes;Bacilli;Lactobacillales;Lactobacillaceae;Levilactobacillus
FN000.2;ASV10;26;FN000;food waste;sorb-;0;2;Bacteria;Firmicutes;Bacilli;Lactobacillales;Streptococcaceae;Lactococcus
FN000.2;ASV11;19601;FN000;food waste;sorb-;0;2;Bacteria;Firmicutes;Bacilli;Lactobacillales;Lactobacillaceae;Lactobacillus
FN000.2;ASV12;142;FN000;food waste;sorb-;0;2;Bacteria;Firmicutes;Bacilli;Lactobacillales;Lactobacillaceae;Leuconostoc
FN000.2;ASV13;0;FN000;food waste;sorb-;0;2;Bacteria;Firmicutes;Bacilli;Staphylococcales;Staphylococcaceae;Mammaliicoccus*
FN000.2;ASV14;9907;FN000;food waste;sorb-;0;2;Bacteria;Firmicutes;Bacilli;Lactobacillales;Enterococcaceae;Enterococcus
FN000.2;ASV15;1756;FN000;food waste;sorb-;0;2;Bacteria;Firmicutes;Bacilli;Lactobacillales;Lactobacillaceae;Lacticaseibacillus
FN000.2;ASV16;0;FN000;food waste;sorb-;0;2;Bacteria;Firmicutes;Bacilli;Lactobacillales;Carnobacteriaceae;Atopostipes
FN000.2;ASV17;816;FN000;food waste;sorb-;0;2;Bacteria;Firmicutes;Bacilli;Lactobacillales;Lactobacillaceae;Lactiplantibacillus
FN000.2;ASV18;0;FN000;food waste;sorb-;0;2;Bacteria;Actinobacteriota;Actinobacteria;Actinomycetales;Actinomycetaceae;Actinomyces
FN000.2;ASV19;0;FN000;food waste;sorb-;0;2;Bacteria;Proteobacteria;Gammaproteobacteria;Enterobacterales;Morganellaceae;Proteus
FN000.2;ASV20;0;FN000;food waste;sorb-;0;2;Bacteria;Actinobacteriota;Actinobacteria;Corynebacteriales;Corynebacteriaceae;Corynebacterium
FN000.2;ASV21;0;FN000;food waste;sorb-;0;2;Bacteria;Firmicutes;Bacilli;Bacillales;Bacillaceae;Bacillus
FN000.2;ASV22;409;FN000;food waste;sorb-;0;2;Bacteria;Firmicutes;Bacilli;Lactobacillales;Lactobacillaceae;Lacticaseibacillus
FN000.2;ASV23;1481;FN000;food waste;sorb-;0;2;Bacteria;Firmicutes;Bacilli;Lactobacillales;Lactobacillaceae;Limosilactobacillus
FN000.2;ASV24;0;FN000;food waste;sorb-;0;2;Bacteria;Proteobacteria;Gammaproteobacteria;Enterobacterales;Enterobacteriaceae;Escherichia-Shigella
FN000.2;ASV25;0;FN000;food waste;sorb-;0;2;Bacteria;Firmicutes;Bacilli;Lactobacillales;Enterococcaceae;Enterococcus
FN000.2;ASV26;83;FN000;food waste;sorb-;0;2;Bacteria;Firmicutes;Bacilli;Lactobacillales;Lactobacillaceae;Leuconostoc
FN000.2;ASV27;0;FN000;food waste;sorb-;0;2;Bacteria;Firmicutes;Bacilli;Paenibacillales;Paenibacillaceae;Paenibacillus
FN000.2;ASV28;622;FN000;food waste;sorb-;0;2;Bacteria;Firmicutes;Bacilli;Lactobacillales;Lactobacillaceae;Lacticaseibacillus
FN000.2;ASV29;0;FN000;food waste;sorb-;0;2;Bacteria;Firmicutes;Bacilli;Bacillales;Bacillaceae;Pseudogracilibacillus
FN000.2;ASV32;2274;FN000;food waste;sorb-;0;2;Bacteria;Firmicutes;Bacilli;Lactobacillales;Lactobacillaceae;Lactobacillus
FN000.2;ASV33;21;FN000;food waste;sorb-;0;2;Bacteria;Firmicutes;Bacilli;Lactobacillales;Streptococcaceae;Streptococcus
FN000.2;ASV34;0;FN000;food waste;sorb-;0;2;Bacteria;Proteobacteria;Gammaproteobacteria;Enterobacterales;Enterobacteriaceae;Klebsiella
FN000.2;ASV35;0;FN000;food waste;sorb-;0;2;Bacteria;Firmicutes;Bacilli;Lactobacillales;Lactobacillaceae;Weissella
FN000.2;ASV36;0;FN000;food waste;sorb-;0;2;Bacteria;Proteobacteria;Gammaproteobacteria;Enterobacterales;Morganellaceae;Providencia
FN000.2;ASV37;9;FN000;food waste;sorb-;0;2;Bacteria;Firmicutes;Bacilli;Lactobacillales;Lactobacillaceae;Pediococcus
FN000.2;ASV38;0;FN000;food waste;sorb-;0;2;Bacteria;Proteobacteria;Gammaproteobacteria;Enterobacterales;Enterobacteriaceae;Klebsiella
FN000.2;ASV39;0;FN000;food waste;sorb-;0;2;Bacteria;Firmicutes;Bacilli;Lactobacillales;Lactobacillaceae;Lactiplantibacillus
FN000.2;ASV40;0;FN000;food waste;sorb-;0;2;Bacteria;Actinobacteriota;Actinobacteria;Corynebacteriales;Corynebacteriaceae;Corynebacterium
FN000.2;ASV41;1453;FN000;food waste;sorb-;0;2;Bacteria;Firmicutes;Clostridia;Clostridiales;Clostridiaceae;Clostridium sensu stricto 18
FN000.2;ASV42;0;FN000;food waste;sorb-;0;2;Bacteria;Firmicutes;Bacilli;Lactobacillales;Streptococcaceae;Streptococcus
FN000.2;ASV43;0;FN000;food waste;sorb-;0;2;Bacteria;Proteobacteria;Gammaproteobacteria;Enterobacterales;Enterobacteriaceae;Enterobacter*
FN000.2;ASV44;0;FN000;food waste;sorb-;0;2;Bacteria;Firmicutes;Bacilli;Lactobacillales;Enterococcaceae;Enterococcus*
FN000.2;ASV47;155;FN000;food waste;sorb-;0;2;Bacteria;Firmicutes;Bacilli;Lactobacillales;Lactobacillaceae;Lacticaseibacillus
FN000.2;ASV49;0;FN000;food waste;sorb-;0;2;Bacteria;Firmicutes;Bacilli;Bacillales;Bacillaceae;Pseudogracilibacillus
FN000.2;ASV50;0;FN000;food waste;sorb-;0;2;Bacteria;Proteobacteria;Gammaproteobacteria;Pseudomonadales;Pseudomonadaceae;Pseudomonas
FN000.2;ASV51;0;FN000;food waste;sorb-;0;2;Bacteria;Firmicutes;Bacilli;Lactobacillales;Lactobacillaceae;Leuconostoc
FN000.2;ASV52;0;FN000;food waste;sorb-;0;2;Bacteria;Firmicutes;Bacilli;Paenibacillales;Paenibacillaceae;Paenibacillus
FN000.2;ASV53;0;FN000;food waste;sorb-;0;2;Bacteria;Actinobacteriota;Actinobacteria;Corynebacteriales;Corynebacteriaceae;Corynebacterium
FN000.2;ASV54;415;FN000;food waste;sorb-;0;2;Bacteria;Firmicutes;Bacilli;Bacillales;Planococcaceae;Bacillus*
FN000.2;ASV55;0;FN000;food waste;sorb-;0;2;Bacteria;Firmicutes;Bacilli;Bacillales;Bacillaceae;Bacillus
FN000.2;ASV56;0;FN000;food waste;sorb-;0;2;Bacteria;Actinobacteriota;Actinobacteria;Corynebacteriales;Corynebacteriaceae;Corynebacterium
FN000.2;ASV57;0;FN000;food waste;sorb-;0;2;Bacteria;Proteobacteria;Gammaproteobacteria;Enterobacterales;Morganellaceae;Providencia
FN000.2;ASV58;0;FN000;food waste;sorb-;0;2;Bacteria;Actinobacteriota;Actinobacteria;Micrococcales;Brevibacteriaceae;Brevibacterium
FN000.2;ASV59;349;FN000;food waste;sorb-;0;2;Bacteria;Firmicutes;Bacilli;Bacillales;Planococcaceae;Solibacillus
FN000.2;ASV61;0;FN000;food waste;sorb-;0;2;Bacteria;Actinobacteriota;Actinobacteria;Corynebacteriales;Corynebacteriaceae;Corynebacterium
FN000.2;ASV66;14;FN000;food waste;sorb-;0;2;Bacteria;Firmicutes;Bacilli;Staphylococcales;Staphylococcaceae;Staphylococcus
FN000.2;ASV67;0;FN000;food waste;sorb-;0;2;Bacteria;Actinobacteriota;Actinobacteria;Micrococcales;Brevibacteriaceae;Brevibacterium
FN000.2;ASV68;138;FN000;food waste;sorb-;0;2;Bacteria;Actinobacteriota;Actinobacteria;Micrococcales;Promicromonosporaceae;Cellulosimicrobium
FN000.2;ASV69;0;FN000;food waste;sorb-;0;2;Bacteria;Firmicutes;Bacilli;Bacillales;Planococcaceae;Uncult. bacterium*
FN000.2;ASV70;0;FN000;food waste;sorb-;0;2;Bacteria;Proteobacteria;Gammaproteobacteria;Xanthomonadales;Xanthomonadaceae;SN8
FN000.2;ASV72;0;FN000;food waste;sorb-;0;2;Bacteria;Proteobacteria;Gammaproteobacteria;Pseudomonadales;Pseudomonadaceae;Pseudomonas
FN000.2;ASV73;0;FN000;food waste;sorb-;0;2;Bacteria;Proteobacteria;Gammaproteobacteria;Burkholderiales;Burkholderiaceae;Ralstonia
FN000.2;ASV75;0;FN000;food waste;sorb-;0;2;Bacteria;Firmicutes;Bacilli;Staphylococcales;Staphylococcaceae;
FN000.2;ASV77;92;FN000;food waste;sorb-;0;2;Bacteria;Firmicutes;Bacilli;Bacillales;Planococcaceae;Solibacillus
FN000.2;ASV78;12;FN000;food waste;sorb-;0;2;Bacteria;Firmicutes;Bacilli;Lactobacillales;Lactobacillaceae;Secundilactobacillus
FN000.2;ASV79;0;FN000;food waste;sorb-;0;2;Bacteria;Proteobacteria;Gammaproteobacteria;Enterobacterales;Enterobacteriaceae;
FN000.2;ASV80;0;FN000;food waste;sorb-;0;2;Bacteria;Firmicutes;Bacilli;Lactobacillales;Lactobacillaceae;Leuconostoc
FN000.2;ASV81;0;FN000;food waste;sorb-;0;2;Bacteria;Firmicutes;Bacilli;Lactobacillales;Lactobacillaceae;Lactobacillus
FN000.2;ASV83;0;FN000;food waste;sorb-;0;2;Bacteria;Proteobacteria;Gammaproteobacteria;Burkholderiales;Comamonadaceae;Delftia
FN000.2;ASV84;51;FN000;food waste;sorb-;0;2;Bacteria;Firmicutes;Bacilli;Lactobacillales;Lactobacillaceae;Loigolactobacillus
FN000.2;ASV87;0;FN000;food waste;sorb-;0;2;Bacteria;Firmicutes;Bacilli;Lactobacillales;Streptococcaceae;Streptococcus
FN000.2;ASV90;1;FN000;food waste;sorb-;0;2;Bacteria;Proteobacteria;Gammaproteobacteria;Xanthomonadales;Xanthomonadaceae;Stenotrophomonas
FN000.2;ASV91;0;FN000;food waste;sorb-;0;2;Bacteria;Firmicutes;Bacilli;Staphylococcales;Staphylococcaceae;Staphylococcus
FN000.2;ASV92;0;FN000;food waste;sorb-;0;2;Bacteria;Proteobacteria;Gammaproteobacteria;Enterobacterales;Yersiniaceae;Yersinia
FN000.2;ASV93;6;FN000;food waste;sorb-;0;2;Bacteria;Firmicutes;Bacilli;Bacillales;Bacillaceae;Oceanobacillus
FN000.2;ASV94;43;FN000;food waste;sorb-;0;2;Bacteria;Firmicutes;Bacilli;Lactobacillales;Lactobacillaceae;Levilactobacillus
FN000.2;ASV95;0;FN000;food waste;sorb-;0;2;Bacteria;Proteobacteria;Gammaproteobacteria;Pseudomonadales;Moraxellaceae;Psychrobacter
FN000.2;ASV96;0;FN000;food waste;sorb-;0;2;Bacteria;Firmicutes;Bacilli;Lactobacillales;Lactobacillaceae;Lactobacillus
FN000.2;ASV97;11;FN000;food waste;sorb-;0;2;Bacteria;Firmicutes;Bacilli;Lactobacillales;Lactobacillaceae;Lentilactobacillus
FN000.2;ASV99;0;FN000;food waste;sorb-;0;2;Bacteria;Proteobacteria;Alphaproteobacteria;Sphingomonadales;Sphingomonadaceae;Sphingomonas
FN000.2;ASV100;0;FN000;food waste;sorb-;0;2;Bacteria;Firmicutes;Bacilli;Lactobacillales;Lactobacillaceae;Lapidilactobacillus
FN000.2;ASV101;0;FN000;food waste;sorb-;0;2;Bacteria;Bacteroidota;Bacteroidia;Bacteroidales;Tannerellaceae;Parabacteroides
FN000.2;ASV104;0;FN000;food waste;sorb-;0;2;Bacteria;Firmicutes;Bacilli;Lactobacillales;Lactobacillaceae;Lactobacillus
FN000.2;ASV105;0;FN000;food waste;sorb-;0;2;Bacteria;Actinobacteriota;Actinobacteria;Micrococcales;Promicromonosporaceae;Cellulosimicrobium
FN000.2;ASV107;0;FN000;food waste;sorb-;0;2;Bacteria;Bacteroidota;Bacteroidia;Bacteroidales;Bacteroidaceae;Bacteroides
FN000.2;ASV110;0;FN000;food waste;sorb-;0;2;Bacteria;Proteobacteria;Gammaproteobacteria;Enterobacterales;Enterobacteriaceae;
FN000.2;ASV111;0;FN000;food waste;sorb-;0;2;Bacteria;Bacteroidota;Bacteroidia;Bacteroidales;Bacteroidaceae;Bacteroides
FN000.2;ASV113;0;FN000;food waste;sorb-;0;2;Bacteria;Firmicutes;Bacilli;Staphylococcales;Staphylococcaceae;Jeotgalicoccus
FN000.2;ASV114;0;FN000;food waste;sorb-;0;2;Bacteria;Firmicutes;Bacilli;Lactobacillales;Lactobacillaceae;Weissella
FN000.2;ASV115;0;FN000;food waste;sorb-;0;2;Bacteria;Proteobacteria;Gammaproteobacteria;Pseudomonadales;Alcanivoracaceae1;Alcanivorax
FN000.2;ASV116;0;FN000;food waste;sorb-;0;2;Bacteria;Firmicutes;Bacilli;Lactobacillales;Listeriaceae;Brochothrix
FN000.2;ASV117;0;FN000;food waste;sorb-;0;2;Bacteria;Actinobacteriota;Actinobacteria;Corynebacteriales;Corynebacteriaceae;Corynebacterium
FN000.2;ASV119;0;FN000;food waste;sorb-;0;2;Bacteria;Proteobacteria;Gammaproteobacteria;Pseudomonadales;Moraxellaceae;Psychrobacter
FN000.2;ASV120;0;FN000;food waste;sorb-;0;2;Bacteria;Proteobacteria;Gammaproteobacteria;Burkholderiales;Sutterellaceae;Parasutterella
FN000.2;ASV121;0;FN000;food waste;sorb-;0;2;Bacteria;Bacteroidota;Bacteroidia;Bacteroidales;Tannerellaceae;Parabacteroides
FN000.2;ASV122;0;FN000;food waste;sorb-;0;2;Bacteria;Proteobacteria;Gammaproteobacteria;Enterobacterales;Vibrionaceae;Photobacterium
FN000.2;ASV123;0;FN000;food waste;sorb-;0;2;Bacteria;Proteobacteria;Gammaproteobacteria;Pseudomonadales;Moraxellaceae;Acinetobacter
FN000.2;ASV126;0;FN000;food waste;sorb-;0;2;Bacteria;Proteobacteria;Gammaproteobacteria;Enterobacterales;Erwiniaceae;
FN000.2;ASV127;0;FN000;food waste;sorb-;0;2;Bacteria;Proteobacteria;Gammaproteobacteria;Pseudomonadales;Moraxellaceae;Acinetobacter
FN000.2;ASV129;0;FN000;food waste;sorb-;0;2;Bacteria;Proteobacteria;Alphaproteobacteria;Rhizobiales;Beijerinckiaceae;Methylobacterium-Methylorubrum
FN000.2;ASV130;0;FN000;food waste;sorb-;0;2;Bacteria;Proteobacteria;Alphaproteobacteria;Sphingomonadales;Sphingomonadaceae;Sphingomonas
FN000.2;ASV131;0;FN000;food waste;sorb-;0;2;Bacteria;Bacteroidota;Bacteroidia;Bacteroidales;Porphyromonadaceae;Porphyromonas
FN000.2;ASV133;0;FN000;food waste;sorb-;0;2;Bacteria;Proteobacteria;Gammaproteobacteria;Enterobacterales;Aeromonadaceae;Aeromonas
FN000.2;ASV135;0;FN000;food waste;sorb-;0;2;Bacteria;Proteobacteria;Gammaproteobacteria;Pseudomonadales;Moraxellaceae;Acinetobacter
FN000.2;ASV136;0;FN000;food waste;sorb-;0;2;Bacteria;Firmicutes;Clostridia;Oscillospirales;Ruminococcaceae;Faecalibacterium
FN000.2;ASV138;0;FN000;food waste;sorb-;0;2;Bacteria;Firmicutes;Bacilli;Bacillales;Bacillaceae;Amphibacillus
FN000.2;ASV139;0;FN000;food waste;sorb-;0;2;Bacteria;Actinobacteriota;Actinobacteria;Corynebacteriales;Corynebacteriaceae;Corynebacterium
FN000.2;ASV140;0;FN000;food waste;sorb-;0;2;Bacteria;Proteobacteria;Gammaproteobacteria;Pseudomonadales;Pseudomonadaceae;Pseudomonas
FN000.2;ASV141;0;FN000;food waste;sorb-;0;2;Bacteria;Firmicutes;Bacilli;Lactobacillales;Enterococcaceae;Tetragenococcus
FN000.2;ASV143;7;FN000;food waste;sorb-;0;2;Bacteria;Firmicutes;Bacilli;Bacillales;Bacillaceae;Bacillus
FN000.2;ASV144;0;FN000;food waste;sorb-;0;2;Bacteria;Proteobacteria;Gammaproteobacteria;Burkholderiales;Sutterellaceae;Parasutterella
FN000.2;ASV149;7;FN000;food waste;sorb-;0;2;Bacteria;Firmicutes;Bacilli;Lactobacillales;Lactobacillaceae;Lactobacillus
FN000.2;ASV150;0;FN000;food waste;sorb-;0;2;Bacteria;Proteobacteria;Gammaproteobacteria;Pseudomonadales;Moraxellaceae;Acinetobacter
FN000.2;ASV152;0;FN000;food waste;sorb-;0;2;Bacteria;Firmicutes;Clostridia;Oscillospirales;Ruminococcaceae;Subdoligranulum
FN000.2;ASV156;0;FN000;food waste;sorb-;0;2;Bacteria;Firmicutes;Bacilli;Lactobacillales;Lactobacillaceae;Lactobacillus
FN000.2;ASV157;0;FN000;food waste;sorb-;0;2;Bacteria;Proteobacteria;Gammaproteobacteria;Enterobacterales;Yersiniaceae;
FN000.2;ASV158;0;FN000;food waste;sorb-;0;2;Bacteria;Firmicutes;Bacilli;Lactobacillales;Lactobacillaceae;Leuconostoc
FN000.2;ASV160;0;FN000;food waste;sorb-;0;2;Bacteria;Proteobacteria;Gammaproteobacteria;Burkholderiales;Burkholderiaceae;Ralstonia
FN000.2;ASV161;0;FN000;food waste;sorb-;0;2;Bacteria;Proteobacteria;Gammaproteobacteria;Pseudomonadales;Moraxellaceae;Enhydrobacter
FN000.2;ASV162;0;FN000;food waste;sorb-;0;2;Bacteria;Proteobacteria;Gammaproteobacteria;Pseudomonadales;Moraxellaceae;Acinetobacter
FN000.2;ASV163;0;FN000;food waste;sorb-;0;2;Bacteria;Proteobacteria;Gammaproteobacteria;Enterobacterales;Aeromonadaceae;Aeromonas
FN000.2;ASV166;4;FN000;food waste;sorb-;0;2;Bacteria;Firmicutes;Bacilli;Lactobacillales;Lactobacillaceae;Schleiferilactobacillus
FN000.2;ASV168;0;FN000;food waste;sorb-;0;2;Bacteria;Firmicutes;Clostridia;Oscillospirales;Oscillospiraceae;Flavonifractor
FN000.2;ASV169;0;FN000;food waste;sorb-;0;2;Bacteria;Firmicutes;Clostridia;Oscillospirales;Ruminococcaceae;Faecalibacterium
FN000.2;ASV170;0;FN000;food waste;sorb-;0;2;Bacteria;Firmicutes;Bacilli;Lactobacillales;Streptococcaceae;Lactococcus
FN000.2;ASV177;0;FN000;food waste;sorb-;0;2;Bacteria;Firmicutes;Bacilli;Lactobacillales;Streptococcaceae;Lactococcus
FN000.2;ASV178;0;FN000;food waste;sorb-;0;2;Bacteria;Proteobacteria;Gammaproteobacteria;Burkholderiales;Burkholderiaceae;Burkholderia-Caballeronia-Paraburkholderia
FN000.2;ASV179;0;FN000;food waste;sorb-;0;2;Bacteria;Proteobacteria;Gammaproteobacteria;Burkholderiales;Comamonadaceae;Aquabacterium
FN000.2;ASV186;5;FN000;food waste;sorb-;0;2;Bacteria;Firmicutes;Bacilli;Paenibacillales;Paenibacillaceae;Paenibacillus
FN000.2;ASV187;0;FN000;food waste;sorb-;0;2;Bacteria;Proteobacteria;Gammaproteobacteria;Burkholderiales;Burkholderiaceae;Burkholderia-Caballeronia-Paraburkholderia
FN000.2;ASV188;0;FN000;food waste;sorb-;0;2;Bacteria;Firmicutes;Bacilli;Lactobacillales;Lactobacillaceae;Lactobacillus
FN000.2;ASV189;0;FN000;food waste;sorb-;0;2;Bacteria;Bacteroidota;Bacteroidia;Bacteroidales;Bacteroidaceae;Bacteroides
FN000.2;ASV190;0;FN000;food waste;sorb-;0;2;Bacteria;Firmicutes;Clostridia;Lachnospirales;Lachnospiraceae;Lachnospira
FN000.2;ASV199;3;FN000;food waste;sorb-;0;2;Bacteria;Firmicutes;Bacilli;Lactobacillales;Lactobacillaceae;HT002
FN000.2;ASV200;0;FN000;food waste;sorb-;0;2;Bacteria;Proteobacteria;Gammaproteobacteria;Enterobacterales;Pseudoalteromonadaceae;Pseudoalteromonas
FN000.2;ASV201;0;FN000;food waste;sorb-;0;2;Bacteria;Firmicutes;Clostridia;Lachnospirales;Lachnospiraceae;[Eubacterium] eligens group
FN000.2;ASV202;0;FN000;food waste;sorb-;0;2;Bacteria;Proteobacteria;Gammaproteobacteria;Burkholderiales;Sutterellaceae;Parasutterella
FN000.2;ASV203;0;FN000;food waste;sorb-;0;2;Bacteria;Firmicutes;Clostridia;Lachnospirales;Lachnospiraceae;[Eubacterium] eligens group
FN000.2;ASV204;0;FN000;food waste;sorb-;0;2;Bacteria;Proteobacteria;Gammaproteobacteria;Xanthomonadales;Xanthomonadaceae;
FN000.2;ASV219;0;FN000;food waste;sorb-;0;2;Bacteria;Proteobacteria;Gammaproteobacteria;Burkholderiales;Alcaligenaceae;Achromobacter
FN000.2;ASV221;0;FN000;food waste;sorb-;0;2;Bacteria;Firmicutes;Bacilli;Lactobacillales;Lactobacillaceae;Lacticaseibacillus
FN000.2;ASV222;0;FN000;food waste;sorb-;0;2;Bacteria;Proteobacteria;Gammaproteobacteria;Xanthomonadales;Xanthomonadaceae;Arenimonas
FN000.2;ASV223;0;FN000;food waste;sorb-;0;2;Bacteria;Proteobacteria;Gammaproteobacteria;Pseudomonadales;Pseudomonadaceae;Pseudomonas
FN000.2;ASV225;0;FN000;food waste;sorb-;0;2;Bacteria;Firmicutes;Bacilli;Lactobacillales;Lactobacillaceae;Weissella
FN000.2;ASV227;0;FN000;food waste;sorb-;0;2;Bacteria;Firmicutes;Bacilli;Lactobacillales;Streptococcaceae;
FN000.2;ASV228;0;FN000;food waste;sorb-;0;2;Bacteria;Firmicutes;Bacilli;Alicyclobacillales;Alicyclobacillaceae;Alicyclobacillus
FN000.2;ASV230;0;FN000;food waste;sorb-;0;2;Bacteria;Firmicutes;Clostridia;Peptostreptococcales-Tissierellales;Family XI;Anaerococcus
FN000.2;ASV232;0;FN000;food waste;sorb-;0;2;Bacteria;Firmicutes;Clostridia;Peptostreptococcales-Tissierellales;Clostridiisalibacter;
FN000.2;ASV257;0;FN000;food waste;sorb-;0;2;Bacteria;Actinobacteriota;Actinobacteria;Micrococcales;Micrococcaceae;Pseudarthrobacter
FN000.2;ASV258;0;FN000;food waste;sorb-;0;2;Bacteria;Firmicutes;Bacilli;Bacillales;Bacillaceae;Oceanobacillus
FN000.2;ASV259;0;FN000;food waste;sorb-;0;2;Bacteria;Verrucomicrobiota;Verrucomicrobiae;Pedosphaerales;Pedosphaeraceae;ADurb.Bin063-1
FN000.2;ASV261;0;FN000;food waste;sorb-;0;2;Bacteria;Proteobacteria;Gammaproteobacteria;Pseudomonadales;Moraxellaceae;Enhydrobacter
FN000.2;ASV263;0;FN000;food waste;sorb-;0;2;Bacteria;Firmicutes;Clostridia;Clostridiales;Clostridiaceae;Clostridium sensu stricto 18
FN000.2;ASV265;0;FN000;food waste;sorb-;0;2;Bacteria;Proteobacteria;Gammaproteobacteria;Enterobacterales;Pasteurellaceae;Haemophilus
FN000.2;ASV266;0;FN000;food waste;sorb-;0;2;Bacteria;Proteobacteria;Gammaproteobacteria;Burkholderiales;Comamonadaceae;
FN000.2;ASV267;0;FN000;food waste;sorb-;0;2;Bacteria;Actinobacteriota;Actinobacteria;Frankiales;Nakamurellaceae;Nakamurella
FN000.2;ASV269;0;FN000;food waste;sorb-;0;2;Bacteria;Proteobacteria;Gammaproteobacteria;Burkholderiales;Comamonadaceae;
FN000.2;ASV270;0;FN000;food waste;sorb-;0;2;Bacteria;Actinobacteriota;Actinobacteria;Streptomycetales;Streptomycetaceae;Streptomyces
FN000.2;ASV271;0;FN000;food waste;sorb-;0;2;Bacteria;Firmicutes;Bacilli;Acholeplasmatales;Acholeplasmataceae;Candidatus Phytoplasma
FN000.2;ASV272;0;FN000;food waste;sorb-;0;2;Bacteria;Bacteroidota;Bacteroidia;Bacteroidales;Tannerellaceae;Parabacteroides
FN000.2;ASV275;0;FN000;food waste;sorb-;0;2;Bacteria;Firmicutes;Negativicutes;Veillonellales-Selenomonadales;Veillonellaceae;Dialister
FN000.2;ASV277;0;FN000;food waste;sorb-;0;2;Bacteria;Firmicutes;Bacilli;Lactobacillales;Carnobacteriaceae;
FN000.2;ASV280;0;FN000;food waste;sorb-;0;2;Bacteria;Actinobacteriota;Actinobacteria;Streptomycetales;Streptomycetaceae;Streptomyces
FN000.2;ASV314;0;FN000;food waste;sorb-;0;2;Bacteria;Proteobacteria;Gammaproteobacteria;Xanthomonadales;Xanthomonadaceae;Arenimonas
FN000.2;ASV318;0;FN000;food waste;sorb-;0;2;Bacteria;Chloroflexi;Chloroflexia;Thermomicrobiales;JG30-KF-CM45;
FN000.2;ASV319;0;FN000;food waste;sorb-;0;2;Bacteria;Proteobacteria;Gammaproteobacteria;Xanthomonadales;Xanthomonadaceae;Arenimonas
FN000.2;ASV323;0;FN000;food waste;sorb-;0;2;Bacteria;Gemmatimonadota;Gemmatimonadetes;Gemmatimonadales;Gemmatimonadaceae;
FN000.2;ASV326;0;FN000;food waste;sorb-;0;2;Bacteria;Proteobacteria;Alphaproteobacteria;Rhizobiales;Rhizobiales Incertae Sedis;Nordella
FN000.2;ASV328;0;FN000;food waste;sorb-;0;2;Bacteria;Chloroflexi;Anaerolineae;Anaerolineales;Anaerolineaceae;
FN000.2;ASV329;0;FN000;food waste;sorb-;0;2;Bacteria;Proteobacteria;Gammaproteobacteria;Burkholderiales;Oxalobacteraceae;
FN000.2;ASV331;0;FN000;food waste;sorb-;0;2;Bacteria;Proteobacteria;Gammaproteobacteria;Steroidobacterales;Woeseiaceae;Woeseia
FN000.2;ASV333;0;FN000;food waste;sorb-;0;2;Bacteria;Proteobacteria;Gammaproteobacteria;Xanthomonadales;Xanthomonadaceae;
FN000.2;ASV334;0;FN000;food waste;sorb-;0;2;Bacteria;Firmicutes;Clostridia;Lachnospirales;Lachnospiraceae;
FN000.2;ASV336;0;FN000;food waste;sorb-;0;2;Bacteria;Bacteroidota;Bacteroidia;Flavobacteriales;Weeksellaceae;Empedobacter
FN000.2;ASV337;0;FN000;food waste;sorb-;0;2;Bacteria;Proteobacteria;Alphaproteobacteria;Rhizobiales;Beijerinckiaceae;Microvirga
FN000.2;ASV338;0;FN000;food waste;sorb-;0;2;Bacteria;Planctomycetota;Brocadiae;Brocadiales;Brocadiaceae;Candidatus Brocadia
FN000.2;ASV339;0;FN000;food waste;sorb-;0;2;Bacteria;Proteobacteria;Alphaproteobacteria;Rhizobiales;Beijerinckiaceae;Methylobacterium-Methylorubrum
FN000.2;ASV340;0;FN000;food waste;sorb-;0;2;Bacteria;Proteobacteria;Gammaproteobacteria;Pseudomonadales;Moraxellaceae;Acinetobacter
FN000.2;ASV342;0;FN000;food waste;sorb-;0;2;Bacteria;Planctomycetota;Brocadiae;Brocadiales;Brocadiaceae;Candidatus Brocadia
FN000.2;ASV344;0;FN000;food waste;sorb-;0;2;Bacteria;Actinobacteriota;Actinobacteria;Frankiales;Nakamurellaceae;Nakamurella
FN000.2;ASV345;0;FN000;food waste;sorb-;0;2;Bacteria;Hydrogenedentes;Hydrogenedentia;Hydrogenedentiales;Hydrogenedensaceae;
FN000.2;ASV346;0;FN000;food waste;sorb-;0;2;Bacteria;Gemmatimonadota;Gemmatimonadetes;Gemmatimonadales;Gemmatimonadaceae;
FN000.2;ASV352;0;FN000;food waste;sorb-;0;2;Bacteria;Proteobacteria;Gammaproteobacteria;Pseudomonadales;Marinobacteraceae;Marinobacter
FN000.2;ASV353;0;FN000;food waste;sorb-;0;2;Bacteria;Acidobacteriota;Vicinamibacteria;Vicinamibacterales;Vicinamibacteraceae;
FN000.2;ASV354;0;FN000;food waste;sorb-;0;2;Bacteria;Proteobacteria;Gammaproteobacteria;Pseudomonadales;Alcanivoracaceae1;Alcanivorax
FN000.2;ASV355;0;FN000;food waste;sorb-;0;2;Bacteria;Actinobacteriota;Acidimicrobiia;Microtrichales;Iamiaceae;Iamia
FN000.2;ASV360;0;FN000;food waste;sorb-;0;2;Bacteria;Actinobacteriota;Actinobacteria;Corynebacteriales;Corynebacteriaceae;
FN000.2;ASV361;0;FN000;food waste;sorb-;0;2;Bacteria;Proteobacteria;Gammaproteobacteria;Burkholderiales;Alcaligenaceae;Paenalcaligenes
FN000.3;ASV1;0;FN000;food waste;sorb-;0;3;Bacteria;Proteobacteria;Gammaproteobacteria;Enterobacterales;Morganellaceae;Providencia
FN000.3;ASV2;33458;FN000;food waste;sorb-;0;3;Bacteria;Proteobacteria;Gammaproteobacteria;Enterobacterales;Enterobacteriaceae;Klebsiella
FN000.3;ASV3;0;FN000;food waste;sorb-;0;3;Bacteria;Proteobacteria;Gammaproteobacteria;Enterobacterales;Enterobacteriaceae;Enterobacter*
FN000.3;ASV4;0;FN000;food waste;sorb-;0;3;Bacteria;Firmicutes;Bacilli;Lactobacillales;Enterococcaceae;Enterococcus
FN000.3;ASV5;1963;FN000;food waste;sorb-;0;3;Bacteria;Firmicutes;Bacilli;Lactobacillales;Lactobacillaceae;Lactiplantibacillus
FN000.3;ASV6;756;FN000;food waste;sorb-;0;3;Bacteria;Firmicutes;Bacilli;Lactobacillales;Lactobacillaceae;Lactobacillus
FN000.3;ASV7;119;FN000;food waste;sorb-;0;3;Bacteria;Firmicutes;Bacilli;Lactobacillales;Lactobacillaceae;Weissella
FN000.3;ASV8;0;FN000;food waste;sorb-;0;3;Bacteria;Firmicutes;Bacilli;Lactobacillales;Enterococcaceae;Enterococcus
FN000.3;ASV9;70;FN000;food waste;sorb-;0;3;Bacteria;Firmicutes;Bacilli;Lactobacillales;Lactobacillaceae;Levilactobacillus
FN000.3;ASV10;16;FN000;food waste;sorb-;0;3;Bacteria;Firmicutes;Bacilli;Lactobacillales;Streptococcaceae;Lactococcus
FN000.3;ASV11;5946;FN000;food waste;sorb-;0;3;Bacteria;Firmicutes;Bacilli;Lactobacillales;Lactobacillaceae;Lactobacillus
FN000.3;ASV12;16;FN000;food waste;sorb-;0;3;Bacteria;Firmicutes;Bacilli;Lactobacillales;Lactobacillaceae;Leuconostoc
FN000.3;ASV13;0;FN000;food waste;sorb-;0;3;Bacteria;Firmicutes;Bacilli;Staphylococcales;Staphylococcaceae;Mammaliicoccus*
FN000.3;ASV14;963;FN000;food waste;sorb-;0;3;Bacteria;Firmicutes;Bacilli;Lactobacillales;Enterococcaceae;Enterococcus
FN000.3;ASV15;989;FN000;food waste;sorb-;0;3;Bacteria;Firmicutes;Bacilli;Lactobacillales;Lactobacillaceae;Lacticaseibacillus
FN000.3;ASV16;0;FN000;food waste;sorb-;0;3;Bacteria;Firmicutes;Bacilli;Lactobacillales;Carnobacteriaceae;Atopostipes
FN000.3;ASV17;405;FN000;food waste;sorb-;0;3;Bacteria;Firmicutes;Bacilli;Lactobacillales;Lactobacillaceae;Lactiplantibacillus
FN000.3;ASV18;0;FN000;food waste;sorb-;0;3;Bacteria;Actinobacteriota;Actinobacteria;Actinomycetales;Actinomycetaceae;Actinomyces
FN000.3;ASV19;0;FN000;food waste;sorb-;0;3;Bacteria;Proteobacteria;Gammaproteobacteria;Enterobacterales;Morganellaceae;Proteus
FN000.3;ASV20;0;FN000;food waste;sorb-;0;3;Bacteria;Actinobacteriota;Actinobacteria;Corynebacteriales;Corynebacteriaceae;Corynebacterium
FN000.3;ASV21;0;FN000;food waste;sorb-;0;3;Bacteria;Firmicutes;Bacilli;Bacillales;Bacillaceae;Bacillus
FN000.3;ASV22;267;FN000;food waste;sorb-;0;3;Bacteria;Firmicutes;Bacilli;Lactobacillales;Lactobacillaceae;Lacticaseibacillus
FN000.3;ASV23;777;FN000;food waste;sorb-;0;3;Bacteria;Firmicutes;Bacilli;Lactobacillales;Lactobacillaceae;Limosilactobacillus
FN000.3;ASV24;0;FN000;food waste;sorb-;0;3;Bacteria;Proteobacteria;Gammaproteobacteria;Enterobacterales;Enterobacteriaceae;Escherichia-Shigella
FN000.3;ASV25;0;FN000;food waste;sorb-;0;3;Bacteria;Firmicutes;Bacilli;Lactobacillales;Enterococcaceae;Enterococcus
FN000.3;ASV26;10;FN000;food waste;sorb-;0;3;Bacteria;Firmicutes;Bacilli;Lactobacillales;Lactobacillaceae;Leuconostoc
FN000.3;ASV27;1;FN000;food waste;sorb-;0;3;Bacteria;Firmicutes;Bacilli;Paenibacillales;Paenibacillaceae;Paenibacillus
FN000.3;ASV28;389;FN000;food waste;sorb-;0;3;Bacteria;Firmicutes;Bacilli;Lactobacillales;Lactobacillaceae;Lacticaseibacillus
FN000.3;ASV29;0;FN000;food waste;sorb-;0;3;Bacteria;Firmicutes;Bacilli;Bacillales;Bacillaceae;Pseudogracilibacillus
FN000.3;ASV32;683;FN000;food waste;sorb-;0;3;Bacteria;Firmicutes;Bacilli;Lactobacillales;Lactobacillaceae;Lactobacillus
FN000.3;ASV33;15;FN000;food waste;sorb-;0;3;Bacteria;Firmicutes;Bacilli;Lactobacillales;Streptococcaceae;Streptococcus
FN000.3;ASV34;0;FN000;food waste;sorb-;0;3;Bacteria;Proteobacteria;Gammaproteobacteria;Enterobacterales;Enterobacteriaceae;Klebsiella
FN000.3;ASV35;0;FN000;food waste;sorb-;0;3;Bacteria;Firmicutes;Bacilli;Lactobacillales;Lactobacillaceae;Weissella
FN000.3;ASV36;0;FN000;food waste;sorb-;0;3;Bacteria;Proteobacteria;Gammaproteobacteria;Enterobacterales;Morganellaceae;Providencia
FN000.3;ASV37;0;FN000;food waste;sorb-;0;3;Bacteria;Firmicutes;Bacilli;Lactobacillales;Lactobacillaceae;Pediococcus
FN000.3;ASV38;0;FN000;food waste;sorb-;0;3;Bacteria;Proteobacteria;Gammaproteobacteria;Enterobacterales;Enterobacteriaceae;Klebsiella
FN000.3;ASV39;0;FN000;food waste;sorb-;0;3;Bacteria;Firmicutes;Bacilli;Lactobacillales;Lactobacillaceae;Lactiplantibacillus
FN000.3;ASV40;0;FN000;food waste;sorb-;0;3;Bacteria;Actinobacteriota;Actinobacteria;Corynebacteriales;Corynebacteriaceae;Corynebacterium
FN000.3;ASV41;0;FN000;food waste;sorb-;0;3;Bacteria;Firmicutes;Clostridia;Clostridiales;Clostridiaceae;Clostridium sensu stricto 18
FN000.3;ASV42;0;FN000;food waste;sorb-;0;3;Bacteria;Firmicutes;Bacilli;Lactobacillales;Streptococcaceae;Streptococcus
FN000.3;ASV43;0;FN000;food waste;sorb-;0;3;Bacteria;Proteobacteria;Gammaproteobacteria;Enterobacterales;Enterobacteriaceae;Enterobacter*
FN000.3;ASV44;0;FN000;food waste;sorb-;0;3;Bacteria;Firmicutes;Bacilli;Lactobacillales;Enterococcaceae;Enterococcus*
FN000.3;ASV47;98;FN000;food waste;sorb-;0;3;Bacteria;Firmicutes;Bacilli;Lactobacillales;Lactobacillaceae;Lacticaseibacillus
FN000.3;ASV49;0;FN000;food waste;sorb-;0;3;Bacteria;Firmicutes;Bacilli;Bacillales;Bacillaceae;Pseudogracilibacillus
FN000.3;ASV50;0;FN000;food waste;sorb-;0;3;Bacteria;Proteobacteria;Gammaproteobacteria;Pseudomonadales;Pseudomonadaceae;Pseudomonas
FN000.3;ASV51;0;FN000;food waste;sorb-;0;3;Bacteria;Firmicutes;Bacilli;Lactobacillales;Lactobacillaceae;Leuconostoc
FN000.3;ASV52;0;FN000;food waste;sorb-;0;3;Bacteria;Firmicutes;Bacilli;Paenibacillales;Paenibacillaceae;Paenibacillus
FN000.3;ASV53;0;FN000;food waste;sorb-;0;3;Bacteria;Actinobacteriota;Actinobacteria;Corynebacteriales;Corynebacteriaceae;Corynebacterium
FN000.3;ASV54;0;FN000;food waste;sorb-;0;3;Bacteria;Firmicutes;Bacilli;Bacillales;Planococcaceae;Bacillus*
FN000.3;ASV55;0;FN000;food waste;sorb-;0;3;Bacteria;Firmicutes;Bacilli;Bacillales;Bacillaceae;Bacillus
FN000.3;ASV56;0;FN000;food waste;sorb-;0;3;Bacteria;Actinobacteriota;Actinobacteria;Corynebacteriales;Corynebacteriaceae;Corynebacterium
FN000.3;ASV57;0;FN000;food waste;sorb-;0;3;Bacteria;Proteobacteria;Gammaproteobacteria;Enterobacterales;Morganellaceae;Providencia
FN000.3;ASV58;0;FN000;food waste;sorb-;0;3;Bacteria;Actinobacteriota;Actinobacteria;Micrococcales;Brevibacteriaceae;Brevibacterium
FN000.3;ASV59;0;FN000;food waste;sorb-;0;3;Bacteria;Firmicutes;Bacilli;Bacillales;Planococcaceae;Solibacillus
FN000.3;ASV61;0;FN000;food waste;sorb-;0;3;Bacteria;Actinobacteriota;Actinobacteria;Corynebacteriales;Corynebacteriaceae;Corynebacterium
FN000.3;ASV66;0;FN000;food waste;sorb-;0;3;Bacteria;Firmicutes;Bacilli;Staphylococcales;Staphylococcaceae;Staphylococcus
FN000.3;ASV67;0;FN000;food waste;sorb-;0;3;Bacteria;Actinobacteriota;Actinobacteria;Micrococcales;Brevibacteriaceae;Brevibacterium
FN000.3;ASV68;0;FN000;food waste;sorb-;0;3;Bacteria;Actinobacteriota;Actinobacteria;Micrococcales;Promicromonosporaceae;Cellulosimicrobium
FN000.3;ASV69;0;FN000;food waste;sorb-;0;3;Bacteria;Firmicutes;Bacilli;Bacillales;Planococcaceae;Uncult. bacterium*
FN000.3;ASV70;0;FN000;food waste;sorb-;0;3;Bacteria;Proteobacteria;Gammaproteobacteria;Xanthomonadales;Xanthomonadaceae;SN8
FN000.3;ASV72;0;FN000;food waste;sorb-;0;3;Bacteria;Proteobacteria;Gammaproteobacteria;Pseudomonadales;Pseudomonadaceae;Pseudomonas
FN000.3;ASV73;4;FN000;food waste;sorb-;0;3;Bacteria;Proteobacteria;Gammaproteobacteria;Burkholderiales;Burkholderiaceae;Ralstonia
FN000.3;ASV75;0;FN000;food waste;sorb-;0;3;Bacteria;Firmicutes;Bacilli;Staphylococcales;Staphylococcaceae;
FN000.3;ASV77;0;FN000;food waste;sorb-;0;3;Bacteria;Firmicutes;Bacilli;Bacillales;Planococcaceae;Solibacillus
FN000.3;ASV78;8;FN000;food waste;sorb-;0;3;Bacteria;Firmicutes;Bacilli;Lactobacillales;Lactobacillaceae;Secundilactobacillus
FN000.3;ASV79;0;FN000;food waste;sorb-;0;3;Bacteria;Proteobacteria;Gammaproteobacteria;Enterobacterales;Enterobacteriaceae;
FN000.3;ASV80;0;FN000;food waste;sorb-;0;3;Bacteria;Firmicutes;Bacilli;Lactobacillales;Lactobacillaceae;Leuconostoc
FN000.3;ASV81;0;FN000;food waste;sorb-;0;3;Bacteria;Firmicutes;Bacilli;Lactobacillales;Lactobacillaceae;Lactobacillus
FN000.3;ASV83;0;FN000;food waste;sorb-;0;3;Bacteria;Proteobacteria;Gammaproteobacteria;Burkholderiales;Comamonadaceae;Delftia
FN000.3;ASV84;0;FN000;food waste;sorb-;0;3;Bacteria;Firmicutes;Bacilli;Lactobacillales;Lactobacillaceae;Loigolactobacillus
FN000.3;ASV87;0;FN000;food waste;sorb-;0;3;Bacteria;Firmicutes;Bacilli;Lactobacillales;Streptococcaceae;Streptococcus
FN000.3;ASV90;0;FN000;food waste;sorb-;0;3;Bacteria;Proteobacteria;Gammaproteobacteria;Xanthomonadales;Xanthomonadaceae;Stenotrophomonas
FN000.3;ASV91;0;FN000;food waste;sorb-;0;3;Bacteria;Firmicutes;Bacilli;Staphylococcales;Staphylococcaceae;Staphylococcus
FN000.3;ASV92;0;FN000;food waste;sorb-;0;3;Bacteria;Proteobacteria;Gammaproteobacteria;Enterobacterales;Yersiniaceae;Yersinia
FN000.3;ASV93;0;FN000;food waste;sorb-;0;3;Bacteria;Firmicutes;Bacilli;Bacillales;Bacillaceae;Oceanobacillus
FN000.3;ASV94;0;FN000;food waste;sorb-;0;3;Bacteria;Firmicutes;Bacilli;Lactobacillales;Lactobacillaceae;Levilactobacillus
FN000.3;ASV95;0;FN000;food waste;sorb-;0;3;Bacteria;Proteobacteria;Gammaproteobacteria;Pseudomonadales;Moraxellaceae;Psychrobacter
FN000.3;ASV96;0;FN000;food waste;sorb-;0;3;Bacteria;Firmicutes;Bacilli;Lactobacillales;Lactobacillaceae;Lactobacillus
FN000.3;ASV97;8;FN000;food waste;sorb-;0;3;Bacteria;Firmicutes;Bacilli;Lactobacillales;Lactobacillaceae;Lentilactobacillus
FN000.3;ASV99;0;FN000;food waste;sorb-;0;3;Bacteria;Proteobacteria;Alphaproteobacteria;Sphingomonadales;Sphingomonadaceae;Sphingomonas
FN000.3;ASV100;0;FN000;food waste;sorb-;0;3;Bacteria;Firmicutes;Bacilli;Lactobacillales;Lactobacillaceae;Lapidilactobacillus
FN000.3;ASV101;0;FN000;food waste;sorb-;0;3;Bacteria;Bacteroidota;Bacteroidia;Bacteroidales;Tannerellaceae;Parabacteroides
FN000.3;ASV104;0;FN000;food waste;sorb-;0;3;Bacteria;Firmicutes;Bacilli;Lactobacillales;Lactobacillaceae;Lactobacillus
FN000.3;ASV105;0;FN000;food waste;sorb-;0;3;Bacteria;Actinobacteriota;Actinobacteria;Micrococcales;Promicromonosporaceae;Cellulosimicrobium
FN000.3;ASV107;0;FN000;food waste;sorb-;0;3;Bacteria;Bacteroidota;Bacteroidia;Bacteroidales;Bacteroidaceae;Bacteroides
FN000.3;ASV110;0;FN000;food waste;sorb-;0;3;Bacteria;Proteobacteria;Gammaproteobacteria;Enterobacterales;Enterobacteriaceae;
FN000.3;ASV111;0;FN000;food waste;sorb-;0;3;Bacteria;Bacteroidota;Bacteroidia;Bacteroidales;Bacteroidaceae;Bacteroides
FN000.3;ASV113;0;FN000;food waste;sorb-;0;3;Bacteria;Firmicutes;Bacilli;Staphylococcales;Staphylococcaceae;Jeotgalicoccus
FN000.3;ASV114;0;FN000;food waste;sorb-;0;3;Bacteria;Firmicutes;Bacilli;Lactobacillales;Lactobacillaceae;Weissella
FN000.3;ASV115;0;FN000;food waste;sorb-;0;3;Bacteria;Proteobacteria;Gammaproteobacteria;Pseudomonadales;Alcanivoracaceae1;Alcanivorax
FN000.3;ASV116;0;FN000;food waste;sorb-;0;3;Bacteria;Firmicutes;Bacilli;Lactobacillales;Listeriaceae;Brochothrix
FN000.3;ASV117;0;FN000;food waste;sorb-;0;3;Bacteria;Actinobacteriota;Actinobacteria;Corynebacteriales;Corynebacteriaceae;Corynebacterium
FN000.3;ASV119;0;FN000;food waste;sorb-;0;3;Bacteria;Proteobacteria;Gammaproteobacteria;Pseudomonadales;Moraxellaceae;Psychrobacter
FN000.3;ASV120;0;FN000;food waste;sorb-;0;3;Bacteria;Proteobacteria;Gammaproteobacteria;Burkholderiales;Sutterellaceae;Parasutterella
FN000.3;ASV121;0;FN000;food waste;sorb-;0;3;Bacteria;Bacteroidota;Bacteroidia;Bacteroidales;Tannerellaceae;Parabacteroides
FN000.3;ASV122;0;FN000;food waste;sorb-;0;3;Bacteria;Proteobacteria;Gammaproteobacteria;Enterobacterales;Vibrionaceae;Photobacterium
FN000.3;ASV123;0;FN000;food waste;sorb-;0;3;Bacteria;Proteobacteria;Gammaproteobacteria;Pseudomonadales;Moraxellaceae;Acinetobacter
FN000.3;ASV126;0;FN000;food waste;sorb-;0;3;Bacteria;Proteobacteria;Gammaproteobacteria;Enterobacterales;Erwiniaceae;
FN000.3;ASV127;0;FN000;food waste;sorb-;0;3;Bacteria;Proteobacteria;Gammaproteobacteria;Pseudomonadales;Moraxellaceae;Acinetobacter
FN000.3;ASV129;0;FN000;food waste;sorb-;0;3;Bacteria;Proteobacteria;Alphaproteobacteria;Rhizobiales;Beijerinckiaceae;Methylobacterium-Methylorubrum
FN000.3;ASV130;0;FN000;food waste;sorb-;0;3;Bacteria;Proteobacteria;Alphaproteobacteria;Sphingomonadales;Sphingomonadaceae;Sphingomonas
FN000.3;ASV131;0;FN000;food waste;sorb-;0;3;Bacteria;Bacteroidota;Bacteroidia;Bacteroidales;Porphyromonadaceae;Porphyromonas
FN000.3;ASV133;0;FN000;food waste;sorb-;0;3;Bacteria;Proteobacteria;Gammaproteobacteria;Enterobacterales;Aeromonadaceae;Aeromonas
FN000.3;ASV135;0;FN000;food waste;sorb-;0;3;Bacteria;Proteobacteria;Gammaproteobacteria;Pseudomonadales;Moraxellaceae;Acinetobacter
FN000.3;ASV136;0;FN000;food waste;sorb-;0;3;Bacteria;Firmicutes;Clostridia;Oscillospirales;Ruminococcaceae;Faecalibacterium
FN000.3;ASV138;0;FN000;food waste;sorb-;0;3;Bacteria;Firmicutes;Bacilli;Bacillales;Bacillaceae;Amphibacillus
FN000.3;ASV139;0;FN000;food waste;sorb-;0;3;Bacteria;Actinobacteriota;Actinobacteria;Corynebacteriales;Corynebacteriaceae;Corynebacterium
FN000.3;ASV140;0;FN000;food waste;sorb-;0;3;Bacteria;Proteobacteria;Gammaproteobacteria;Pseudomonadales;Pseudomonadaceae;Pseudomonas
FN000.3;ASV141;0;FN000;food waste;sorb-;0;3;Bacteria;Firmicutes;Bacilli;Lactobacillales;Enterococcaceae;Tetragenococcus
FN000.3;ASV143;0;FN000;food waste;sorb-;0;3;Bacteria;Firmicutes;Bacilli;Bacillales;Bacillaceae;Bacillus
FN000.3;ASV144;0;FN000;food waste;sorb-;0;3;Bacteria;Proteobacteria;Gammaproteobacteria;Burkholderiales;Sutterellaceae;Parasutterella
FN000.3;ASV149;0;FN000;food waste;sorb-;0;3;Bacteria;Firmicutes;Bacilli;Lactobacillales;Lactobacillaceae;Lactobacillus
FN000.3;ASV150;0;FN000;food waste;sorb-;0;3;Bacteria;Proteobacteria;Gammaproteobacteria;Pseudomonadales;Moraxellaceae;Acinetobacter
FN000.3;ASV152;0;FN000;food waste;sorb-;0;3;Bacteria;Firmicutes;Clostridia;Oscillospirales;Ruminococcaceae;Subdoligranulum
FN000.3;ASV156;0;FN000;food waste;sorb-;0;3;Bacteria;Firmicutes;Bacilli;Lactobacillales;Lactobacillaceae;Lactobacillus
FN000.3;ASV157;0;FN000;food waste;sorb-;0;3;Bacteria;Proteobacteria;Gammaproteobacteria;Enterobacterales;Yersiniaceae;
FN000.3;ASV158;0;FN000;food waste;sorb-;0;3;Bacteria;Firmicutes;Bacilli;Lactobacillales;Lactobacillaceae;Leuconostoc
FN000.3;ASV160;0;FN000;food waste;sorb-;0;3;Bacteria;Proteobacteria;Gammaproteobacteria;Burkholderiales;Burkholderiaceae;Ralstonia
FN000.3;ASV161;0;FN000;food waste;sorb-;0;3;Bacteria;Proteobacteria;Gammaproteobacteria;Pseudomonadales;Moraxellaceae;Enhydrobacter
FN000.3;ASV162;0;FN000;food waste;sorb-;0;3;Bacteria;Proteobacteria;Gammaproteobacteria;Pseudomonadales;Moraxellaceae;Acinetobacter
FN000.3;ASV163;0;FN000;food waste;sorb-;0;3;Bacteria;Proteobacteria;Gammaproteobacteria;Enterobacterales;Aeromonadaceae;Aeromonas
FN000.3;ASV166;0;FN000;food waste;sorb-;0;3;Bacteria;Firmicutes;Bacilli;Lactobacillales;Lactobacillaceae;Schleiferilactobacillus
FN000.3;ASV168;0;FN000;food waste;sorb-;0;3;Bacteria;Firmicutes;Clostridia;Oscillospirales;Oscillospiraceae;Flavonifractor
FN000.3;ASV169;0;FN000;food waste;sorb-;0;3;Bacteria;Firmicutes;Clostridia;Oscillospirales;Ruminococcaceae;Faecalibacterium
FN000.3;ASV170;0;FN000;food waste;sorb-;0;3;Bacteria;Firmicutes;Bacilli;Lactobacillales;Streptococcaceae;Lactococcus
FN000.3;ASV177;0;FN000;food waste;sorb-;0;3;Bacteria;Firmicutes;Bacilli;Lactobacillales;Streptococcaceae;Lactococcus
FN000.3;ASV178;0;FN000;food waste;sorb-;0;3;Bacteria;Proteobacteria;Gammaproteobacteria;Burkholderiales;Burkholderiaceae;Burkholderia-Caballeronia-Paraburkholderia
FN000.3;ASV179;0;FN000;food waste;sorb-;0;3;Bacteria;Proteobacteria;Gammaproteobacteria;Burkholderiales;Comamonadaceae;Aquabacterium
FN000.3;ASV186;0;FN000;food waste;sorb-;0;3;Bacteria;Firmicutes;Bacilli;Paenibacillales;Paenibacillaceae;Paenibacillus
FN000.3;ASV187;0;FN000;food waste;sorb-;0;3;Bacteria;Proteobacteria;Gammaproteobacteria;Burkholderiales;Burkholderiaceae;Burkholderia-Caballeronia-Paraburkholderia
FN000.3;ASV188;0;FN000;food waste;sorb-;0;3;Bacteria;Firmicutes;Bacilli;Lactobacillales;Lactobacillaceae;Lactobacillus
FN000.3;ASV189;0;FN000;food waste;sorb-;0;3;Bacteria;Bacteroidota;Bacteroidia;Bacteroidales;Bacteroidaceae;Bacteroides
FN000.3;ASV190;0;FN000;food waste;sorb-;0;3;Bacteria;Firmicutes;Clostridia;Lachnospirales;Lachnospiraceae;Lachnospira
FN000.3;ASV199;0;FN000;food waste;sorb-;0;3;Bacteria;Firmicutes;Bacilli;Lactobacillales;Lactobacillaceae;HT002
FN000.3;ASV200;0;FN000;food waste;sorb-;0;3;Bacteria;Proteobacteria;Gammaproteobacteria;Enterobacterales;Pseudoalteromonadaceae;Pseudoalteromonas
FN000.3;ASV201;0;FN000;food waste;sorb-;0;3;Bacteria;Firmicutes;Clostridia;Lachnospirales;Lachnospiraceae;[Eubacterium] eligens group
FN000.3;ASV202;0;FN000;food waste;sorb-;0;3;Bacteria;Proteobacteria;Gammaproteobacteria;Burkholderiales;Sutterellaceae;Parasutterella
FN000.3;ASV203;0;FN000;food waste;sorb-;0;3;Bacteria;Firmicutes;Clostridia;Lachnospirales;Lachnospiraceae;[Eubacterium] eligens group
FN000.3;ASV204;0;FN000;food waste;sorb-;0;3;Bacteria;Proteobacteria;Gammaproteobacteria;Xanthomonadales;Xanthomonadaceae;
FN000.3;ASV219;0;FN000;food waste;sorb-;0;3;Bacteria;Proteobacteria;Gammaproteobacteria;Burkholderiales;Alcaligenaceae;Achromobacter
FN000.3;ASV221;0;FN000;food waste;sorb-;0;3;Bacteria;Firmicutes;Bacilli;Lactobacillales;Lactobacillaceae;Lacticaseibacillus
FN000.3;ASV222;0;FN000;food waste;sorb-;0;3;Bacteria;Proteobacteria;Gammaproteobacteria;Xanthomonadales;Xanthomonadaceae;Arenimonas
FN000.3;ASV223;0;FN000;food waste;sorb-;0;3;Bacteria;Proteobacteria;Gammaproteobacteria;Pseudomonadales;Pseudomonadaceae;Pseudomonas
FN000.3;ASV225;0;FN000;food waste;sorb-;0;3;Bacteria;Firmicutes;Bacilli;Lactobacillales;Lactobacillaceae;Weissella
FN000.3;ASV227;0;FN000;food waste;sorb-;0;3;Bacteria;Firmicutes;Bacilli;Lactobacillales;Streptococcaceae;
FN000.3;ASV228;0;FN000;food waste;sorb-;0;3;Bacteria;Firmicutes;Bacilli;Alicyclobacillales;Alicyclobacillaceae;Alicyclobacillus
FN000.3;ASV230;0;FN000;food waste;sorb-;0;3;Bacteria;Firmicutes;Clostridia;Peptostreptococcales-Tissierellales;Family XI;Anaerococcus
FN000.3;ASV232;0;FN000;food waste;sorb-;0;3;Bacteria;Firmicutes;Clostridia;Peptostreptococcales-Tissierellales;Clostridiisalibacter;
FN000.3;ASV257;0;FN000;food waste;sorb-;0;3;Bacteria;Actinobacteriota;Actinobacteria;Micrococcales;Micrococcaceae;Pseudarthrobacter
FN000.3;ASV258;0;FN000;food waste;sorb-;0;3;Bacteria;Firmicutes;Bacilli;Bacillales;Bacillaceae;Oceanobacillus
FN000.3;ASV259;0;FN000;food waste;sorb-;0;3;Bacteria;Verrucomicrobiota;Verrucomicrobiae;Pedosphaerales;Pedosphaeraceae;ADurb.Bin063-1
FN000.3;ASV261;0;FN000;food waste;sorb-;0;3;Bacteria;Proteobacteria;Gammaproteobacteria;Pseudomonadales;Moraxellaceae;Enhydrobacter
FN000.3;ASV263;0;FN000;food waste;sorb-;0;3;Bacteria;Firmicutes;Clostridia;Clostridiales;Clostridiaceae;Clostridium sensu stricto 18
FN000.3;ASV265;0;FN000;food waste;sorb-;0;3;Bacteria;Proteobacteria;Gammaproteobacteria;Enterobacterales;Pasteurellaceae;Haemophilus
FN000.3;ASV266;0;FN000;food waste;sorb-;0;3;Bacteria;Proteobacteria;Gammaproteobacteria;Burkholderiales;Comamonadaceae;
FN000.3;ASV267;0;FN000;food waste;sorb-;0;3;Bacteria;Actinobacteriota;Actinobacteria;Frankiales;Nakamurellaceae;Nakamurella
FN000.3;ASV269;0;FN000;food waste;sorb-;0;3;Bacteria;Proteobacteria;Gammaproteobacteria;Burkholderiales;Comamonadaceae;
FN000.3;ASV270;0;FN000;food waste;sorb-;0;3;Bacteria;Actinobacteriota;Actinobacteria;Streptomycetales;Streptomycetaceae;Streptomyces
FN000.3;ASV271;0;FN000;food waste;sorb-;0;3;Bacteria;Firmicutes;Bacilli;Acholeplasmatales;Acholeplasmataceae;Candidatus Phytoplasma
FN000.3;ASV272;0;FN000;food waste;sorb-;0;3;Bacteria;Bacteroidota;Bacteroidia;Bacteroidales;Tannerellaceae;Parabacteroides
FN000.3;ASV275;0;FN000;food waste;sorb-;0;3;Bacteria;Firmicutes;Negativicutes;Veillonellales-Selenomonadales;Veillonellaceae;Dialister
FN000.3;ASV277;0;FN000;food waste;sorb-;0;3;Bacteria;Firmicutes;Bacilli;Lactobacillales;Carnobacteriaceae;
FN000.3;ASV280;0;FN000;food waste;sorb-;0;3;Bacteria;Actinobacteriota;Actinobacteria;Streptomycetales;Streptomycetaceae;Streptomyces
FN000.3;ASV314;0;FN000;food waste;sorb-;0;3;Bacteria;Proteobacteria;Gammaproteobacteria;Xanthomonadales;Xanthomonadaceae;Arenimonas
FN000.3;ASV318;0;FN000;food waste;sorb-;0;3;Bacteria;Chloroflexi;Chloroflexia;Thermomicrobiales;JG30-KF-CM45;
FN000.3;ASV319;0;FN000;food waste;sorb-;0;3;Bacteria;Proteobacteria;Gammaproteobacteria;Xanthomonadales;Xanthomonadaceae;Arenimonas
FN000.3;ASV323;0;FN000;food waste;sorb-;0;3;Bacteria;Gemmatimonadota;Gemmatimonadetes;Gemmatimonadales;Gemmatimonadaceae;
FN000.3;ASV326;0;FN000;food waste;sorb-;0;3;Bacteria;Proteobacteria;Alphaproteobacteria;Rhizobiales;Rhizobiales Incertae Sedis;Nordella
FN000.3;ASV328;0;FN000;food waste;sorb-;0;3;Bacteria;Chloroflexi;Anaerolineae;Anaerolineales;Anaerolineaceae;
FN000.3;ASV329;0;FN000;food waste;sorb-;0;3;Bacteria;Proteobacteria;Gammaproteobacteria;Burkholderiales;Oxalobacteraceae;
FN000.3;ASV331;0;FN000;food waste;sorb-;0;3;Bacteria;Proteobacteria;Gammaproteobacteria;Steroidobacterales;Woeseiaceae;Woeseia
FN000.3;ASV333;0;FN000;food waste;sorb-;0;3;Bacteria;Proteobacteria;Gammaproteobacteria;Xanthomonadales;Xanthomonadaceae;
FN000.3;ASV334;0;FN000;food waste;sorb-;0;3;Bacteria;Firmicutes;Clostridia;Lachnospirales;Lachnospiraceae;
FN000.3;ASV336;0;FN000;food waste;sorb-;0;3;Bacteria;Bacteroidota;Bacteroidia;Flavobacteriales;Weeksellaceae;Empedobacter
FN000.3;ASV337;0;FN000;food waste;sorb-;0;3;Bacteria;Proteobacteria;Alphaproteobacteria;Rhizobiales;Beijerinckiaceae;Microvirga
FN000.3;ASV338;0;FN000;food waste;sorb-;0;3;Bacteria;Planctomycetota;Brocadiae;Brocadiales;Brocadiaceae;Candidatus Brocadia
FN000.3;ASV339;0;FN000;food waste;sorb-;0;3;Bacteria;Proteobacteria;Alphaproteobacteria;Rhizobiales;Beijerinckiaceae;Methylobacterium-Methylorubrum
FN000.3;ASV340;0;FN000;food waste;sorb-;0;3;Bacteria;Proteobacteria;Gammaproteobacteria;Pseudomonadales;Moraxellaceae;Acinetobacter
FN000.3;ASV342;0;FN000;food waste;sorb-;0;3;Bacteria;Planctomycetota;Brocadiae;Brocadiales;Brocadiaceae;Candidatus Brocadia
FN000.3;ASV344;0;FN000;food waste;sorb-;0;3;Bacteria;Actinobacteriota;Actinobacteria;Frankiales;Nakamurellaceae;Nakamurella
FN000.3;ASV345;0;FN000;food waste;sorb-;0;3;Bacteria;Hydrogenedentes;Hydrogenedentia;Hydrogenedentiales;Hydrogenedensaceae;
FN000.3;ASV346;0;FN000;food waste;sorb-;0;3;Bacteria;Gemmatimonadota;Gemmatimonadetes;Gemmatimonadales;Gemmatimonadaceae;
FN000.3;ASV352;0;FN000;food waste;sorb-;0;3;Bacteria;Proteobacteria;Gammaproteobacteria;Pseudomonadales;Marinobacteraceae;Marinobacter
FN000.3;ASV353;0;FN000;food waste;sorb-;0;3;Bacteria;Acidobacteriota;Vicinamibacteria;Vicinamibacterales;Vicinamibacteraceae;
FN000.3;ASV354;0;FN000;food waste;sorb-;0;3;Bacteria;Proteobacteria;Gammaproteobacteria;Pseudomonadales;Alcanivoracaceae1;Alcanivorax
FN000.3;ASV355;0;FN000;food waste;sorb-;0;3;Bacteria;Actinobacteriota;Acidimicrobiia;Microtrichales;Iamiaceae;Iamia
FN000.3;ASV360;0;FN000;food waste;sorb-;0;3;Bacteria;Actinobacteriota;Actinobacteria;Corynebacteriales;Corynebacteriaceae;
FN000.3;ASV361;0;FN000;food waste;sorb-;0;3;Bacteria;Proteobacteria;Gammaproteobacteria;Burkholderiales;Alcaligenaceae;Paenalcaligenes
FN125.1;ASV1;31069;FN125;food waste;sorb-;1.25;1;Bacteria;Proteobacteria;Gammaproteobacteria;Enterobacterales;Morganellaceae;Providencia
FN125.1;ASV2;720;FN125;food waste;sorb-;1.25;1;Bacteria;Proteobacteria;Gammaproteobacteria;Enterobacterales;Enterobacteriaceae;Klebsiella
FN125.1;ASV3;0;FN125;food waste;sorb-;1.25;1;Bacteria;Proteobacteria;Gammaproteobacteria;Enterobacterales;Enterobacteriaceae;Enterobacter*
FN125.1;ASV4;3218;FN125;food waste;sorb-;1.25;1;Bacteria;Firmicutes;Bacilli;Lactobacillales;Enterococcaceae;Enterococcus
FN125.1;ASV5;701;FN125;food waste;sorb-;1.25;1;Bacteria;Firmicutes;Bacilli;Lactobacillales;Lactobacillaceae;Lactiplantibacillus
FN125.1;ASV6;435;FN125;food waste;sorb-;1.25;1;Bacteria;Firmicutes;Bacilli;Lactobacillales;Lactobacillaceae;Lactobacillus
FN125.1;ASV7;25;FN125;food waste;sorb-;1.25;1;Bacteria;Firmicutes;Bacilli;Lactobacillales;Lactobacillaceae;Weissella
FN125.1;ASV8;191;FN125;food waste;sorb-;1.25;1;Bacteria;Firmicutes;Bacilli;Lactobacillales;Enterococcaceae;Enterococcus
FN125.1;ASV9;1646;FN125;food waste;sorb-;1.25;1;Bacteria;Firmicutes;Bacilli;Lactobacillales;Lactobacillaceae;Levilactobacillus
FN125.1;ASV10;1;FN125;food waste;sorb-;1.25;1;Bacteria;Firmicutes;Bacilli;Lactobacillales;Streptococcaceae;Lactococcus
FN125.1;ASV11;384;FN125;food waste;sorb-;1.25;1;Bacteria;Firmicutes;Bacilli;Lactobacillales;Lactobacillaceae;Lactobacillus
FN125.1;ASV12;0;FN125;food waste;sorb-;1.25;1;Bacteria;Firmicutes;Bacilli;Lactobacillales;Lactobacillaceae;Leuconostoc
FN125.1;ASV13;1848;FN125;food waste;sorb-;1.25;1;Bacteria;Firmicutes;Bacilli;Staphylococcales;Staphylococcaceae;Mammaliicoccus*
FN125.1;ASV14;618;FN125;food waste;sorb-;1.25;1;Bacteria;Firmicutes;Bacilli;Lactobacillales;Enterococcaceae;Enterococcus
FN125.1;ASV15;1708;FN125;food waste;sorb-;1.25;1;Bacteria;Firmicutes;Bacilli;Lactobacillales;Lactobacillaceae;Lacticaseibacillus
FN125.1;ASV16;0;FN125;food waste;sorb-;1.25;1;Bacteria;Firmicutes;Bacilli;Lactobacillales;Carnobacteriaceae;Atopostipes
FN125.1;ASV17;0;FN125;food waste;sorb-;1.25;1;Bacteria;Firmicutes;Bacilli;Lactobacillales;Lactobacillaceae;Lactiplantibacillus
FN125.1;ASV18;0;FN125;food waste;sorb-;1.25;1;Bacteria;Actinobacteriota;Actinobacteria;Actinomycetales;Actinomycetaceae;Actinomyces
FN125.1;ASV19;0;FN125;food waste;sorb-;1.25;1;Bacteria;Proteobacteria;Gammaproteobacteria;Enterobacterales;Morganellaceae;Proteus
FN125.1;ASV20;2655;FN125;food waste;sorb-;1.25;1;Bacteria;Actinobacteriota;Actinobacteria;Corynebacteriales;Corynebacteriaceae;Corynebacterium
FN125.1;ASV21;5;FN125;food waste;sorb-;1.25;1;Bacteria;Firmicutes;Bacilli;Bacillales;Bacillaceae;Bacillus
FN125.1;ASV22;504;FN125;food waste;sorb-;1.25;1;Bacteria;Firmicutes;Bacilli;Lactobacillales;Lactobacillaceae;Lacticaseibacillus
FN125.1;ASV23;594;FN125;food waste;sorb-;1.25;1;Bacteria;Firmicutes;Bacilli;Lactobacillales;Lactobacillaceae;Limosilactobacillus
FN125.1;ASV24;0;FN125;food waste;sorb-;1.25;1;Bacteria;Proteobacteria;Gammaproteobacteria;Enterobacterales;Enterobacteriaceae;Escherichia-Shigella
FN125.1;ASV25;0;FN125;food waste;sorb-;1.25;1;Bacteria;Firmicutes;Bacilli;Lactobacillales;Enterococcaceae;Enterococcus
FN125.1;ASV26;4;FN125;food waste;sorb-;1.25;1;Bacteria;Firmicutes;Bacilli;Lactobacillales;Lactobacillaceae;Leuconostoc
FN125.1;ASV27;0;FN125;food waste;sorb-;1.25;1;Bacteria;Firmicutes;Bacilli;Paenibacillales;Paenibacillaceae;Paenibacillus
FN125.1;ASV28;137;FN125;food waste;sorb-;1.25;1;Bacteria;Firmicutes;Bacilli;Lactobacillales;Lactobacillaceae;Lacticaseibacillus
FN125.1;ASV29;0;FN125;food waste;sorb-;1.25;1;Bacteria;Firmicutes;Bacilli;Bacillales;Bacillaceae;Pseudogracilibacillus
FN125.1;ASV32;31;FN125;food waste;sorb-;1.25;1;Bacteria;Firmicutes;Bacilli;Lactobacillales;Lactobacillaceae;Lactobacillus
FN125.1;ASV33;1;FN125;food waste;sorb-;1.25;1;Bacteria;Firmicutes;Bacilli;Lactobacillales;Streptococcaceae;Streptococcus
FN125.1;ASV34;39;FN125;food waste;sorb-;1.25;1;Bacteria;Proteobacteria;Gammaproteobacteria;Enterobacterales;Enterobacteriaceae;Klebsiella
FN125.1;ASV35;12;FN125;food waste;sorb-;1.25;1;Bacteria;Firmicutes;Bacilli;Lactobacillales;Lactobacillaceae;Weissella
FN125.1;ASV36;0;FN125;food waste;sorb-;1.25;1;Bacteria;Proteobacteria;Gammaproteobacteria;Enterobacterales;Morganellaceae;Providencia
FN125.1;ASV37;18;FN125;food waste;sorb-;1.25;1;Bacteria;Firmicutes;Bacilli;Lactobacillales;Lactobacillaceae;Pediococcus
FN125.1;ASV38;0;FN125;food waste;sorb-;1.25;1;Bacteria;Proteobacteria;Gammaproteobacteria;Enterobacterales;Enterobacteriaceae;Klebsiella
FN125.1;ASV39;0;FN125;food waste;sorb-;1.25;1;Bacteria;Firmicutes;Bacilli;Lactobacillales;Lactobacillaceae;Lactiplantibacillus
FN125.1;ASV40;53;FN125;food waste;sorb-;1.25;1;Bacteria;Actinobacteriota;Actinobacteria;Corynebacteriales;Corynebacteriaceae;Corynebacterium
FN125.1;ASV41;0;FN125;food waste;sorb-;1.25;1;Bacteria;Firmicutes;Clostridia;Clostridiales;Clostridiaceae;Clostridium sensu stricto 18
FN125.1;ASV42;0;FN125;food waste;sorb-;1.25;1;Bacteria;Firmicutes;Bacilli;Lactobacillales;Streptococcaceae;Streptococcus
FN125.1;ASV43;0;FN125;food waste;sorb-;1.25;1;Bacteria;Proteobacteria;Gammaproteobacteria;Enterobacterales;Enterobacteriaceae;Enterobacter*
FN125.1;ASV44;0;FN125;food waste;sorb-;1.25;1;Bacteria;Firmicutes;Bacilli;Lactobacillales;Enterococcaceae;Enterococcus*
FN125.1;ASV47;11;FN125;food waste;sorb-;1.25;1;Bacteria;Firmicutes;Bacilli;Lactobacillales;Lactobacillaceae;Lacticaseibacillus
FN125.1;ASV49;0;FN125;food waste;sorb-;1.25;1;Bacteria;Firmicutes;Bacilli;Bacillales;Bacillaceae;Pseudogracilibacillus
FN125.1;ASV50;0;FN125;food waste;sorb-;1.25;1;Bacteria;Proteobacteria;Gammaproteobacteria;Pseudomonadales;Pseudomonadaceae;Pseudomonas
FN125.1;ASV51;0;FN125;food waste;sorb-;1.25;1;Bacteria;Firmicutes;Bacilli;Lactobacillales;Lactobacillaceae;Leuconostoc
FN125.1;ASV52;0;FN125;food waste;sorb-;1.25;1;Bacteria;Firmicutes;Bacilli;Paenibacillales;Paenibacillaceae;Paenibacillus
FN125.1;ASV53;9;FN125;food waste;sorb-;1.25;1;Bacteria;Actinobacteriota;Actinobacteria;Corynebacteriales;Corynebacteriaceae;Corynebacterium
FN125.1;ASV54;0;FN125;food waste;sorb-;1.25;1;Bacteria;Firmicutes;Bacilli;Bacillales;Planococcaceae;Bacillus*
FN125.1;ASV55;0;FN125;food waste;sorb-;1.25;1;Bacteria;Firmicutes;Bacilli;Bacillales;Bacillaceae;Bacillus
FN125.1;ASV56;139;FN125;food waste;sorb-;1.25;1;Bacteria;Actinobacteriota;Actinobacteria;Corynebacteriales;Corynebacteriaceae;Corynebacterium
FN125.1;ASV57;0;FN125;food waste;sorb-;1.25;1;Bacteria;Proteobacteria;Gammaproteobacteria;Enterobacterales;Morganellaceae;Providencia
FN125.1;ASV58;0;FN125;food waste;sorb-;1.25;1;Bacteria;Actinobacteriota;Actinobacteria;Micrococcales;Brevibacteriaceae;Brevibacterium
FN125.1;ASV59;0;FN125;food waste;sorb-;1.25;1;Bacteria;Firmicutes;Bacilli;Bacillales;Planococcaceae;Solibacillus
FN125.1;ASV61;89;FN125;food waste;sorb-;1.25;1;Bacteria;Actinobacteriota;Actinobacteria;Corynebacteriales;Corynebacteriaceae;Corynebacterium
FN125.1;ASV66;0;FN125;food waste;sorb-;1.25;1;Bacteria;Firmicutes;Bacilli;Staphylococcales;Staphylococcaceae;Staphylococcus
FN125.1;ASV67;0;FN125;food waste;sorb-;1.25;1;Bacteria;Actinobacteriota;Actinobacteria;Micrococcales;Brevibacteriaceae;Brevibacterium
FN125.1;ASV68;0;FN125;food waste;sorb-;1.25;1;Bacteria;Actinobacteriota;Actinobacteria;Micrococcales;Promicromonosporaceae;Cellulosimicrobium
FN125.1;ASV69;0;FN125;food waste;sorb-;1.25;1;Bacteria;Firmicutes;Bacilli;Bacillales;Planococcaceae;Uncult. bacterium*
FN125.1;ASV70;0;FN125;food waste;sorb-;1.25;1;Bacteria;Proteobacteria;Gammaproteobacteria;Xanthomonadales;Xanthomonadaceae;SN8
FN125.1;ASV72;0;FN125;food waste;sorb-;1.25;1;Bacteria;Proteobacteria;Gammaproteobacteria;Pseudomonadales;Pseudomonadaceae;Pseudomonas
FN125.1;ASV73;0;FN125;food waste;sorb-;1.25;1;Bacteria;Proteobacteria;Gammaproteobacteria;Burkholderiales;Burkholderiaceae;Ralstonia
FN125.1;ASV75;48;FN125;food waste;sorb-;1.25;1;Bacteria;Firmicutes;Bacilli;Staphylococcales;Staphylococcaceae;
FN125.1;ASV77;0;FN125;food waste;sorb-;1.25;1;Bacteria;Firmicutes;Bacilli;Bacillales;Planococcaceae;Solibacillus
FN125.1;ASV78;10;FN125;food waste;sorb-;1.25;1;Bacteria;Firmicutes;Bacilli;Lactobacillales;Lactobacillaceae;Secundilactobacillus
FN125.1;ASV79;0;FN125;food waste;sorb-;1.25;1;Bacteria;Proteobacteria;Gammaproteobacteria;Enterobacterales;Enterobacteriaceae;
FN125.1;ASV80;0;FN125;food waste;sorb-;1.25;1;Bacteria;Firmicutes;Bacilli;Lactobacillales;Lactobacillaceae;Leuconostoc
FN125.1;ASV81;0;FN125;food waste;sorb-;1.25;1;Bacteria;Firmicutes;Bacilli;Lactobacillales;Lactobacillaceae;Lactobacillus
FN125.1;ASV83;2;FN125;food waste;sorb-;1.25;1;Bacteria;Proteobacteria;Gammaproteobacteria;Burkholderiales;Comamonadaceae;Delftia
FN125.1;ASV84;0;FN125;food waste;sorb-;1.25;1;Bacteria;Firmicutes;Bacilli;Lactobacillales;Lactobacillaceae;Loigolactobacillus
FN125.1;ASV87;0;FN125;food waste;sorb-;1.25;1;Bacteria;Firmicutes;Bacilli;Lactobacillales;Streptococcaceae;Streptococcus
FN125.1;ASV90;0;FN125;food waste;sorb-;1.25;1;Bacteria;Proteobacteria;Gammaproteobacteria;Xanthomonadales;Xanthomonadaceae;Stenotrophomonas
FN125.1;ASV91;30;FN125;food waste;sorb-;1.25;1;Bacteria;Firmicutes;Bacilli;Staphylococcales;Staphylococcaceae;Staphylococcus
FN125.1;ASV92;0;FN125;food waste;sorb-;1.25;1;Bacteria;Proteobacteria;Gammaproteobacteria;Enterobacterales;Yersiniaceae;Yersinia
FN125.1;ASV93;0;FN125;food waste;sorb-;1.25;1;Bacteria;Firmicutes;Bacilli;Bacillales;Bacillaceae;Oceanobacillus
FN125.1;ASV94;0;FN125;food waste;sorb-;1.25;1;Bacteria;Firmicutes;Bacilli;Lactobacillales;Lactobacillaceae;Levilactobacillus
FN125.1;ASV95;0;FN125;food waste;sorb-;1.25;1;Bacteria;Proteobacteria;Gammaproteobacteria;Pseudomonadales;Moraxellaceae;Psychrobacter
FN125.1;ASV96;0;FN125;food waste;sorb-;1.25;1;Bacteria;Firmicutes;Bacilli;Lactobacillales;Lactobacillaceae;Lactobacillus
FN125.1;ASV97;0;FN125;food waste;sorb-;1.25;1;Bacteria;Firmicutes;Bacilli;Lactobacillales;Lactobacillaceae;Lentilactobacillus
FN125.1;ASV99;0;FN125;food waste;sorb-;1.25;1;Bacteria;Proteobacteria;Alphaproteobacteria;Sphingomonadales;Sphingomonadaceae;Sphingomonas
FN125.1;ASV100;0;FN125;food waste;sorb-;1.25;1;Bacteria;Firmicutes;Bacilli;Lactobacillales;Lactobacillaceae;Lapidilactobacillus
FN125.1;ASV101;0;FN125;food waste;sorb-;1.25;1;Bacteria;Bacteroidota;Bacteroidia;Bacteroidales;Tannerellaceae;Parabacteroides
FN125.1;ASV104;0;FN125;food waste;sorb-;1.25;1;Bacteria;Firmicutes;Bacilli;Lactobacillales;Lactobacillaceae;Lactobacillus
FN125.1;ASV105;0;FN125;food waste;sorb-;1.25;1;Bacteria;Actinobacteriota;Actinobacteria;Micrococcales;Promicromonosporaceae;Cellulosimicrobium
FN125.1;ASV107;0;FN125;food waste;sorb-;1.25;1;Bacteria;Bacteroidota;Bacteroidia;Bacteroidales;Bacteroidaceae;Bacteroides
FN125.1;ASV110;0;FN125;food waste;sorb-;1.25;1;Bacteria;Proteobacteria;Gammaproteobacteria;Enterobacterales;Enterobacteriaceae;
FN125.1;ASV111;0;FN125;food waste;sorb-;1.25;1;Bacteria;Bacteroidota;Bacteroidia;Bacteroidales;Bacteroidaceae;Bacteroides
FN125.1;ASV113;0;FN125;food waste;sorb-;1.25;1;Bacteria;Firmicutes;Bacilli;Staphylococcales;Staphylococcaceae;Jeotgalicoccus
FN125.1;ASV114;0;FN125;food waste;sorb-;1.25;1;Bacteria;Firmicutes;Bacilli;Lactobacillales;Lactobacillaceae;Weissella
FN125.1;ASV115;0;FN125;food waste;sorb-;1.25;1;Bacteria;Proteobacteria;Gammaproteobacteria;Pseudomonadales;Alcanivoracaceae1;Alcanivorax
FN125.1;ASV116;0;FN125;food waste;sorb-;1.25;1;Bacteria;Firmicutes;Bacilli;Lactobacillales;Listeriaceae;Brochothrix
FN125.1;ASV117;0;FN125;food waste;sorb-;1.25;1;Bacteria;Actinobacteriota;Actinobacteria;Corynebacteriales;Corynebacteriaceae;Corynebacterium
FN125.1;ASV119;0;FN125;food waste;sorb-;1.25;1;Bacteria;Proteobacteria;Gammaproteobacteria;Pseudomonadales;Moraxellaceae;Psychrobacter
FN125.1;ASV120;0;FN125;food waste;sorb-;1.25;1;Bacteria;Proteobacteria;Gammaproteobacteria;Burkholderiales;Sutterellaceae;Parasutterella
FN125.1;ASV121;0;FN125;food waste;sorb-;1.25;1;Bacteria;Bacteroidota;Bacteroidia;Bacteroidales;Tannerellaceae;Parabacteroides
FN125.1;ASV122;0;FN125;food waste;sorb-;1.25;1;Bacteria;Proteobacteria;Gammaproteobacteria;Enterobacterales;Vibrionaceae;Photobacterium
FN125.1;ASV123;0;FN125;food waste;sorb-;1.25;1;Bacteria;Proteobacteria;Gammaproteobacteria;Pseudomonadales;Moraxellaceae;Acinetobacter
FN125.1;ASV126;0;FN125;food waste;sorb-;1.25;1;Bacteria;Proteobacteria;Gammaproteobacteria;Enterobacterales;Erwiniaceae;
FN125.1;ASV127;0;FN125;food waste;sorb-;1.25;1;Bacteria;Proteobacteria;Gammaproteobacteria;Pseudomonadales;Moraxellaceae;Acinetobacter
FN125.1;ASV129;0;FN125;food waste;sorb-;1.25;1;Bacteria;Proteobacteria;Alphaproteobacteria;Rhizobiales;Beijerinckiaceae;Methylobacterium-Methylorubrum
FN125.1;ASV130;0;FN125;food waste;sorb-;1.25;1;Bacteria;Proteobacteria;Alphaproteobacteria;Sphingomonadales;Sphingomonadaceae;Sphingomonas
FN125.1;ASV131;0;FN125;food waste;sorb-;1.25;1;Bacteria;Bacteroidota;Bacteroidia;Bacteroidales;Porphyromonadaceae;Porphyromonas
FN125.1;ASV133;0;FN125;food waste;sorb-;1.25;1;Bacteria;Proteobacteria;Gammaproteobacteria;Enterobacterales;Aeromonadaceae;Aeromonas
FN125.1;ASV135;0;FN125;food waste;sorb-;1.25;1;Bacteria;Proteobacteria;Gammaproteobacteria;Pseudomonadales;Moraxellaceae;Acinetobacter
FN125.1;ASV136;0;FN125;food waste;sorb-;1.25;1;Bacteria;Firmicutes;Clostridia;Oscillospirales;Ruminococcaceae;Faecalibacterium
FN125.1;ASV138;0;FN125;food waste;sorb-;1.25;1;Bacteria;Firmicutes;Bacilli;Bacillales;Bacillaceae;Amphibacillus
FN125.1;ASV139;0;FN125;food waste;sorb-;1.25;1;Bacteria;Actinobacteriota;Actinobacteria;Corynebacteriales;Corynebacteriaceae;Corynebacterium
FN125.1;ASV140;0;FN125;food waste;sorb-;1.25;1;Bacteria;Proteobacteria;Gammaproteobacteria;Pseudomonadales;Pseudomonadaceae;Pseudomonas
FN125.1;ASV141;0;FN125;food waste;sorb-;1.25;1;Bacteria;Firmicutes;Bacilli;Lactobacillales;Enterococcaceae;Tetragenococcus
FN125.1;ASV143;0;FN125;food waste;sorb-;1.25;1;Bacteria;Firmicutes;Bacilli;Bacillales;Bacillaceae;Bacillus
FN125.1;ASV144;0;FN125;food waste;sorb-;1.25;1;Bacteria;Proteobacteria;Gammaproteobacteria;Burkholderiales;Sutterellaceae;Parasutterella
FN125.1;ASV149;0;FN125;food waste;sorb-;1.25;1;Bacteria;Firmicutes;Bacilli;Lactobacillales;Lactobacillaceae;Lactobacillus
FN125.1;ASV150;0;FN125;food waste;sorb-;1.25;1;Bacteria;Proteobacteria;Gammaproteobacteria;Pseudomonadales;Moraxellaceae;Acinetobacter
FN125.1;ASV152;0;FN125;food waste;sorb-;1.25;1;Bacteria;Firmicutes;Clostridia;Oscillospirales;Ruminococcaceae;Subdoligranulum
FN125.1;ASV156;0;FN125;food waste;sorb-;1.25;1;Bacteria;Firmicutes;Bacilli;Lactobacillales;Lactobacillaceae;Lactobacillus
FN125.1;ASV157;0;FN125;food waste;sorb-;1.25;1;Bacteria;Proteobacteria;Gammaproteobacteria;Enterobacterales;Yersiniaceae;
FN125.1;ASV158;0;FN125;food waste;sorb-;1.25;1;Bacteria;Firmicutes;Bacilli;Lactobacillales;Lactobacillaceae;Leuconostoc
FN125.1;ASV160;3;FN125;food waste;sorb-;1.25;1;Bacteria;Proteobacteria;Gammaproteobacteria;Burkholderiales;Burkholderiaceae;Ralstonia
FN125.1;ASV161;0;FN125;food waste;sorb-;1.25;1;Bacteria;Proteobacteria;Gammaproteobacteria;Pseudomonadales;Moraxellaceae;Enhydrobacter
FN125.1;ASV162;0;FN125;food waste;sorb-;1.25;1;Bacteria;Proteobacteria;Gammaproteobacteria;Pseudomonadales;Moraxellaceae;Acinetobacter
FN125.1;ASV163;0;FN125;food waste;sorb-;1.25;1;Bacteria;Proteobacteria;Gammaproteobacteria;Enterobacterales;Aeromonadaceae;Aeromonas
FN125.1;ASV166;0;FN125;food waste;sorb-;1.25;1;Bacteria;Firmicutes;Bacilli;Lactobacillales;Lactobacillaceae;Schleiferilactobacillus
FN125.1;ASV168;0;FN125;food waste;sorb-;1.25;1;Bacteria;Firmicutes;Clostridia;Oscillospirales;Oscillospiraceae;Flavonifractor
FN125.1;ASV169;0;FN125;food waste;sorb-;1.25;1;Bacteria;Firmicutes;Clostridia;Oscillospirales;Ruminococcaceae;Faecalibacterium
FN125.1;ASV170;0;FN125;food waste;sorb-;1.25;1;Bacteria;Firmicutes;Bacilli;Lactobacillales;Streptococcaceae;Lactococcus
FN125.1;ASV177;0;FN125;food waste;sorb-;1.25;1;Bacteria;Firmicutes;Bacilli;Lactobacillales;Streptococcaceae;Lactococcus
FN125.1;ASV178;0;FN125;food waste;sorb-;1.25;1;Bacteria;Proteobacteria;Gammaproteobacteria;Burkholderiales;Burkholderiaceae;Burkholderia-Caballeronia-Paraburkholderia
FN125.1;ASV179;0;FN125;food waste;sorb-;1.25;1;Bacteria;Proteobacteria;Gammaproteobacteria;Burkholderiales;Comamonadaceae;Aquabacterium
FN125.1;ASV186;0;FN125;food waste;sorb-;1.25;1;Bacteria;Firmicutes;Bacilli;Paenibacillales;Paenibacillaceae;Paenibacillus
FN125.1;ASV187;1;FN125;food waste;sorb-;1.25;1;Bacteria;Proteobacteria;Gammaproteobacteria;Burkholderiales;Burkholderiaceae;Burkholderia-Caballeronia-Paraburkholderia
FN125.1;ASV188;0;FN125;food waste;sorb-;1.25;1;Bacteria;Firmicutes;Bacilli;Lactobacillales;Lactobacillaceae;Lactobacillus
FN125.1;ASV189;0;FN125;food waste;sorb-;1.25;1;Bacteria;Bacteroidota;Bacteroidia;Bacteroidales;Bacteroidaceae;Bacteroides
FN125.1;ASV190;0;FN125;food waste;sorb-;1.25;1;Bacteria;Firmicutes;Clostridia;Lachnospirales;Lachnospiraceae;Lachnospira
FN125.1;ASV199;0;FN125;food waste;sorb-;1.25;1;Bacteria;Firmicutes;Bacilli;Lactobacillales;Lactobacillaceae;HT002
FN125.1;ASV200;0;FN125;food waste;sorb-;1.25;1;Bacteria;Proteobacteria;Gammaproteobacteria;Enterobacterales;Pseudoalteromonadaceae;Pseudoalteromonas
FN125.1;ASV201;0;FN125;food waste;sorb-;1.25;1;Bacteria;Firmicutes;Clostridia;Lachnospirales;Lachnospiraceae;[Eubacterium] eligens group
FN125.1;ASV202;0;FN125;food waste;sorb-;1.25;1;Bacteria;Proteobacteria;Gammaproteobacteria;Burkholderiales;Sutterellaceae;Parasutterella
FN125.1;ASV203;0;FN125;food waste;sorb-;1.25;1;Bacteria;Firmicutes;Clostridia;Lachnospirales;Lachnospiraceae;[Eubacterium] eligens group
FN125.1;ASV204;0;FN125;food waste;sorb-;1.25;1;Bacteria;Proteobacteria;Gammaproteobacteria;Xanthomonadales;Xanthomonadaceae;
FN125.1;ASV219;1;FN125;food waste;sorb-;1.25;1;Bacteria;Proteobacteria;Gammaproteobacteria;Burkholderiales;Alcaligenaceae;Achromobacter
FN125.1;ASV221;0;FN125;food waste;sorb-;1.25;1;Bacteria;Firmicutes;Bacilli;Lactobacillales;Lactobacillaceae;Lacticaseibacillus
FN125.1;ASV222;0;FN125;food waste;sorb-;1.25;1;Bacteria;Proteobacteria;Gammaproteobacteria;Xanthomonadales;Xanthomonadaceae;Arenimonas
FN125.1;ASV223;0;FN125;food waste;sorb-;1.25;1;Bacteria;Proteobacteria;Gammaproteobacteria;Pseudomonadales;Pseudomonadaceae;Pseudomonas
FN125.1;ASV225;0;FN125;food waste;sorb-;1.25;1;Bacteria;Firmicutes;Bacilli;Lactobacillales;Lactobacillaceae;Weissella
FN125.1;ASV227;0;FN125;food waste;sorb-;1.25;1;Bacteria;Firmicutes;Bacilli;Lactobacillales;Streptococcaceae;
FN125.1;ASV228;0;FN125;food waste;sorb-;1.25;1;Bacteria;Firmicutes;Bacilli;Alicyclobacillales;Alicyclobacillaceae;Alicyclobacillus
FN125.1;ASV230;0;FN125;food waste;sorb-;1.25;1;Bacteria;Firmicutes;Clostridia;Peptostreptococcales-Tissierellales;Family XI;Anaerococcus
FN125.1;ASV232;0;FN125;food waste;sorb-;1.25;1;Bacteria;Firmicutes;Clostridia;Peptostreptococcales-Tissierellales;Clostridiisalibacter;
FN125.1;ASV257;1;FN125;food waste;sorb-;1.25;1;Bacteria;Actinobacteriota;Actinobacteria;Micrococcales;Micrococcaceae;Pseudarthrobacter
FN125.1;ASV258;0;FN125;food waste;sorb-;1.25;1;Bacteria;Firmicutes;Bacilli;Bacillales;Bacillaceae;Oceanobacillus
FN125.1;ASV259;0;FN125;food waste;sorb-;1.25;1;Bacteria;Verrucomicrobiota;Verrucomicrobiae;Pedosphaerales;Pedosphaeraceae;ADurb.Bin063-1
FN125.1;ASV261;0;FN125;food waste;sorb-;1.25;1;Bacteria;Proteobacteria;Gammaproteobacteria;Pseudomonadales;Moraxellaceae;Enhydrobacter
FN125.1;ASV263;0;FN125;food waste;sorb-;1.25;1;Bacteria;Firmicutes;Clostridia;Clostridiales;Clostridiaceae;Clostridium sensu stricto 18
FN125.1;ASV265;0;FN125;food waste;sorb-;1.25;1;Bacteria;Proteobacteria;Gammaproteobacteria;Enterobacterales;Pasteurellaceae;Haemophilus
FN125.1;ASV266;0;FN125;food waste;sorb-;1.25;1;Bacteria;Proteobacteria;Gammaproteobacteria;Burkholderiales;Comamonadaceae;
FN125.1;ASV267;0;FN125;food waste;sorb-;1.25;1;Bacteria;Actinobacteriota;Actinobacteria;Frankiales;Nakamurellaceae;Nakamurella
FN125.1;ASV269;0;FN125;food waste;sorb-;1.25;1;Bacteria;Proteobacteria;Gammaproteobacteria;Burkholderiales;Comamonadaceae;
FN125.1;ASV270;0;FN125;food waste;sorb-;1.25;1;Bacteria;Actinobacteriota;Actinobacteria;Streptomycetales;Streptomycetaceae;Streptomyces
FN125.1;ASV271;0;FN125;food waste;sorb-;1.25;1;Bacteria;Firmicutes;Bacilli;Acholeplasmatales;Acholeplasmataceae;Candidatus Phytoplasma
FN125.1;ASV272;0;FN125;food waste;sorb-;1.25;1;Bacteria;Bacteroidota;Bacteroidia;Bacteroidales;Tannerellaceae;Parabacteroides
FN125.1;ASV275;0;FN125;food waste;sorb-;1.25;1;Bacteria;Firmicutes;Negativicutes;Veillonellales-Selenomonadales;Veillonellaceae;Dialister
FN125.1;ASV277;0;FN125;food waste;sorb-;1.25;1;Bacteria;Firmicutes;Bacilli;Lactobacillales;Carnobacteriaceae;
FN125.1;ASV280;0;FN125;food waste;sorb-;1.25;1;Bacteria;Actinobacteriota;Actinobacteria;Streptomycetales;Streptomycetaceae;Streptomyces
FN125.1;ASV314;0;FN125;food waste;sorb-;1.25;1;Bacteria;Proteobacteria;Gammaproteobacteria;Xanthomonadales;Xanthomonadaceae;Arenimonas
FN125.1;ASV318;0;FN125;food waste;sorb-;1.25;1;Bacteria;Chloroflexi;Chloroflexia;Thermomicrobiales;JG30-KF-CM45;
FN125.1;ASV319;0;FN125;food waste;sorb-;1.25;1;Bacteria;Proteobacteria;Gammaproteobacteria;Xanthomonadales;Xanthomonadaceae;Arenimonas
FN125.1;ASV323;0;FN125;food waste;sorb-;1.25;1;Bacteria;Gemmatimonadota;Gemmatimonadetes;Gemmatimonadales;Gemmatimonadaceae;
FN125.1;ASV326;0;FN125;food waste;sorb-;1.25;1;Bacteria;Proteobacteria;Alphaproteobacteria;Rhizobiales;Rhizobiales Incertae Sedis;Nordella
FN125.1;ASV328;0;FN125;food waste;sorb-;1.25;1;Bacteria;Chloroflexi;Anaerolineae;Anaerolineales;Anaerolineaceae;
FN125.1;ASV329;0;FN125;food waste;sorb-;1.25;1;Bacteria;Proteobacteria;Gammaproteobacteria;Burkholderiales;Oxalobacteraceae;
FN125.1;ASV331;0;FN125;food waste;sorb-;1.25;1;Bacteria;Proteobacteria;Gammaproteobacteria;Steroidobacterales;Woeseiaceae;Woeseia
FN125.1;ASV333;0;FN125;food waste;sorb-;1.25;1;Bacteria;Proteobacteria;Gammaproteobacteria;Xanthomonadales;Xanthomonadaceae;
FN125.1;ASV334;0;FN125;food waste;sorb-;1.25;1;Bacteria;Firmicutes;Clostridia;Lachnospirales;Lachnospiraceae;
FN125.1;ASV336;0;FN125;food waste;sorb-;1.25;1;Bacteria;Bacteroidota;Bacteroidia;Flavobacteriales;Weeksellaceae;Empedobacter
FN125.1;ASV337;0;FN125;food waste;sorb-;1.25;1;Bacteria;Proteobacteria;Alphaproteobacteria;Rhizobiales;Beijerinckiaceae;Microvirga
FN125.1;ASV338;0;FN125;food waste;sorb-;1.25;1;Bacteria;Planctomycetota;Brocadiae;Brocadiales;Brocadiaceae;Candidatus Brocadia
FN125.1;ASV339;0;FN125;food waste;sorb-;1.25;1;Bacteria;Proteobacteria;Alphaproteobacteria;Rhizobiales;Beijerinckiaceae;Methylobacterium-Methylorubrum
FN125.1;ASV340;0;FN125;food waste;sorb-;1.25;1;Bacteria;Proteobacteria;Gammaproteobacteria;Pseudomonadales;Moraxellaceae;Acinetobacter
FN125.1;ASV342;0;FN125;food waste;sorb-;1.25;1;Bacteria;Planctomycetota;Brocadiae;Brocadiales;Brocadiaceae;Candidatus Brocadia
FN125.1;ASV344;0;FN125;food waste;sorb-;1.25;1;Bacteria;Actinobacteriota;Actinobacteria;Frankiales;Nakamurellaceae;Nakamurella
FN125.1;ASV345;0;FN125;food waste;sorb-;1.25;1;Bacteria;Hydrogenedentes;Hydrogenedentia;Hydrogenedentiales;Hydrogenedensaceae;
FN125.1;ASV346;0;FN125;food waste;sorb-;1.25;1;Bacteria;Gemmatimonadota;Gemmatimonadetes;Gemmatimonadales;Gemmatimonadaceae;
FN125.1;ASV352;0;FN125;food waste;sorb-;1.25;1;Bacteria;Proteobacteria;Gammaproteobacteria;Pseudomonadales;Marinobacteraceae;Marinobacter
FN125.1;ASV353;0;FN125;food waste;sorb-;1.25;1;Bacteria;Acidobacteriota;Vicinamibacteria;Vicinamibacterales;Vicinamibacteraceae;
FN125.1;ASV354;0;FN125;food waste;sorb-;1.25;1;Bacteria;Proteobacteria;Gammaproteobacteria;Pseudomonadales;Alcanivoracaceae1;Alcanivorax
FN125.1;ASV355;0;FN125;food waste;sorb-;1.25;1;Bacteria;Actinobacteriota;Acidimicrobiia;Microtrichales;Iamiaceae;Iamia
FN125.1;ASV360;0;FN125;food waste;sorb-;1.25;1;Bacteria;Actinobacteriota;Actinobacteria;Corynebacteriales;Corynebacteriaceae;
FN125.1;ASV361;0;FN125;food waste;sorb-;1.25;1;Bacteria;Proteobacteria;Gammaproteobacteria;Burkholderiales;Alcaligenaceae;Paenalcaligenes
FN125.2;ASV1;24062;FN125;food waste;sorb-;1.25;2;Bacteria;Proteobacteria;Gammaproteobacteria;Enterobacterales;Morganellaceae;Providencia
FN125.2;ASV2;901;FN125;food waste;sorb-;1.25;2;Bacteria;Proteobacteria;Gammaproteobacteria;Enterobacterales;Enterobacteriaceae;Klebsiella
FN125.2;ASV3;214;FN125;food waste;sorb-;1.25;2;Bacteria;Proteobacteria;Gammaproteobacteria;Enterobacterales;Enterobacteriaceae;Enterobacter*
FN125.2;ASV4;5416;FN125;food waste;sorb-;1.25;2;Bacteria;Firmicutes;Bacilli;Lactobacillales;Enterococcaceae;Enterococcus
FN125.2;ASV5;1342;FN125;food waste;sorb-;1.25;2;Bacteria;Firmicutes;Bacilli;Lactobacillales;Lactobacillaceae;Lactiplantibacillus
FN125.2;ASV6;464;FN125;food waste;sorb-;1.25;2;Bacteria;Firmicutes;Bacilli;Lactobacillales;Lactobacillaceae;Lactobacillus
FN125.2;ASV7;16;FN125;food waste;sorb-;1.25;2;Bacteria;Firmicutes;Bacilli;Lactobacillales;Lactobacillaceae;Weissella
FN125.2;ASV8;136;FN125;food waste;sorb-;1.25;2;Bacteria;Firmicutes;Bacilli;Lactobacillales;Enterococcaceae;Enterococcus
FN125.2;ASV9;2963;FN125;food waste;sorb-;1.25;2;Bacteria;Firmicutes;Bacilli;Lactobacillales;Lactobacillaceae;Levilactobacillus
FN125.2;ASV10;0;FN125;food waste;sorb-;1.25;2;Bacteria;Firmicutes;Bacilli;Lactobacillales;Streptococcaceae;Lactococcus
FN125.2;ASV11;476;FN125;food waste;sorb-;1.25;2;Bacteria;Firmicutes;Bacilli;Lactobacillales;Lactobacillaceae;Lactobacillus
FN125.2;ASV12;0;FN125;food waste;sorb-;1.25;2;Bacteria;Firmicutes;Bacilli;Lactobacillales;Lactobacillaceae;Leuconostoc
FN125.2;ASV13;5254;FN125;food waste;sorb-;1.25;2;Bacteria;Firmicutes;Bacilli;Staphylococcales;Staphylococcaceae;Mammaliicoccus*
FN125.2;ASV14;820;FN125;food waste;sorb-;1.25;2;Bacteria;Firmicutes;Bacilli;Lactobacillales;Enterococcaceae;Enterococcus
FN125.2;ASV15;1823;FN125;food waste;sorb-;1.25;2;Bacteria;Firmicutes;Bacilli;Lactobacillales;Lactobacillaceae;Lacticaseibacillus
FN125.2;ASV16;0;FN125;food waste;sorb-;1.25;2;Bacteria;Firmicutes;Bacilli;Lactobacillales;Carnobacteriaceae;Atopostipes
FN125.2;ASV17;0;FN125;food waste;sorb-;1.25;2;Bacteria;Firmicutes;Bacilli;Lactobacillales;Lactobacillaceae;Lactiplantibacillus
FN125.2;ASV18;0;FN125;food waste;sorb-;1.25;2;Bacteria;Actinobacteriota;Actinobacteria;Actinomycetales;Actinomycetaceae;Actinomyces
FN125.2;ASV19;0;FN125;food waste;sorb-;1.25;2;Bacteria;Proteobacteria;Gammaproteobacteria;Enterobacterales;Morganellaceae;Proteus
FN125.2;ASV20;1291;FN125;food waste;sorb-;1.25;2;Bacteria;Actinobacteriota;Actinobacteria;Corynebacteriales;Corynebacteriaceae;Corynebacterium
FN125.2;ASV21;0;FN125;food waste;sorb-;1.25;2;Bacteria;Firmicutes;Bacilli;Bacillales;Bacillaceae;Bacillus
FN125.2;ASV22;469;FN125;food waste;sorb-;1.25;2;Bacteria;Firmicutes;Bacilli;Lactobacillales;Lactobacillaceae;Lacticaseibacillus
FN125.2;ASV23;635;FN125;food waste;sorb-;1.25;2;Bacteria;Firmicutes;Bacilli;Lactobacillales;Lactobacillaceae;Limosilactobacillus
FN125.2;ASV24;0;FN125;food waste;sorb-;1.25;2;Bacteria;Proteobacteria;Gammaproteobacteria;Enterobacterales;Enterobacteriaceae;Escherichia-Shigella
FN125.2;ASV25;0;FN125;food waste;sorb-;1.25;2;Bacteria;Firmicutes;Bacilli;Lactobacillales;Enterococcaceae;Enterococcus
FN125.2;ASV26;11;FN125;food waste;sorb-;1.25;2;Bacteria;Firmicutes;Bacilli;Lactobacillales;Lactobacillaceae;Leuconostoc
FN125.2;ASV27;0;FN125;food waste;sorb-;1.25;2;Bacteria;Firmicutes;Bacilli;Paenibacillales;Paenibacillaceae;Paenibacillus
FN125.2;ASV28;93;FN125;food waste;sorb-;1.25;2;Bacteria;Firmicutes;Bacilli;Lactobacillales;Lactobacillaceae;Lacticaseibacillus
FN125.2;ASV29;0;FN125;food waste;sorb-;1.25;2;Bacteria;Firmicutes;Bacilli;Bacillales;Bacillaceae;Pseudogracilibacillus
FN125.2;ASV32;34;FN125;food waste;sorb-;1.25;2;Bacteria;Firmicutes;Bacilli;Lactobacillales;Lactobacillaceae;Lactobacillus
FN125.2;ASV33;0;FN125;food waste;sorb-;1.25;2;Bacteria;Firmicutes;Bacilli;Lactobacillales;Streptococcaceae;Streptococcus
FN125.2;ASV34;0;FN125;food waste;sorb-;1.25;2;Bacteria;Proteobacteria;Gammaproteobacteria;Enterobacterales;Enterobacteriaceae;Klebsiella
FN125.2;ASV35;26;FN125;food waste;sorb-;1.25;2;Bacteria;Firmicutes;Bacilli;Lactobacillales;Lactobacillaceae;Weissella
FN125.2;ASV36;0;FN125;food waste;sorb-;1.25;2;Bacteria;Proteobacteria;Gammaproteobacteria;Enterobacterales;Morganellaceae;Providencia
FN125.2;ASV37;8;FN125;food waste;sorb-;1.25;2;Bacteria;Firmicutes;Bacilli;Lactobacillales;Lactobacillaceae;Pediococcus
FN125.2;ASV38;0;FN125;food waste;sorb-;1.25;2;Bacteria;Proteobacteria;Gammaproteobacteria;Enterobacterales;Enterobacteriaceae;Klebsiella
FN125.2;ASV39;0;FN125;food waste;sorb-;1.25;2;Bacteria;Firmicutes;Bacilli;Lactobacillales;Lactobacillaceae;Lactiplantibacillus
FN125.2;ASV40;31;FN125;food waste;sorb-;1.25;2;Bacteria;Actinobacteriota;Actinobacteria;Corynebacteriales;Corynebacteriaceae;Corynebacterium
FN125.2;ASV41;0;FN125;food waste;sorb-;1.25;2;Bacteria;Firmicutes;Clostridia;Clostridiales;Clostridiaceae;Clostridium sensu stricto 18
FN125.2;ASV42;0;FN125;food waste;sorb-;1.25;2;Bacteria;Firmicutes;Bacilli;Lactobacillales;Streptococcaceae;Streptococcus
FN125.2;ASV43;0;FN125;food waste;sorb-;1.25;2;Bacteria;Proteobacteria;Gammaproteobacteria;Enterobacterales;Enterobacteriaceae;Enterobacter*
FN125.2;ASV44;0;FN125;food waste;sorb-;1.25;2;Bacteria;Firmicutes;Bacilli;Lactobacillales;Enterococcaceae;Enterococcus*
FN125.2;ASV47;0;FN125;food waste;sorb-;1.25;2;Bacteria;Firmicutes;Bacilli;Lactobacillales;Lactobacillaceae;Lacticaseibacillus
FN125.2;ASV49;0;FN125;food waste;sorb-;1.25;2;Bacteria;Firmicutes;Bacilli;Bacillales;Bacillaceae;Pseudogracilibacillus
FN125.2;ASV50;0;FN125;food waste;sorb-;1.25;2;Bacteria;Proteobacteria;Gammaproteobacteria;Pseudomonadales;Pseudomonadaceae;Pseudomonas
FN125.2;ASV51;0;FN125;food waste;sorb-;1.25;2;Bacteria;Firmicutes;Bacilli;Lactobacillales;Lactobacillaceae;Leuconostoc
FN125.2;ASV52;0;FN125;food waste;sorb-;1.25;2;Bacteria;Firmicutes;Bacilli;Paenibacillales;Paenibacillaceae;Paenibacillus
FN125.2;ASV53;0;FN125;food waste;sorb-;1.25;2;Bacteria;Actinobacteriota;Actinobacteria;Corynebacteriales;Corynebacteriaceae;Corynebacterium
FN125.2;ASV54;0;FN125;food waste;sorb-;1.25;2;Bacteria;Firmicutes;Bacilli;Bacillales;Planococcaceae;Bacillus*
FN125.2;ASV55;0;FN125;food waste;sorb-;1.25;2;Bacteria;Firmicutes;Bacilli;Bacillales;Bacillaceae;Bacillus
FN125.2;ASV56;32;FN125;food waste;sorb-;1.25;2;Bacteria;Actinobacteriota;Actinobacteria;Corynebacteriales;Corynebacteriaceae;Corynebacterium
FN125.2;ASV57;339;FN125;food waste;sorb-;1.25;2;Bacteria;Proteobacteria;Gammaproteobacteria;Enterobacterales;Morganellaceae;Providencia
FN125.2;ASV58;0;FN125;food waste;sorb-;1.25;2;Bacteria;Actinobacteriota;Actinobacteria;Micrococcales;Brevibacteriaceae;Brevibacterium
FN125.2;ASV59;0;FN125;food waste;sorb-;1.25;2;Bacteria;Firmicutes;Bacilli;Bacillales;Planococcaceae;Solibacillus
FN125.2;ASV61;47;FN125;food waste;sorb-;1.25;2;Bacteria;Actinobacteriota;Actinobacteria;Corynebacteriales;Corynebacteriaceae;Corynebacterium
FN125.2;ASV66;0;FN125;food waste;sorb-;1.25;2;Bacteria;Firmicutes;Bacilli;Staphylococcales;Staphylococcaceae;Staphylococcus
FN125.2;ASV67;0;FN125;food waste;sorb-;1.25;2;Bacteria;Actinobacteriota;Actinobacteria;Micrococcales;Brevibacteriaceae;Brevibacterium
FN125.2;ASV68;0;FN125;food waste;sorb-;1.25;2;Bacteria;Actinobacteriota;Actinobacteria;Micrococcales;Promicromonosporaceae;Cellulosimicrobium
FN125.2;ASV69;0;FN125;food waste;sorb-;1.25;2;Bacteria;Firmicutes;Bacilli;Bacillales;Planococcaceae;Uncult. bacterium*
FN125.2;ASV70;0;FN125;food waste;sorb-;1.25;2;Bacteria;Proteobacteria;Gammaproteobacteria;Xanthomonadales;Xanthomonadaceae;SN8
FN125.2;ASV72;0;FN125;food waste;sorb-;1.25;2;Bacteria;Proteobacteria;Gammaproteobacteria;Pseudomonadales;Pseudomonadaceae;Pseudomonas
FN125.2;ASV73;0;FN125;food waste;sorb-;1.25;2;Bacteria;Proteobacteria;Gammaproteobacteria;Burkholderiales;Burkholderiaceae;Ralstonia
FN125.2;ASV75;39;FN125;food waste;sorb-;1.25;2;Bacteria;Firmicutes;Bacilli;Staphylococcales;Staphylococcaceae;
FN125.2;ASV77;0;FN125;food waste;sorb-;1.25;2;Bacteria;Firmicutes;Bacilli;Bacillales;Planococcaceae;Solibacillus
FN125.2;ASV78;8;FN125;food waste;sorb-;1.25;2;Bacteria;Firmicutes;Bacilli;Lactobacillales;Lactobacillaceae;Secundilactobacillus
FN125.2;ASV79;0;FN125;food waste;sorb-;1.25;2;Bacteria;Proteobacteria;Gammaproteobacteria;Enterobacterales;Enterobacteriaceae;
FN125.2;ASV80;0;FN125;food waste;sorb-;1.25;2;Bacteria;Firmicutes;Bacilli;Lactobacillales;Lactobacillaceae;Leuconostoc
FN125.2;ASV81;0;FN125;food waste;sorb-;1.25;2;Bacteria;Firmicutes;Bacilli;Lactobacillales;Lactobacillaceae;Lactobacillus
FN125.2;ASV83;0;FN125;food waste;sorb-;1.25;2;Bacteria;Proteobacteria;Gammaproteobacteria;Burkholderiales;Comamonadaceae;Delftia
FN125.2;ASV84;0;FN125;food waste;sorb-;1.25;2;Bacteria;Firmicutes;Bacilli;Lactobacillales;Lactobacillaceae;Loigolactobacillus
FN125.2;ASV87;0;FN125;food waste;sorb-;1.25;2;Bacteria;Firmicutes;Bacilli;Lactobacillales;Streptococcaceae;Streptococcus
FN125.2;ASV90;0;FN125;food waste;sorb-;1.25;2;Bacteria;Proteobacteria;Gammaproteobacteria;Xanthomonadales;Xanthomonadaceae;Stenotrophomonas
FN125.2;ASV91;0;FN125;food waste;sorb-;1.25;2;Bacteria;Firmicutes;Bacilli;Staphylococcales;Staphylococcaceae;Staphylococcus
FN125.2;ASV92;0;FN125;food waste;sorb-;1.25;2;Bacteria;Proteobacteria;Gammaproteobacteria;Enterobacterales;Yersiniaceae;Yersinia
FN125.2;ASV93;0;FN125;food waste;sorb-;1.25;2;Bacteria;Firmicutes;Bacilli;Bacillales;Bacillaceae;Oceanobacillus
FN125.2;ASV94;0;FN125;food waste;sorb-;1.25;2;Bacteria;Firmicutes;Bacilli;Lactobacillales;Lactobacillaceae;Levilactobacillus
FN125.2;ASV95;0;FN125;food waste;sorb-;1.25;2;Bacteria;Proteobacteria;Gammaproteobacteria;Pseudomonadales;Moraxellaceae;Psychrobacter
FN125.2;ASV96;0;FN125;food waste;sorb-;1.25;2;Bacteria;Firmicutes;Bacilli;Lactobacillales;Lactobacillaceae;Lactobacillus
FN125.2;ASV97;0;FN125;food waste;sorb-;1.25;2;Bacteria;Firmicutes;Bacilli;Lactobacillales;Lactobacillaceae;Lentilactobacillus
FN125.2;ASV99;0;FN125;food waste;sorb-;1.25;2;Bacteria;Proteobacteria;Alphaproteobacteria;Sphingomonadales;Sphingomonadaceae;Sphingomonas
FN125.2;ASV100;0;FN125;food waste;sorb-;1.25;2;Bacteria;Firmicutes;Bacilli;Lactobacillales;Lactobacillaceae;Lapidilactobacillus
FN125.2;ASV101;0;FN125;food waste;sorb-;1.25;2;Bacteria;Bacteroidota;Bacteroidia;Bacteroidales;Tannerellaceae;Parabacteroides
FN125.2;ASV104;0;FN125;food waste;sorb-;1.25;2;Bacteria;Firmicutes;Bacilli;Lactobacillales;Lactobacillaceae;Lactobacillus
FN125.2;ASV105;0;FN125;food waste;sorb-;1.25;2;Bacteria;Actinobacteriota;Actinobacteria;Micrococcales;Promicromonosporaceae;Cellulosimicrobium
FN125.2;ASV107;0;FN125;food waste;sorb-;1.25;2;Bacteria;Bacteroidota;Bacteroidia;Bacteroidales;Bacteroidaceae;Bacteroides
FN125.2;ASV110;0;FN125;food waste;sorb-;1.25;2;Bacteria;Proteobacteria;Gammaproteobacteria;Enterobacterales;Enterobacteriaceae;
FN125.2;ASV111;0;FN125;food waste;sorb-;1.25;2;Bacteria;Bacteroidota;Bacteroidia;Bacteroidales;Bacteroidaceae;Bacteroides
FN125.2;ASV113;0;FN125;food waste;sorb-;1.25;2;Bacteria;Firmicutes;Bacilli;Staphylococcales;Staphylococcaceae;Jeotgalicoccus
FN125.2;ASV114;0;FN125;food waste;sorb-;1.25;2;Bacteria;Firmicutes;Bacilli;Lactobacillales;Lactobacillaceae;Weissella
FN125.2;ASV115;0;FN125;food waste;sorb-;1.25;2;Bacteria;Proteobacteria;Gammaproteobacteria;Pseudomonadales;Alcanivoracaceae1;Alcanivorax
FN125.2;ASV116;0;FN125;food waste;sorb-;1.25;2;Bacteria;Firmicutes;Bacilli;Lactobacillales;Listeriaceae;Brochothrix
FN125.2;ASV117;0;FN125;food waste;sorb-;1.25;2;Bacteria;Actinobacteriota;Actinobacteria;Corynebacteriales;Corynebacteriaceae;Corynebacterium
FN125.2;ASV119;0;FN125;food waste;sorb-;1.25;2;Bacteria;Proteobacteria;Gammaproteobacteria;Pseudomonadales;Moraxellaceae;Psychrobacter
FN125.2;ASV120;0;FN125;food waste;sorb-;1.25;2;Bacteria;Proteobacteria;Gammaproteobacteria;Burkholderiales;Sutterellaceae;Parasutterella
FN125.2;ASV121;0;FN125;food waste;sorb-;1.25;2;Bacteria;Bacteroidota;Bacteroidia;Bacteroidales;Tannerellaceae;Parabacteroides
FN125.2;ASV122;0;FN125;food waste;sorb-;1.25;2;Bacteria;Proteobacteria;Gammaproteobacteria;Enterobacterales;Vibrionaceae;Photobacterium
FN125.2;ASV123;0;FN125;food waste;sorb-;1.25;2;Bacteria;Proteobacteria;Gammaproteobacteria;Pseudomonadales;Moraxellaceae;Acinetobacter
FN125.2;ASV126;0;FN125;food waste;sorb-;1.25;2;Bacteria;Proteobacteria;Gammaproteobacteria;Enterobacterales;Erwiniaceae;
FN125.2;ASV127;0;FN125;food waste;sorb-;1.25;2;Bacteria;Proteobacteria;Gammaproteobacteria;Pseudomonadales;Moraxellaceae;Acinetobacter
FN125.2;ASV129;0;FN125;food waste;sorb-;1.25;2;Bacteria;Proteobacteria;Alphaproteobacteria;Rhizobiales;Beijerinckiaceae;Methylobacterium-Methylorubrum
FN125.2;ASV130;0;FN125;food waste;sorb-;1.25;2;Bacteria;Proteobacteria;Alphaproteobacteria;Sphingomonadales;Sphingomonadaceae;Sphingomonas
FN125.2;ASV131;0;FN125;food waste;sorb-;1.25;2;Bacteria;Bacteroidota;Bacteroidia;Bacteroidales;Porphyromonadaceae;Porphyromonas
FN125.2;ASV133;0;FN125;food waste;sorb-;1.25;2;Bacteria;Proteobacteria;Gammaproteobacteria;Enterobacterales;Aeromonadaceae;Aeromonas
FN125.2;ASV135;0;FN125;food waste;sorb-;1.25;2;Bacteria;Proteobacteria;Gammaproteobacteria;Pseudomonadales;Moraxellaceae;Acinetobacter
FN125.2;ASV136;0;FN125;food waste;sorb-;1.25;2;Bacteria;Firmicutes;Clostridia;Oscillospirales;Ruminococcaceae;Faecalibacterium
FN125.2;ASV138;0;FN125;food waste;sorb-;1.25;2;Bacteria;Firmicutes;Bacilli;Bacillales;Bacillaceae;Amphibacillus
FN125.2;ASV139;0;FN125;food waste;sorb-;1.25;2;Bacteria;Actinobacteriota;Actinobacteria;Corynebacteriales;Corynebacteriaceae;Corynebacterium
FN125.2;ASV140;0;FN125;food waste;sorb-;1.25;2;Bacteria;Proteobacteria;Gammaproteobacteria;Pseudomonadales;Pseudomonadaceae;Pseudomonas
FN125.2;ASV141;0;FN125;food waste;sorb-;1.25;2;Bacteria;Firmicutes;Bacilli;Lactobacillales;Enterococcaceae;Tetragenococcus
FN125.2;ASV143;0;FN125;food waste;sorb-;1.25;2;Bacteria;Firmicutes;Bacilli;Bacillales;Bacillaceae;Bacillus
FN125.2;ASV144;0;FN125;food waste;sorb-;1.25;2;Bacteria;Proteobacteria;Gammaproteobacteria;Burkholderiales;Sutterellaceae;Parasutterella
FN125.2;ASV149;0;FN125;food waste;sorb-;1.25;2;Bacteria;Firmicutes;Bacilli;Lactobacillales;Lactobacillaceae;Lactobacillus
FN125.2;ASV150;0;FN125;food waste;sorb-;1.25;2;Bacteria;Proteobacteria;Gammaproteobacteria;Pseudomonadales;Moraxellaceae;Acinetobacter
FN125.2;ASV152;0;FN125;food waste;sorb-;1.25;2;Bacteria;Firmicutes;Clostridia;Oscillospirales;Ruminococcaceae;Subdoligranulum
FN125.2;ASV156;0;FN125;food waste;sorb-;1.25;2;Bacteria;Firmicutes;Bacilli;Lactobacillales;Lactobacillaceae;Lactobacillus
FN125.2;ASV157;0;FN125;food waste;sorb-;1.25;2;Bacteria;Proteobacteria;Gammaproteobacteria;Enterobacterales;Yersiniaceae;
FN125.2;ASV158;0;FN125;food waste;sorb-;1.25;2;Bacteria;Firmicutes;Bacilli;Lactobacillales;Lactobacillaceae;Leuconostoc
FN125.2;ASV160;0;FN125;food waste;sorb-;1.25;2;Bacteria;Proteobacteria;Gammaproteobacteria;Burkholderiales;Burkholderiaceae;Ralstonia
FN125.2;ASV161;0;FN125;food waste;sorb-;1.25;2;Bacteria;Proteobacteria;Gammaproteobacteria;Pseudomonadales;Moraxellaceae;Enhydrobacter
FN125.2;ASV162;0;FN125;food waste;sorb-;1.25;2;Bacteria;Proteobacteria;Gammaproteobacteria;Pseudomonadales;Moraxellaceae;Acinetobacter
FN125.2;ASV163;0;FN125;food waste;sorb-;1.25;2;Bacteria;Proteobacteria;Gammaproteobacteria;Enterobacterales;Aeromonadaceae;Aeromonas
FN125.2;ASV166;0;FN125;food waste;sorb-;1.25;2;Bacteria;Firmicutes;Bacilli;Lactobacillales;Lactobacillaceae;Schleiferilactobacillus
FN125.2;ASV168;0;FN125;food waste;sorb-;1.25;2;Bacteria;Firmicutes;Clostridia;Oscillospirales;Oscillospiraceae;Flavonifractor
FN125.2;ASV169;0;FN125;food waste;sorb-;1.25;2;Bacteria;Firmicutes;Clostridia;Oscillospirales;Ruminococcaceae;Faecalibacterium
FN125.2;ASV170;0;FN125;food waste;sorb-;1.25;2;Bacteria;Firmicutes;Bacilli;Lactobacillales;Streptococcaceae;Lactococcus
FN125.2;ASV177;6;FN125;food waste;sorb-;1.25;2;Bacteria;Firmicutes;Bacilli;Lactobacillales;Streptococcaceae;Lactococcus
FN125.2;ASV178;0;FN125;food waste;sorb-;1.25;2;Bacteria;Proteobacteria;Gammaproteobacteria;Burkholderiales;Burkholderiaceae;Burkholderia-Caballeronia-Paraburkholderia
FN125.2;ASV179;0;FN125;food waste;sorb-;1.25;2;Bacteria;Proteobacteria;Gammaproteobacteria;Burkholderiales;Comamonadaceae;Aquabacterium
FN125.2;ASV186;0;FN125;food waste;sorb-;1.25;2;Bacteria;Firmicutes;Bacilli;Paenibacillales;Paenibacillaceae;Paenibacillus
FN125.2;ASV187;0;FN125;food waste;sorb-;1.25;2;Bacteria;Proteobacteria;Gammaproteobacteria;Burkholderiales;Burkholderiaceae;Burkholderia-Caballeronia-Paraburkholderia
FN125.2;ASV188;0;FN125;food waste;sorb-;1.25;2;Bacteria;Firmicutes;Bacilli;Lactobacillales;Lactobacillaceae;Lactobacillus
FN125.2;ASV189;0;FN125;food waste;sorb-;1.25;2;Bacteria;Bacteroidota;Bacteroidia;Bacteroidales;Bacteroidaceae;Bacteroides
FN125.2;ASV190;0;FN125;food waste;sorb-;1.25;2;Bacteria;Firmicutes;Clostridia;Lachnospirales;Lachnospiraceae;Lachnospira
FN125.2;ASV199;0;FN125;food waste;sorb-;1.25;2;Bacteria;Firmicutes;Bacilli;Lactobacillales;Lactobacillaceae;HT002
FN125.2;ASV200;0;FN125;food waste;sorb-;1.25;2;Bacteria;Proteobacteria;Gammaproteobacteria;Enterobacterales;Pseudoalteromonadaceae;Pseudoalteromonas
FN125.2;ASV201;0;FN125;food waste;sorb-;1.25;2;Bacteria;Firmicutes;Clostridia;Lachnospirales;Lachnospiraceae;[Eubacterium] eligens group
FN125.2;ASV202;0;FN125;food waste;sorb-;1.25;2;Bacteria;Proteobacteria;Gammaproteobacteria;Burkholderiales;Sutterellaceae;Parasutterella
FN125.2;ASV203;0;FN125;food waste;sorb-;1.25;2;Bacteria;Firmicutes;Clostridia;Lachnospirales;Lachnospiraceae;[Eubacterium] eligens group
FN125.2;ASV204;0;FN125;food waste;sorb-;1.25;2;Bacteria;Proteobacteria;Gammaproteobacteria;Xanthomonadales;Xanthomonadaceae;
FN125.2;ASV219;0;FN125;food waste;sorb-;1.25;2;Bacteria;Proteobacteria;Gammaproteobacteria;Burkholderiales;Alcaligenaceae;Achromobacter
FN125.2;ASV221;0;FN125;food waste;sorb-;1.25;2;Bacteria;Firmicutes;Bacilli;Lactobacillales;Lactobacillaceae;Lacticaseibacillus
FN125.2;ASV222;0;FN125;food waste;sorb-;1.25;2;Bacteria;Proteobacteria;Gammaproteobacteria;Xanthomonadales;Xanthomonadaceae;Arenimonas
FN125.2;ASV223;0;FN125;food waste;sorb-;1.25;2;Bacteria;Proteobacteria;Gammaproteobacteria;Pseudomonadales;Pseudomonadaceae;Pseudomonas
FN125.2;ASV225;0;FN125;food waste;sorb-;1.25;2;Bacteria;Firmicutes;Bacilli;Lactobacillales;Lactobacillaceae;Weissella
FN125.2;ASV227;0;FN125;food waste;sorb-;1.25;2;Bacteria;Firmicutes;Bacilli;Lactobacillales;Streptococcaceae;
FN125.2;ASV228;0;FN125;food waste;sorb-;1.25;2;Bacteria;Firmicutes;Bacilli;Alicyclobacillales;Alicyclobacillaceae;Alicyclobacillus
FN125.2;ASV230;0;FN125;food waste;sorb-;1.25;2;Bacteria;Firmicutes;Clostridia;Peptostreptococcales-Tissierellales;Family XI;Anaerococcus
FN125.2;ASV232;0;FN125;food waste;sorb-;1.25;2;Bacteria;Firmicutes;Clostridia;Peptostreptococcales-Tissierellales;Clostridiisalibacter;
FN125.2;ASV257;0;FN125;food waste;sorb-;1.25;2;Bacteria;Actinobacteriota;Actinobacteria;Micrococcales;Micrococcaceae;Pseudarthrobacter
FN125.2;ASV258;0;FN125;food waste;sorb-;1.25;2;Bacteria;Firmicutes;Bacilli;Bacillales;Bacillaceae;Oceanobacillus
FN125.2;ASV259;0;FN125;food waste;sorb-;1.25;2;Bacteria;Verrucomicrobiota;Verrucomicrobiae;Pedosphaerales;Pedosphaeraceae;ADurb.Bin063-1
FN125.2;ASV261;0;FN125;food waste;sorb-;1.25;2;Bacteria;Proteobacteria;Gammaproteobacteria;Pseudomonadales;Moraxellaceae;Enhydrobacter
FN125.2;ASV263;0;FN125;food waste;sorb-;1.25;2;Bacteria;Firmicutes;Clostridia;Clostridiales;Clostridiaceae;Clostridium sensu stricto 18
FN125.2;ASV265;0;FN125;food waste;sorb-;1.25;2;Bacteria;Proteobacteria;Gammaproteobacteria;Enterobacterales;Pasteurellaceae;Haemophilus
FN125.2;ASV266;0;FN125;food waste;sorb-;1.25;2;Bacteria;Proteobacteria;Gammaproteobacteria;Burkholderiales;Comamonadaceae;
FN125.2;ASV267;0;FN125;food waste;sorb-;1.25;2;Bacteria;Actinobacteriota;Actinobacteria;Frankiales;Nakamurellaceae;Nakamurella
FN125.2;ASV269;0;FN125;food waste;sorb-;1.25;2;Bacteria;Proteobacteria;Gammaproteobacteria;Burkholderiales;Comamonadaceae;
FN125.2;ASV270;0;FN125;food waste;sorb-;1.25;2;Bacteria;Actinobacteriota;Actinobacteria;Streptomycetales;Streptomycetaceae;Streptomyces
FN125.2;ASV271;0;FN125;food waste;sorb-;1.25;2;Bacteria;Firmicutes;Bacilli;Acholeplasmatales;Acholeplasmataceae;Candidatus Phytoplasma
FN125.2;ASV272;0;FN125;food waste;sorb-;1.25;2;Bacteria;Bacteroidota;Bacteroidia;Bacteroidales;Tannerellaceae;Parabacteroides
FN125.2;ASV275;0;FN125;food waste;sorb-;1.25;2;Bacteria;Firmicutes;Negativicutes;Veillonellales-Selenomonadales;Veillonellaceae;Dialister
FN125.2;ASV277;0;FN125;food waste;sorb-;1.25;2;Bacteria;Firmicutes;Bacilli;Lactobacillales;Carnobacteriaceae;
FN125.2;ASV280;0;FN125;food waste;sorb-;1.25;2;Bacteria;Actinobacteriota;Actinobacteria;Streptomycetales;Streptomycetaceae;Streptomyces
FN125.2;ASV314;0;FN125;food waste;sorb-;1.25;2;Bacteria;Proteobacteria;Gammaproteobacteria;Xanthomonadales;Xanthomonadaceae;Arenimonas
FN125.2;ASV318;1;FN125;food waste;sorb-;1.25;2;Bacteria;Chloroflexi;Chloroflexia;Thermomicrobiales;JG30-KF-CM45;
FN125.2;ASV319;4;FN125;food waste;sorb-;1.25;2;Bacteria;Proteobacteria;Gammaproteobacteria;Xanthomonadales;Xanthomonadaceae;Arenimonas
FN125.2;ASV323;0;FN125;food waste;sorb-;1.25;2;Bacteria;Gemmatimonadota;Gemmatimonadetes;Gemmatimonadales;Gemmatimonadaceae;
FN125.2;ASV326;0;FN125;food waste;sorb-;1.25;2;Bacteria;Proteobacteria;Alphaproteobacteria;Rhizobiales;Rhizobiales Incertae Sedis;Nordella
FN125.2;ASV328;0;FN125;food waste;sorb-;1.25;2;Bacteria;Chloroflexi;Anaerolineae;Anaerolineales;Anaerolineaceae;
FN125.2;ASV329;0;FN125;food waste;sorb-;1.25;2;Bacteria;Proteobacteria;Gammaproteobacteria;Burkholderiales;Oxalobacteraceae;
FN125.2;ASV331;0;FN125;food waste;sorb-;1.25;2;Bacteria;Proteobacteria;Gammaproteobacteria;Steroidobacterales;Woeseiaceae;Woeseia
FN125.2;ASV333;0;FN125;food waste;sorb-;1.25;2;Bacteria;Proteobacteria;Gammaproteobacteria;Xanthomonadales;Xanthomonadaceae;
FN125.2;ASV334;0;FN125;food waste;sorb-;1.25;2;Bacteria;Firmicutes;Clostridia;Lachnospirales;Lachnospiraceae;
FN125.2;ASV336;0;FN125;food waste;sorb-;1.25;2;Bacteria;Bacteroidota;Bacteroidia;Flavobacteriales;Weeksellaceae;Empedobacter
FN125.2;ASV337;0;FN125;food waste;sorb-;1.25;2;Bacteria;Proteobacteria;Alphaproteobacteria;Rhizobiales;Beijerinckiaceae;Microvirga
FN125.2;ASV338;0;FN125;food waste;sorb-;1.25;2;Bacteria;Planctomycetota;Brocadiae;Brocadiales;Brocadiaceae;Candidatus Brocadia
FN125.2;ASV339;0;FN125;food waste;sorb-;1.25;2;Bacteria;Proteobacteria;Alphaproteobacteria;Rhizobiales;Beijerinckiaceae;Methylobacterium-Methylorubrum
FN125.2;ASV340;0;FN125;food waste;sorb-;1.25;2;Bacteria;Proteobacteria;Gammaproteobacteria;Pseudomonadales;Moraxellaceae;Acinetobacter
FN125.2;ASV342;0;FN125;food waste;sorb-;1.25;2;Bacteria;Planctomycetota;Brocadiae;Brocadiales;Brocadiaceae;Candidatus Brocadia
FN125.2;ASV344;0;FN125;food waste;sorb-;1.25;2;Bacteria;Actinobacteriota;Actinobacteria;Frankiales;Nakamurellaceae;Nakamurella
FN125.2;ASV345;0;FN125;food waste;sorb-;1.25;2;Bacteria;Hydrogenedentes;Hydrogenedentia;Hydrogenedentiales;Hydrogenedensaceae;
FN125.2;ASV346;0;FN125;food waste;sorb-;1.25;2;Bacteria;Gemmatimonadota;Gemmatimonadetes;Gemmatimonadales;Gemmatimonadaceae;
FN125.2;ASV352;0;FN125;food waste;sorb-;1.25;2;Bacteria;Proteobacteria;Gammaproteobacteria;Pseudomonadales;Marinobacteraceae;Marinobacter
FN125.2;ASV353;0;FN125;food waste;sorb-;1.25;2;Bacteria;Acidobacteriota;Vicinamibacteria;Vicinamibacterales;Vicinamibacteraceae;
FN125.2;ASV354;0;FN125;food waste;sorb-;1.25;2;Bacteria;Proteobacteria;Gammaproteobacteria;Pseudomonadales;Alcanivoracaceae1;Alcanivorax
FN125.2;ASV355;0;FN125;food waste;sorb-;1.25;2;Bacteria;Actinobacteriota;Acidimicrobiia;Microtrichales;Iamiaceae;Iamia
FN125.2;ASV360;0;FN125;food waste;sorb-;1.25;2;Bacteria;Actinobacteriota;Actinobacteria;Corynebacteriales;Corynebacteriaceae;
FN125.2;ASV361;0;FN125;food waste;sorb-;1.25;2;Bacteria;Proteobacteria;Gammaproteobacteria;Burkholderiales;Alcaligenaceae;Paenalcaligenes
FN125.3;ASV1;25102;FN125;food waste;sorb-;1.25;3;Bacteria;Proteobacteria;Gammaproteobacteria;Enterobacterales;Morganellaceae;Providencia
FN125.3;ASV2;1680;FN125;food waste;sorb-;1.25;3;Bacteria;Proteobacteria;Gammaproteobacteria;Enterobacterales;Enterobacteriaceae;Klebsiella
FN125.3;ASV3;1184;FN125;food waste;sorb-;1.25;3;Bacteria;Proteobacteria;Gammaproteobacteria;Enterobacterales;Enterobacteriaceae;Enterobacter*
FN125.3;ASV4;2380;FN125;food waste;sorb-;1.25;3;Bacteria;Firmicutes;Bacilli;Lactobacillales;Enterococcaceae;Enterococcus
FN125.3;ASV5;967;FN125;food waste;sorb-;1.25;3;Bacteria;Firmicutes;Bacilli;Lactobacillales;Lactobacillaceae;Lactiplantibacillus
FN125.3;ASV6;448;FN125;food waste;sorb-;1.25;3;Bacteria;Firmicutes;Bacilli;Lactobacillales;Lactobacillaceae;Lactobacillus
FN125.3;ASV7;43;FN125;food waste;sorb-;1.25;3;Bacteria;Firmicutes;Bacilli;Lactobacillales;Lactobacillaceae;Weissella
FN125.3;ASV8;137;FN125;food waste;sorb-;1.25;3;Bacteria;Firmicutes;Bacilli;Lactobacillales;Enterococcaceae;Enterococcus
FN125.3;ASV9;1801;FN125;food waste;sorb-;1.25;3;Bacteria;Firmicutes;Bacilli;Lactobacillales;Lactobacillaceae;Levilactobacillus
FN125.3;ASV10;7;FN125;food waste;sorb-;1.25;3;Bacteria;Firmicutes;Bacilli;Lactobacillales;Streptococcaceae;Lactococcus
FN125.3;ASV11;443;FN125;food waste;sorb-;1.25;3;Bacteria;Firmicutes;Bacilli;Lactobacillales;Lactobacillaceae;Lactobacillus
FN125.3;ASV12;0;FN125;food waste;sorb-;1.25;3;Bacteria;Firmicutes;Bacilli;Lactobacillales;Lactobacillaceae;Leuconostoc
FN125.3;ASV13;5640;FN125;food waste;sorb-;1.25;3;Bacteria;Firmicutes;Bacilli;Staphylococcales;Staphylococcaceae;Mammaliicoccus*
FN125.3;ASV14;772;FN125;food waste;sorb-;1.25;3;Bacteria;Firmicutes;Bacilli;Lactobacillales;Enterococcaceae;Enterococcus
FN125.3;ASV15;1761;FN125;food waste;sorb-;1.25;3;Bacteria;Firmicutes;Bacilli;Lactobacillales;Lactobacillaceae;Lacticaseibacillus
FN125.3;ASV16;0;FN125;food waste;sorb-;1.25;3;Bacteria;Firmicutes;Bacilli;Lactobacillales;Carnobacteriaceae;Atopostipes
FN125.3;ASV17;0;FN125;food waste;sorb-;1.25;3;Bacteria;Firmicutes;Bacilli;Lactobacillales;Lactobacillaceae;Lactiplantibacillus
FN125.3;ASV18;0;FN125;food waste;sorb-;1.25;3;Bacteria;Actinobacteriota;Actinobacteria;Actinomycetales;Actinomycetaceae;Actinomyces
FN125.3;ASV19;0;FN125;food waste;sorb-;1.25;3;Bacteria;Proteobacteria;Gammaproteobacteria;Enterobacterales;Morganellaceae;Proteus
FN125.3;ASV20;2843;FN125;food waste;sorb-;1.25;3;Bacteria;Actinobacteriota;Actinobacteria;Corynebacteriales;Corynebacteriaceae;Corynebacterium
FN125.3;ASV21;1;FN125;food waste;sorb-;1.25;3;Bacteria;Firmicutes;Bacilli;Bacillales;Bacillaceae;Bacillus
FN125.3;ASV22;469;FN125;food waste;sorb-;1.25;3;Bacteria;Firmicutes;Bacilli;Lactobacillales;Lactobacillaceae;Lacticaseibacillus
FN125.3;ASV23;740;FN125;food waste;sorb-;1.25;3;Bacteria;Firmicutes;Bacilli;Lactobacillales;Lactobacillaceae;Limosilactobacillus
FN125.3;ASV24;0;FN125;food waste;sorb-;1.25;3;Bacteria;Proteobacteria;Gammaproteobacteria;Enterobacterales;Enterobacteriaceae;Escherichia-Shigella
FN125.3;ASV25;0;FN125;food waste;sorb-;1.25;3;Bacteria;Firmicutes;Bacilli;Lactobacillales;Enterococcaceae;Enterococcus
FN125.3;ASV26;15;FN125;food waste;sorb-;1.25;3;Bacteria;Firmicutes;Bacilli;Lactobacillales;Lactobacillaceae;Leuconostoc
FN125.3;ASV27;0;FN125;food waste;sorb-;1.25;3;Bacteria;Firmicutes;Bacilli;Paenibacillales;Paenibacillaceae;Paenibacillus
FN125.3;ASV28;214;FN125;food waste;sorb-;1.25;3;Bacteria;Firmicutes;Bacilli;Lactobacillales;Lactobacillaceae;Lacticaseibacillus
FN125.3;ASV29;0;FN125;food waste;sorb-;1.25;3;Bacteria;Firmicutes;Bacilli;Bacillales;Bacillaceae;Pseudogracilibacillus
FN125.3;ASV32;36;FN125;food waste;sorb-;1.25;3;Bacteria;Firmicutes;Bacilli;Lactobacillales;Lactobacillaceae;Lactobacillus
FN125.3;ASV33;0;FN125;food waste;sorb-;1.25;3;Bacteria;Firmicutes;Bacilli;Lactobacillales;Streptococcaceae;Streptococcus
FN125.3;ASV34;0;FN125;food waste;sorb-;1.25;3;Bacteria;Proteobacteria;Gammaproteobacteria;Enterobacterales;Enterobacteriaceae;Klebsiella
FN125.3;ASV35;13;FN125;food waste;sorb-;1.25;3;Bacteria;Firmicutes;Bacilli;Lactobacillales;Lactobacillaceae;Weissella
FN125.3;ASV36;0;FN125;food waste;sorb-;1.25;3;Bacteria;Proteobacteria;Gammaproteobacteria;Enterobacterales;Morganellaceae;Providencia
FN125.3;ASV37;7;FN125;food waste;sorb-;1.25;3;Bacteria;Firmicutes;Bacilli;Lactobacillales;Lactobacillaceae;Pediococcus
FN125.3;ASV38;0;FN125;food waste;sorb-;1.25;3;Bacteria;Proteobacteria;Gammaproteobacteria;Enterobacterales;Enterobacteriaceae;Klebsiella
FN125.3;ASV39;0;FN125;food waste;sorb-;1.25;3;Bacteria;Firmicutes;Bacilli;Lactobacillales;Lactobacillaceae;Lactiplantibacillus
FN125.3;ASV40;54;FN125;food waste;sorb-;1.25;3;Bacteria;Actinobacteriota;Actinobacteria;Corynebacteriales;Corynebacteriaceae;Corynebacterium
FN125.3;ASV41;0;FN125;food waste;sorb-;1.25;3;Bacteria;Firmicutes;Clostridia;Clostridiales;Clostridiaceae;Clostridium sensu stricto 18
FN125.3;ASV42;0;FN125;food waste;sorb-;1.25;3;Bacteria;Firmicutes;Bacilli;Lactobacillales;Streptococcaceae;Streptococcus
FN125.3;ASV43;0;FN125;food waste;sorb-;1.25;3;Bacteria;Proteobacteria;Gammaproteobacteria;Enterobacterales;Enterobacteriaceae;Enterobacter*
FN125.3;ASV44;0;FN125;food waste;sorb-;1.25;3;Bacteria;Firmicutes;Bacilli;Lactobacillales;Enterococcaceae;Enterococcus*
FN125.3;ASV47;0;FN125;food waste;sorb-;1.25;3;Bacteria;Firmicutes;Bacilli;Lactobacillales;Lactobacillaceae;Lacticaseibacillus
FN125.3;ASV49;0;FN125;food waste;sorb-;1.25;3;Bacteria;Firmicutes;Bacilli;Bacillales;Bacillaceae;Pseudogracilibacillus
FN125.3;ASV50;0;FN125;food waste;sorb-;1.25;3;Bacteria;Proteobacteria;Gammaproteobacteria;Pseudomonadales;Pseudomonadaceae;Pseudomonas
FN125.3;ASV51;0;FN125;food waste;sorb-;1.25;3;Bacteria;Firmicutes;Bacilli;Lactobacillales;Lactobacillaceae;Leuconostoc
FN125.3;ASV52;0;FN125;food waste;sorb-;1.25;3;Bacteria;Firmicutes;Bacilli;Paenibacillales;Paenibacillaceae;Paenibacillus
FN125.3;ASV53;0;FN125;food waste;sorb-;1.25;3;Bacteria;Actinobacteriota;Actinobacteria;Corynebacteriales;Corynebacteriaceae;Corynebacterium
FN125.3;ASV54;0;FN125;food waste;sorb-;1.25;3;Bacteria;Firmicutes;Bacilli;Bacillales;Planococcaceae;Bacillus*
FN125.3;ASV55;0;FN125;food waste;sorb-;1.25;3;Bacteria;Firmicutes;Bacilli;Bacillales;Bacillaceae;Bacillus
FN125.3;ASV56;112;FN125;food waste;sorb-;1.25;3;Bacteria;Actinobacteriota;Actinobacteria;Corynebacteriales;Corynebacteriaceae;Corynebacterium
FN125.3;ASV57;0;FN125;food waste;sorb-;1.25;3;Bacteria;Proteobacteria;Gammaproteobacteria;Enterobacterales;Morganellaceae;Providencia
FN125.3;ASV58;1;FN125;food waste;sorb-;1.25;3;Bacteria;Actinobacteriota;Actinobacteria;Micrococcales;Brevibacteriaceae;Brevibacterium
FN125.3;ASV59;0;FN125;food waste;sorb-;1.25;3;Bacteria;Firmicutes;Bacilli;Bacillales;Planococcaceae;Solibacillus
FN125.3;ASV61;81;FN125;food waste;sorb-;1.25;3;Bacteria;Actinobacteriota;Actinobacteria;Corynebacteriales;Corynebacteriaceae;Corynebacterium
FN125.3;ASV66;0;FN125;food waste;sorb-;1.25;3;Bacteria;Firmicutes;Bacilli;Staphylococcales;Staphylococcaceae;Staphylococcus
FN125.3;ASV67;0;FN125;food waste;sorb-;1.25;3;Bacteria;Actinobacteriota;Actinobacteria;Micrococcales;Brevibacteriaceae;Brevibacterium
FN125.3;ASV68;0;FN125;food waste;sorb-;1.25;3;Bacteria;Actinobacteriota;Actinobacteria;Micrococcales;Promicromonosporaceae;Cellulosimicrobium
FN125.3;ASV69;0;FN125;food waste;sorb-;1.25;3;Bacteria;Firmicutes;Bacilli;Bacillales;Planococcaceae;Uncult. bacterium*
FN125.3;ASV70;0;FN125;food waste;sorb-;1.25;3;Bacteria;Proteobacteria;Gammaproteobacteria;Xanthomonadales;Xanthomonadaceae;SN8
FN125.3;ASV72;0;FN125;food waste;sorb-;1.25;3;Bacteria;Proteobacteria;Gammaproteobacteria;Pseudomonadales;Pseudomonadaceae;Pseudomonas
FN125.3;ASV73;0;FN125;food waste;sorb-;1.25;3;Bacteria;Proteobacteria;Gammaproteobacteria;Burkholderiales;Burkholderiaceae;Ralstonia
FN125.3;ASV75;0;FN125;food waste;sorb-;1.25;3;Bacteria;Firmicutes;Bacilli;Staphylococcales;Staphylococcaceae;
FN125.3;ASV77;0;FN125;food waste;sorb-;1.25;3;Bacteria;Firmicutes;Bacilli;Bacillales;Planococcaceae;Solibacillus
FN125.3;ASV78;7;FN125;food waste;sorb-;1.25;3;Bacteria;Firmicutes;Bacilli;Lactobacillales;Lactobacillaceae;Secundilactobacillus
FN125.3;ASV79;0;FN125;food waste;sorb-;1.25;3;Bacteria;Proteobacteria;Gammaproteobacteria;Enterobacterales;Enterobacteriaceae;
FN125.3;ASV80;0;FN125;food waste;sorb-;1.25;3;Bacteria;Firmicutes;Bacilli;Lactobacillales;Lactobacillaceae;Leuconostoc
FN125.3;ASV81;0;FN125;food waste;sorb-;1.25;3;Bacteria;Firmicutes;Bacilli;Lactobacillales;Lactobacillaceae;Lactobacillus
FN125.3;ASV83;0;FN125;food waste;sorb-;1.25;3;Bacteria;Proteobacteria;Gammaproteobacteria;Burkholderiales;Comamonadaceae;Delftia
FN125.3;ASV84;0;FN125;food waste;sorb-;1.25;3;Bacteria;Firmicutes;Bacilli;Lactobacillales;Lactobacillaceae;Loigolactobacillus
FN125.3;ASV87;0;FN125;food waste;sorb-;1.25;3;Bacteria;Firmicutes;Bacilli;Lactobacillales;Streptococcaceae;Streptococcus
FN125.3;ASV90;0;FN125;food waste;sorb-;1.25;3;Bacteria;Proteobacteria;Gammaproteobacteria;Xanthomonadales;Xanthomonadaceae;Stenotrophomonas
FN125.3;ASV91;0;FN125;food waste;sorb-;1.25;3;Bacteria;Firmicutes;Bacilli;Staphylococcales;Staphylococcaceae;Staphylococcus
FN125.3;ASV92;0;FN125;food waste;sorb-;1.25;3;Bacteria;Proteobacteria;Gammaproteobacteria;Enterobacterales;Yersiniaceae;Yersinia
FN125.3;ASV93;0;FN125;food waste;sorb-;1.25;3;Bacteria;Firmicutes;Bacilli;Bacillales;Bacillaceae;Oceanobacillus
FN125.3;ASV94;0;FN125;food waste;sorb-;1.25;3;Bacteria;Firmicutes;Bacilli;Lactobacillales;Lactobacillaceae;Levilactobacillus
FN125.3;ASV95;0;FN125;food waste;sorb-;1.25;3;Bacteria;Proteobacteria;Gammaproteobacteria;Pseudomonadales;Moraxellaceae;Psychrobacter
FN125.3;ASV96;0;FN125;food waste;sorb-;1.25;3;Bacteria;Firmicutes;Bacilli;Lactobacillales;Lactobacillaceae;Lactobacillus
FN125.3;ASV97;0;FN125;food waste;sorb-;1.25;3;Bacteria;Firmicutes;Bacilli;Lactobacillales;Lactobacillaceae;Lentilactobacillus
FN125.3;ASV99;0;FN125;food waste;sorb-;1.25;3;Bacteria;Proteobacteria;Alphaproteobacteria;Sphingomonadales;Sphingomonadaceae;Sphingomonas
FN125.3;ASV100;3;FN125;food waste;sorb-;1.25;3;Bacteria;Firmicutes;Bacilli;Lactobacillales;Lactobacillaceae;Lapidilactobacillus
FN125.3;ASV101;0;FN125;food waste;sorb-;1.25;3;Bacteria;Bacteroidota;Bacteroidia;Bacteroidales;Tannerellaceae;Parabacteroides
FN125.3;ASV104;0;FN125;food waste;sorb-;1.25;3;Bacteria;Firmicutes;Bacilli;Lactobacillales;Lactobacillaceae;Lactobacillus
FN125.3;ASV105;0;FN125;food waste;sorb-;1.25;3;Bacteria;Actinobacteriota;Actinobacteria;Micrococcales;Promicromonosporaceae;Cellulosimicrobium
FN125.3;ASV107;0;FN125;food waste;sorb-;1.25;3;Bacteria;Bacteroidota;Bacteroidia;Bacteroidales;Bacteroidaceae;Bacteroides
FN125.3;ASV110;0;FN125;food waste;sorb-;1.25;3;Bacteria;Proteobacteria;Gammaproteobacteria;Enterobacterales;Enterobacteriaceae;
FN125.3;ASV111;0;FN125;food waste;sorb-;1.25;3;Bacteria;Bacteroidota;Bacteroidia;Bacteroidales;Bacteroidaceae;Bacteroides
FN125.3;ASV113;0;FN125;food waste;sorb-;1.25;3;Bacteria;Firmicutes;Bacilli;Staphylococcales;Staphylococcaceae;Jeotgalicoccus
FN125.3;ASV114;0;FN125;food waste;sorb-;1.25;3;Bacteria;Firmicutes;Bacilli;Lactobacillales;Lactobacillaceae;Weissella
FN125.3;ASV115;0;FN125;food waste;sorb-;1.25;3;Bacteria;Proteobacteria;Gammaproteobacteria;Pseudomonadales;Alcanivoracaceae1;Alcanivorax
FN125.3;ASV116;0;FN125;food waste;sorb-;1.25;3;Bacteria;Firmicutes;Bacilli;Lactobacillales;Listeriaceae;Brochothrix
FN125.3;ASV117;0;FN125;food waste;sorb-;1.25;3;Bacteria;Actinobacteriota;Actinobacteria;Corynebacteriales;Corynebacteriaceae;Corynebacterium
FN125.3;ASV119;0;FN125;food waste;sorb-;1.25;3;Bacteria;Proteobacteria;Gammaproteobacteria;Pseudomonadales;Moraxellaceae;Psychrobacter
FN125.3;ASV120;0;FN125;food waste;sorb-;1.25;3;Bacteria;Proteobacteria;Gammaproteobacteria;Burkholderiales;Sutterellaceae;Parasutterella
FN125.3;ASV121;0;FN125;food waste;sorb-;1.25;3;Bacteria;Bacteroidota;Bacteroidia;Bacteroidales;Tannerellaceae;Parabacteroides
FN125.3;ASV122;0;FN125;food waste;sorb-;1.25;3;Bacteria;Proteobacteria;Gammaproteobacteria;Enterobacterales;Vibrionaceae;Photobacterium
FN125.3;ASV123;0;FN125;food waste;sorb-;1.25;3;Bacteria;Proteobacteria;Gammaproteobacteria;Pseudomonadales;Moraxellaceae;Acinetobacter
FN125.3;ASV126;0;FN125;food waste;sorb-;1.25;3;Bacteria;Proteobacteria;Gammaproteobacteria;Enterobacterales;Erwiniaceae;
FN125.3;ASV127;0;FN125;food waste;sorb-;1.25;3;Bacteria;Proteobacteria;Gammaproteobacteria;Pseudomonadales;Moraxellaceae;Acinetobacter
FN125.3;ASV129;0;FN125;food waste;sorb-;1.25;3;Bacteria;Proteobacteria;Alphaproteobacteria;Rhizobiales;Beijerinckiaceae;Methylobacterium-Methylorubrum
FN125.3;ASV130;0;FN125;food waste;sorb-;1.25;3;Bacteria;Proteobacteria;Alphaproteobacteria;Sphingomonadales;Sphingomonadaceae;Sphingomonas
FN125.3;ASV131;0;FN125;food waste;sorb-;1.25;3;Bacteria;Bacteroidota;Bacteroidia;Bacteroidales;Porphyromonadaceae;Porphyromonas
FN125.3;ASV133;0;FN125;food waste;sorb-;1.25;3;Bacteria;Proteobacteria;Gammaproteobacteria;Enterobacterales;Aeromonadaceae;Aeromonas
FN125.3;ASV135;0;FN125;food waste;sorb-;1.25;3;Bacteria;Proteobacteria;Gammaproteobacteria;Pseudomonadales;Moraxellaceae;Acinetobacter
FN125.3;ASV136;0;FN125;food waste;sorb-;1.25;3;Bacteria;Firmicutes;Clostridia;Oscillospirales;Ruminococcaceae;Faecalibacterium
FN125.3;ASV138;0;FN125;food waste;sorb-;1.25;3;Bacteria;Firmicutes;Bacilli;Bacillales;Bacillaceae;Amphibacillus
FN125.3;ASV139;0;FN125;food waste;sorb-;1.25;3;Bacteria;Actinobacteriota;Actinobacteria;Corynebacteriales;Corynebacteriaceae;Corynebacterium
FN125.3;ASV140;0;FN125;food waste;sorb-;1.25;3;Bacteria;Proteobacteria;Gammaproteobacteria;Pseudomonadales;Pseudomonadaceae;Pseudomonas
FN125.3;ASV141;0;FN125;food waste;sorb-;1.25;3;Bacteria;Firmicutes;Bacilli;Lactobacillales;Enterococcaceae;Tetragenococcus
FN125.3;ASV143;0;FN125;food waste;sorb-;1.25;3;Bacteria;Firmicutes;Bacilli;Bacillales;Bacillaceae;Bacillus
FN125.3;ASV144;0;FN125;food waste;sorb-;1.25;3;Bacteria;Proteobacteria;Gammaproteobacteria;Burkholderiales;Sutterellaceae;Parasutterella
FN125.3;ASV149;0;FN125;food waste;sorb-;1.25;3;Bacteria;Firmicutes;Bacilli;Lactobacillales;Lactobacillaceae;Lactobacillus
FN125.3;ASV150;0;FN125;food waste;sorb-;1.25;3;Bacteria;Proteobacteria;Gammaproteobacteria;Pseudomonadales;Moraxellaceae;Acinetobacter
FN125.3;ASV152;0;FN125;food waste;sorb-;1.25;3;Bacteria;Firmicutes;Clostridia;Oscillospirales;Ruminococcaceae;Subdoligranulum
FN125.3;ASV156;0;FN125;food waste;sorb-;1.25;3;Bacteria;Firmicutes;Bacilli;Lactobacillales;Lactobacillaceae;Lactobacillus
FN125.3;ASV157;0;FN125;food waste;sorb-;1.25;3;Bacteria;Proteobacteria;Gammaproteobacteria;Enterobacterales;Yersiniaceae;
FN125.3;ASV158;0;FN125;food waste;sorb-;1.25;3;Bacteria;Firmicutes;Bacilli;Lactobacillales;Lactobacillaceae;Leuconostoc
FN125.3;ASV160;0;FN125;food waste;sorb-;1.25;3;Bacteria;Proteobacteria;Gammaproteobacteria;Burkholderiales;Burkholderiaceae;Ralstonia
FN125.3;ASV161;0;FN125;food waste;sorb-;1.25;3;Bacteria;Proteobacteria;Gammaproteobacteria;Pseudomonadales;Moraxellaceae;Enhydrobacter
FN125.3;ASV162;0;FN125;food waste;sorb-;1.25;3;Bacteria;Proteobacteria;Gammaproteobacteria;Pseudomonadales;Moraxellaceae;Acinetobacter
FN125.3;ASV163;0;FN125;food waste;sorb-;1.25;3;Bacteria;Proteobacteria;Gammaproteobacteria;Enterobacterales;Aeromonadaceae;Aeromonas
FN125.3;ASV166;0;FN125;food waste;sorb-;1.25;3;Bacteria;Firmicutes;Bacilli;Lactobacillales;Lactobacillaceae;Schleiferilactobacillus
FN125.3;ASV168;0;FN125;food waste;sorb-;1.25;3;Bacteria;Firmicutes;Clostridia;Oscillospirales;Oscillospiraceae;Flavonifractor
FN125.3;ASV169;0;FN125;food waste;sorb-;1.25;3;Bacteria;Firmicutes;Clostridia;Oscillospirales;Ruminococcaceae;Faecalibacterium
FN125.3;ASV170;0;FN125;food waste;sorb-;1.25;3;Bacteria;Firmicutes;Bacilli;Lactobacillales;Streptococcaceae;Lactococcus
FN125.3;ASV177;0;FN125;food waste;sorb-;1.25;3;Bacteria;Firmicutes;Bacilli;Lactobacillales;Streptococcaceae;Lactococcus
FN125.3;ASV178;0;FN125;food waste;sorb-;1.25;3;Bacteria;Proteobacteria;Gammaproteobacteria;Burkholderiales;Burkholderiaceae;Burkholderia-Caballeronia-Paraburkholderia
FN125.3;ASV179;0;FN125;food waste;sorb-;1.25;3;Bacteria;Proteobacteria;Gammaproteobacteria;Burkholderiales;Comamonadaceae;Aquabacterium
FN125.3;ASV186;0;FN125;food waste;sorb-;1.25;3;Bacteria;Firmicutes;Bacilli;Paenibacillales;Paenibacillaceae;Paenibacillus
FN125.3;ASV187;0;FN125;food waste;sorb-;1.25;3;Bacteria;Proteobacteria;Gammaproteobacteria;Burkholderiales;Burkholderiaceae;Burkholderia-Caballeronia-Paraburkholderia
FN125.3;ASV188;0;FN125;food waste;sorb-;1.25;3;Bacteria;Firmicutes;Bacilli;Lactobacillales;Lactobacillaceae;Lactobacillus
FN125.3;ASV189;0;FN125;food waste;sorb-;1.25;3;Bacteria;Bacteroidota;Bacteroidia;Bacteroidales;Bacteroidaceae;Bacteroides
FN125.3;ASV190;0;FN125;food waste;sorb-;1.25;3;Bacteria;Firmicutes;Clostridia;Lachnospirales;Lachnospiraceae;Lachnospira
FN125.3;ASV199;0;FN125;food waste;sorb-;1.25;3;Bacteria;Firmicutes;Bacilli;Lactobacillales;Lactobacillaceae;HT002
FN125.3;ASV200;0;FN125;food waste;sorb-;1.25;3;Bacteria;Proteobacteria;Gammaproteobacteria;Enterobacterales;Pseudoalteromonadaceae;Pseudoalteromonas
FN125.3;ASV201;0;FN125;food waste;sorb-;1.25;3;Bacteria;Firmicutes;Clostridia;Lachnospirales;Lachnospiraceae;[Eubacterium] eligens group
FN125.3;ASV202;0;FN125;food waste;sorb-;1.25;3;Bacteria;Proteobacteria;Gammaproteobacteria;Burkholderiales;Sutterellaceae;Parasutterella
FN125.3;ASV203;0;FN125;food waste;sorb-;1.25;3;Bacteria;Firmicutes;Clostridia;Lachnospirales;Lachnospiraceae;[Eubacterium] eligens group
FN125.3;ASV204;0;FN125;food waste;sorb-;1.25;3;Bacteria;Proteobacteria;Gammaproteobacteria;Xanthomonadales;Xanthomonadaceae;
FN125.3;ASV219;0;FN125;food waste;sorb-;1.25;3;Bacteria;Proteobacteria;Gammaproteobacteria;Burkholderiales;Alcaligenaceae;Achromobacter
FN125.3;ASV221;0;FN125;food waste;sorb-;1.25;3;Bacteria;Firmicutes;Bacilli;Lactobacillales;Lactobacillaceae;Lacticaseibacillus
FN125.3;ASV222;0;FN125;food waste;sorb-;1.25;3;Bacteria;Proteobacteria;Gammaproteobacteria;Xanthomonadales;Xanthomonadaceae;Arenimonas
FN125.3;ASV223;0;FN125;food waste;sorb-;1.25;3;Bacteria;Proteobacteria;Gammaproteobacteria;Pseudomonadales;Pseudomonadaceae;Pseudomonas
FN125.3;ASV225;0;FN125;food waste;sorb-;1.25;3;Bacteria;Firmicutes;Bacilli;Lactobacillales;Lactobacillaceae;Weissella
FN125.3;ASV227;0;FN125;food waste;sorb-;1.25;3;Bacteria;Firmicutes;Bacilli;Lactobacillales;Streptococcaceae;
FN125.3;ASV228;0;FN125;food waste;sorb-;1.25;3;Bacteria;Firmicutes;Bacilli;Alicyclobacillales;Alicyclobacillaceae;Alicyclobacillus
FN125.3;ASV230;0;FN125;food waste;sorb-;1.25;3;Bacteria;Firmicutes;Clostridia;Peptostreptococcales-Tissierellales;Family XI;Anaerococcus
FN125.3;ASV232;0;FN125;food waste;sorb-;1.25;3;Bacteria;Firmicutes;Clostridia;Peptostreptococcales-Tissierellales;Clostridiisalibacter;
FN125.3;ASV257;0;FN125;food waste;sorb-;1.25;3;Bacteria;Actinobacteriota;Actinobacteria;Micrococcales;Micrococcaceae;Pseudarthrobacter
FN125.3;ASV258;0;FN125;food waste;sorb-;1.25;3;Bacteria;Firmicutes;Bacilli;Bacillales;Bacillaceae;Oceanobacillus
FN125.3;ASV259;0;FN125;food waste;sorb-;1.25;3;Bacteria;Verrucomicrobiota;Verrucomicrobiae;Pedosphaerales;Pedosphaeraceae;ADurb.Bin063-1
FN125.3;ASV261;0;FN125;food waste;sorb-;1.25;3;Bacteria;Proteobacteria;Gammaproteobacteria;Pseudomonadales;Moraxellaceae;Enhydrobacter
FN125.3;ASV263;0;FN125;food waste;sorb-;1.25;3;Bacteria;Firmicutes;Clostridia;Clostridiales;Clostridiaceae;Clostridium sensu stricto 18
FN125.3;ASV265;0;FN125;food waste;sorb-;1.25;3;Bacteria;Proteobacteria;Gammaproteobacteria;Enterobacterales;Pasteurellaceae;Haemophilus
FN125.3;ASV266;0;FN125;food waste;sorb-;1.25;3;Bacteria;Proteobacteria;Gammaproteobacteria;Burkholderiales;Comamonadaceae;
FN125.3;ASV267;0;FN125;food waste;sorb-;1.25;3;Bacteria;Actinobacteriota;Actinobacteria;Frankiales;Nakamurellaceae;Nakamurella
FN125.3;ASV269;0;FN125;food waste;sorb-;1.25;3;Bacteria;Proteobacteria;Gammaproteobacteria;Burkholderiales;Comamonadaceae;
FN125.3;ASV270;0;FN125;food waste;sorb-;1.25;3;Bacteria;Actinobacteriota;Actinobacteria;Streptomycetales;Streptomycetaceae;Streptomyces
FN125.3;ASV271;0;FN125;food waste;sorb-;1.25;3;Bacteria;Firmicutes;Bacilli;Acholeplasmatales;Acholeplasmataceae;Candidatus Phytoplasma
FN125.3;ASV272;0;FN125;food waste;sorb-;1.25;3;Bacteria;Bacteroidota;Bacteroidia;Bacteroidales;Tannerellaceae;Parabacteroides
FN125.3;ASV275;0;FN125;food waste;sorb-;1.25;3;Bacteria;Firmicutes;Negativicutes;Veillonellales-Selenomonadales;Veillonellaceae;Dialister
FN125.3;ASV277;0;FN125;food waste;sorb-;1.25;3;Bacteria;Firmicutes;Bacilli;Lactobacillales;Carnobacteriaceae;
FN125.3;ASV280;0;FN125;food waste;sorb-;1.25;3;Bacteria;Actinobacteriota;Actinobacteria;Streptomycetales;Streptomycetaceae;Streptomyces
FN125.3;ASV314;0;FN125;food waste;sorb-;1.25;3;Bacteria;Proteobacteria;Gammaproteobacteria;Xanthomonadales;Xanthomonadaceae;Arenimonas
FN125.3;ASV318;0;FN125;food waste;sorb-;1.25;3;Bacteria;Chloroflexi;Chloroflexia;Thermomicrobiales;JG30-KF-CM45;
FN125.3;ASV319;0;FN125;food waste;sorb-;1.25;3;Bacteria;Proteobacteria;Gammaproteobacteria;Xanthomonadales;Xanthomonadaceae;Arenimonas
FN125.3;ASV323;0;FN125;food waste;sorb-;1.25;3;Bacteria;Gemmatimonadota;Gemmatimonadetes;Gemmatimonadales;Gemmatimonadaceae;
FN125.3;ASV326;0;FN125;food waste;sorb-;1.25;3;Bacteria;Proteobacteria;Alphaproteobacteria;Rhizobiales;Rhizobiales Incertae Sedis;Nordella
FN125.3;ASV328;0;FN125;food waste;sorb-;1.25;3;Bacteria;Chloroflexi;Anaerolineae;Anaerolineales;Anaerolineaceae;
FN125.3;ASV329;0;FN125;food waste;sorb-;1.25;3;Bacteria;Proteobacteria;Gammaproteobacteria;Burkholderiales;Oxalobacteraceae;
FN125.3;ASV331;0;FN125;food waste;sorb-;1.25;3;Bacteria;Proteobacteria;Gammaproteobacteria;Steroidobacterales;Woeseiaceae;Woeseia
FN125.3;ASV333;0;FN125;food waste;sorb-;1.25;3;Bacteria;Proteobacteria;Gammaproteobacteria;Xanthomonadales;Xanthomonadaceae;
FN125.3;ASV334;0;FN125;food waste;sorb-;1.25;3;Bacteria;Firmicutes;Clostridia;Lachnospirales;Lachnospiraceae;
FN125.3;ASV336;0;FN125;food waste;sorb-;1.25;3;Bacteria;Bacteroidota;Bacteroidia;Flavobacteriales;Weeksellaceae;Empedobacter
FN125.3;ASV337;0;FN125;food waste;sorb-;1.25;3;Bacteria;Proteobacteria;Alphaproteobacteria;Rhizobiales;Beijerinckiaceae;Microvirga
FN125.3;ASV338;0;FN125;food waste;sorb-;1.25;3;Bacteria;Planctomycetota;Brocadiae;Brocadiales;Brocadiaceae;Candidatus Brocadia
FN125.3;ASV339;0;FN125;food waste;sorb-;1.25;3;Bacteria;Proteobacteria;Alphaproteobacteria;Rhizobiales;Beijerinckiaceae;Methylobacterium-Methylorubrum
FN125.3;ASV340;0;FN125;food waste;sorb-;1.25;3;Bacteria;Proteobacteria;Gammaproteobacteria;Pseudomonadales;Moraxellaceae;Acinetobacter
FN125.3;ASV342;0;FN125;food waste;sorb-;1.25;3;Bacteria;Planctomycetota;Brocadiae;Brocadiales;Brocadiaceae;Candidatus Brocadia
FN125.3;ASV344;0;FN125;food waste;sorb-;1.25;3;Bacteria;Actinobacteriota;Actinobacteria;Frankiales;Nakamurellaceae;Nakamurella
FN125.3;ASV345;0;FN125;food waste;sorb-;1.25;3;Bacteria;Hydrogenedentes;Hydrogenedentia;Hydrogenedentiales;Hydrogenedensaceae;
FN125.3;ASV346;0;FN125;food waste;sorb-;1.25;3;Bacteria;Gemmatimonadota;Gemmatimonadetes;Gemmatimonadales;Gemmatimonadaceae;
FN125.3;ASV352;0;FN125;food waste;sorb-;1.25;3;Bacteria;Proteobacteria;Gammaproteobacteria;Pseudomonadales;Marinobacteraceae;Marinobacter
FN125.3;ASV353;0;FN125;food waste;sorb-;1.25;3;Bacteria;Acidobacteriota;Vicinamibacteria;Vicinamibacterales;Vicinamibacteraceae;
FN125.3;ASV354;0;FN125;food waste;sorb-;1.25;3;Bacteria;Proteobacteria;Gammaproteobacteria;Pseudomonadales;Alcanivoracaceae1;Alcanivorax
FN125.3;ASV355;0;FN125;food waste;sorb-;1.25;3;Bacteria;Actinobacteriota;Acidimicrobiia;Microtrichales;Iamiaceae;Iamia
FN125.3;ASV360;0;FN125;food waste;sorb-;1.25;3;Bacteria;Actinobacteriota;Actinobacteria;Corynebacteriales;Corynebacteriaceae;
FN125.3;ASV361;0;FN125;food waste;sorb-;1.25;3;Bacteria;Proteobacteria;Gammaproteobacteria;Burkholderiales;Alcaligenaceae;Paenalcaligenes
FN250.1;ASV1;39237;FN250;food waste;sorb-;2.5;1;Bacteria;Proteobacteria;Gammaproteobacteria;Enterobacterales;Morganellaceae;Providencia
FN250.1;ASV2;356;FN250;food waste;sorb-;2.5;1;Bacteria;Proteobacteria;Gammaproteobacteria;Enterobacterales;Enterobacteriaceae;Klebsiella
FN250.1;ASV3;758;FN250;food waste;sorb-;2.5;1;Bacteria;Proteobacteria;Gammaproteobacteria;Enterobacterales;Enterobacteriaceae;Enterobacter*
FN250.1;ASV4;208;FN250;food waste;sorb-;2.5;1;Bacteria;Firmicutes;Bacilli;Lactobacillales;Enterococcaceae;Enterococcus
FN250.1;ASV5;469;FN250;food waste;sorb-;2.5;1;Bacteria;Firmicutes;Bacilli;Lactobacillales;Lactobacillaceae;Lactiplantibacillus
FN250.1;ASV6;28;FN250;food waste;sorb-;2.5;1;Bacteria;Firmicutes;Bacilli;Lactobacillales;Lactobacillaceae;Lactobacillus
FN250.1;ASV7;0;FN250;food waste;sorb-;2.5;1;Bacteria;Firmicutes;Bacilli;Lactobacillales;Lactobacillaceae;Weissella
FN250.1;ASV8;44;FN250;food waste;sorb-;2.5;1;Bacteria;Firmicutes;Bacilli;Lactobacillales;Enterococcaceae;Enterococcus
FN250.1;ASV9;53;FN250;food waste;sorb-;2.5;1;Bacteria;Firmicutes;Bacilli;Lactobacillales;Lactobacillaceae;Levilactobacillus
FN250.1;ASV10;0;FN250;food waste;sorb-;2.5;1;Bacteria;Firmicutes;Bacilli;Lactobacillales;Streptococcaceae;Lactococcus
FN250.1;ASV11;15;FN250;food waste;sorb-;2.5;1;Bacteria;Firmicutes;Bacilli;Lactobacillales;Lactobacillaceae;Lactobacillus
FN250.1;ASV12;0;FN250;food waste;sorb-;2.5;1;Bacteria;Firmicutes;Bacilli;Lactobacillales;Lactobacillaceae;Leuconostoc
FN250.1;ASV13;5267;FN250;food waste;sorb-;2.5;1;Bacteria;Firmicutes;Bacilli;Staphylococcales;Staphylococcaceae;Mammaliicoccus*
FN250.1;ASV14;48;FN250;food waste;sorb-;2.5;1;Bacteria;Firmicutes;Bacilli;Lactobacillales;Enterococcaceae;Enterococcus
FN250.1;ASV15;59;FN250;food waste;sorb-;2.5;1;Bacteria;Firmicutes;Bacilli;Lactobacillales;Lactobacillaceae;Lacticaseibacillus
FN250.1;ASV16;0;FN250;food waste;sorb-;2.5;1;Bacteria;Firmicutes;Bacilli;Lactobacillales;Carnobacteriaceae;Atopostipes
FN250.1;ASV17;0;FN250;food waste;sorb-;2.5;1;Bacteria;Firmicutes;Bacilli;Lactobacillales;Lactobacillaceae;Lactiplantibacillus
FN250.1;ASV18;36;FN250;food waste;sorb-;2.5;1;Bacteria;Actinobacteriota;Actinobacteria;Actinomycetales;Actinomycetaceae;Actinomyces
FN250.1;ASV19;0;FN250;food waste;sorb-;2.5;1;Bacteria;Proteobacteria;Gammaproteobacteria;Enterobacterales;Morganellaceae;Proteus
FN250.1;ASV20;0;FN250;food waste;sorb-;2.5;1;Bacteria;Actinobacteriota;Actinobacteria;Corynebacteriales;Corynebacteriaceae;Corynebacterium
FN250.1;ASV21;5;FN250;food waste;sorb-;2.5;1;Bacteria;Firmicutes;Bacilli;Bacillales;Bacillaceae;Bacillus
FN250.1;ASV22;0;FN250;food waste;sorb-;2.5;1;Bacteria;Firmicutes;Bacilli;Lactobacillales;Lactobacillaceae;Lacticaseibacillus
FN250.1;ASV23;13;FN250;food waste;sorb-;2.5;1;Bacteria;Firmicutes;Bacilli;Lactobacillales;Lactobacillaceae;Limosilactobacillus
FN250.1;ASV24;0;FN250;food waste;sorb-;2.5;1;Bacteria;Proteobacteria;Gammaproteobacteria;Enterobacterales;Enterobacteriaceae;Escherichia-Shigella
FN250.1;ASV25;57;FN250;food waste;sorb-;2.5;1;Bacteria;Firmicutes;Bacilli;Lactobacillales;Enterococcaceae;Enterococcus
FN250.1;ASV26;0;FN250;food waste;sorb-;2.5;1;Bacteria;Firmicutes;Bacilli;Lactobacillales;Lactobacillaceae;Leuconostoc
FN250.1;ASV27;0;FN250;food waste;sorb-;2.5;1;Bacteria;Firmicutes;Bacilli;Paenibacillales;Paenibacillaceae;Paenibacillus
FN250.1;ASV28;0;FN250;food waste;sorb-;2.5;1;Bacteria;Firmicutes;Bacilli;Lactobacillales;Lactobacillaceae;Lacticaseibacillus
FN250.1;ASV29;1;FN250;food waste;sorb-;2.5;1;Bacteria;Firmicutes;Bacilli;Bacillales;Bacillaceae;Pseudogracilibacillus
FN250.1;ASV32;0;FN250;food waste;sorb-;2.5;1;Bacteria;Firmicutes;Bacilli;Lactobacillales;Lactobacillaceae;Lactobacillus
FN250.1;ASV33;0;FN250;food waste;sorb-;2.5;1;Bacteria;Firmicutes;Bacilli;Lactobacillales;Streptococcaceae;Streptococcus
FN250.1;ASV34;0;FN250;food waste;sorb-;2.5;1;Bacteria;Proteobacteria;Gammaproteobacteria;Enterobacterales;Enterobacteriaceae;Klebsiella
FN250.1;ASV35;7;FN250;food waste;sorb-;2.5;1;Bacteria;Firmicutes;Bacilli;Lactobacillales;Lactobacillaceae;Weissella
FN250.1;ASV36;0;FN250;food waste;sorb-;2.5;1;Bacteria;Proteobacteria;Gammaproteobacteria;Enterobacterales;Morganellaceae;Providencia
FN250.1;ASV37;0;FN250;food waste;sorb-;2.5;1;Bacteria;Firmicutes;Bacilli;Lactobacillales;Lactobacillaceae;Pediococcus
FN250.1;ASV38;0;FN250;food waste;sorb-;2.5;1;Bacteria;Proteobacteria;Gammaproteobacteria;Enterobacterales;Enterobacteriaceae;Klebsiella
FN250.1;ASV39;0;FN250;food waste;sorb-;2.5;1;Bacteria;Firmicutes;Bacilli;Lactobacillales;Lactobacillaceae;Lactiplantibacillus
FN250.1;ASV40;0;FN250;food waste;sorb-;2.5;1;Bacteria;Actinobacteriota;Actinobacteria;Corynebacteriales;Corynebacteriaceae;Corynebacterium
FN250.1;ASV41;0;FN250;food waste;sorb-;2.5;1;Bacteria;Firmicutes;Clostridia;Clostridiales;Clostridiaceae;Clostridium sensu stricto 18
FN250.1;ASV42;0;FN250;food waste;sorb-;2.5;1;Bacteria;Firmicutes;Bacilli;Lactobacillales;Streptococcaceae;Streptococcus
FN250.1;ASV43;0;FN250;food waste;sorb-;2.5;1;Bacteria;Proteobacteria;Gammaproteobacteria;Enterobacterales;Enterobacteriaceae;Enterobacter*
FN250.1;ASV44;0;FN250;food waste;sorb-;2.5;1;Bacteria;Firmicutes;Bacilli;Lactobacillales;Enterococcaceae;Enterococcus*
FN250.1;ASV47;0;FN250;food waste;sorb-;2.5;1;Bacteria;Firmicutes;Bacilli;Lactobacillales;Lactobacillaceae;Lacticaseibacillus
FN250.1;ASV49;0;FN250;food waste;sorb-;2.5;1;Bacteria;Firmicutes;Bacilli;Bacillales;Bacillaceae;Pseudogracilibacillus
FN250.1;ASV50;0;FN250;food waste;sorb-;2.5;1;Bacteria;Proteobacteria;Gammaproteobacteria;Pseudomonadales;Pseudomonadaceae;Pseudomonas
FN250.1;ASV51;0;FN250;food waste;sorb-;2.5;1;Bacteria;Firmicutes;Bacilli;Lactobacillales;Lactobacillaceae;Leuconostoc
FN250.1;ASV52;0;FN250;food waste;sorb-;2.5;1;Bacteria;Firmicutes;Bacilli;Paenibacillales;Paenibacillaceae;Paenibacillus
FN250.1;ASV53;261;FN250;food waste;sorb-;2.5;1;Bacteria;Actinobacteriota;Actinobacteria;Corynebacteriales;Corynebacteriaceae;Corynebacterium
FN250.1;ASV54;0;FN250;food waste;sorb-;2.5;1;Bacteria;Firmicutes;Bacilli;Bacillales;Planococcaceae;Bacillus*
FN250.1;ASV55;0;FN250;food waste;sorb-;2.5;1;Bacteria;Firmicutes;Bacilli;Bacillales;Bacillaceae;Bacillus
FN250.1;ASV56;0;FN250;food waste;sorb-;2.5;1;Bacteria;Actinobacteriota;Actinobacteria;Corynebacteriales;Corynebacteriaceae;Corynebacterium
FN250.1;ASV57;0;FN250;food waste;sorb-;2.5;1;Bacteria;Proteobacteria;Gammaproteobacteria;Enterobacterales;Morganellaceae;Providencia
FN250.1;ASV58;8;FN250;food waste;sorb-;2.5;1;Bacteria;Actinobacteriota;Actinobacteria;Micrococcales;Brevibacteriaceae;Brevibacterium
FN250.1;ASV59;0;FN250;food waste;sorb-;2.5;1;Bacteria;Firmicutes;Bacilli;Bacillales;Planococcaceae;Solibacillus
FN250.1;ASV61;0;FN250;food waste;sorb-;2.5;1;Bacteria;Actinobacteriota;Actinobacteria;Corynebacteriales;Corynebacteriaceae;Corynebacterium
FN250.1;ASV66;0;FN250;food waste;sorb-;2.5;1;Bacteria;Firmicutes;Bacilli;Staphylococcales;Staphylococcaceae;Staphylococcus
FN250.1;ASV67;24;FN250;food waste;sorb-;2.5;1;Bacteria;Actinobacteriota;Actinobacteria;Micrococcales;Brevibacteriaceae;Brevibacterium
FN250.1;ASV68;0;FN250;food waste;sorb-;2.5;1;Bacteria;Actinobacteriota;Actinobacteria;Micrococcales;Promicromonosporaceae;Cellulosimicrobium
FN250.1;ASV69;0;FN250;food waste;sorb-;2.5;1;Bacteria;Firmicutes;Bacilli;Bacillales;Planococcaceae;Uncult. bacterium*
FN250.1;ASV70;0;FN250;food waste;sorb-;2.5;1;Bacteria;Proteobacteria;Gammaproteobacteria;Xanthomonadales;Xanthomonadaceae;SN8
FN250.1;ASV72;0;FN250;food waste;sorb-;2.5;1;Bacteria;Proteobacteria;Gammaproteobacteria;Pseudomonadales;Pseudomonadaceae;Pseudomonas
FN250.1;ASV73;0;FN250;food waste;sorb-;2.5;1;Bacteria;Proteobacteria;Gammaproteobacteria;Burkholderiales;Burkholderiaceae;Ralstonia
FN250.1;ASV75;0;FN250;food waste;sorb-;2.5;1;Bacteria;Firmicutes;Bacilli;Staphylococcales;Staphylococcaceae;
FN250.1;ASV77;0;FN250;food waste;sorb-;2.5;1;Bacteria;Firmicutes;Bacilli;Bacillales;Planococcaceae;Solibacillus
FN250.1;ASV78;0;FN250;food waste;sorb-;2.5;1;Bacteria;Firmicutes;Bacilli;Lactobacillales;Lactobacillaceae;Secundilactobacillus
FN250.1;ASV79;0;FN250;food waste;sorb-;2.5;1;Bacteria;Proteobacteria;Gammaproteobacteria;Enterobacterales;Enterobacteriaceae;
FN250.1;ASV80;0;FN250;food waste;sorb-;2.5;1;Bacteria;Firmicutes;Bacilli;Lactobacillales;Lactobacillaceae;Leuconostoc
FN250.1;ASV81;0;FN250;food waste;sorb-;2.5;1;Bacteria;Firmicutes;Bacilli;Lactobacillales;Lactobacillaceae;Lactobacillus
FN250.1;ASV83;0;FN250;food waste;sorb-;2.5;1;Bacteria;Proteobacteria;Gammaproteobacteria;Burkholderiales;Comamonadaceae;Delftia
FN250.1;ASV84;0;FN250;food waste;sorb-;2.5;1;Bacteria;Firmicutes;Bacilli;Lactobacillales;Lactobacillaceae;Loigolactobacillus
FN250.1;ASV87;0;FN250;food waste;sorb-;2.5;1;Bacteria;Firmicutes;Bacilli;Lactobacillales;Streptococcaceae;Streptococcus
FN250.1;ASV90;0;FN250;food waste;sorb-;2.5;1;Bacteria;Proteobacteria;Gammaproteobacteria;Xanthomonadales;Xanthomonadaceae;Stenotrophomonas
FN250.1;ASV91;0;FN250;food waste;sorb-;2.5;1;Bacteria;Firmicutes;Bacilli;Staphylococcales;Staphylococcaceae;Staphylococcus
FN250.1;ASV92;0;FN250;food waste;sorb-;2.5;1;Bacteria;Proteobacteria;Gammaproteobacteria;Enterobacterales;Yersiniaceae;Yersinia
FN250.1;ASV93;0;FN250;food waste;sorb-;2.5;1;Bacteria;Firmicutes;Bacilli;Bacillales;Bacillaceae;Oceanobacillus
FN250.1;ASV94;0;FN250;food waste;sorb-;2.5;1;Bacteria;Firmicutes;Bacilli;Lactobacillales;Lactobacillaceae;Levilactobacillus
FN250.1;ASV95;0;FN250;food waste;sorb-;2.5;1;Bacteria;Proteobacteria;Gammaproteobacteria;Pseudomonadales;Moraxellaceae;Psychrobacter
FN250.1;ASV96;0;FN250;food waste;sorb-;2.5;1;Bacteria;Firmicutes;Bacilli;Lactobacillales;Lactobacillaceae;Lactobacillus
FN250.1;ASV97;0;FN250;food waste;sorb-;2.5;1;Bacteria;Firmicutes;Bacilli;Lactobacillales;Lactobacillaceae;Lentilactobacillus
FN250.1;ASV99;0;FN250;food waste;sorb-;2.5;1;Bacteria;Proteobacteria;Alphaproteobacteria;Sphingomonadales;Sphingomonadaceae;Sphingomonas
FN250.1;ASV100;0;FN250;food waste;sorb-;2.5;1;Bacteria;Firmicutes;Bacilli;Lactobacillales;Lactobacillaceae;Lapidilactobacillus
FN250.1;ASV101;0;FN250;food waste;sorb-;2.5;1;Bacteria;Bacteroidota;Bacteroidia;Bacteroidales;Tannerellaceae;Parabacteroides
FN250.1;ASV104;0;FN250;food waste;sorb-;2.5;1;Bacteria;Firmicutes;Bacilli;Lactobacillales;Lactobacillaceae;Lactobacillus
FN250.1;ASV105;0;FN250;food waste;sorb-;2.5;1;Bacteria;Actinobacteriota;Actinobacteria;Micrococcales;Promicromonosporaceae;Cellulosimicrobium
FN250.1;ASV107;0;FN250;food waste;sorb-;2.5;1;Bacteria;Bacteroidota;Bacteroidia;Bacteroidales;Bacteroidaceae;Bacteroides
FN250.1;ASV110;0;FN250;food waste;sorb-;2.5;1;Bacteria;Proteobacteria;Gammaproteobacteria;Enterobacterales;Enterobacteriaceae;
FN250.1;ASV111;0;FN250;food waste;sorb-;2.5;1;Bacteria;Bacteroidota;Bacteroidia;Bacteroidales;Bacteroidaceae;Bacteroides
FN250.1;ASV113;1;FN250;food waste;sorb-;2.5;1;Bacteria;Firmicutes;Bacilli;Staphylococcales;Staphylococcaceae;Jeotgalicoccus
FN250.1;ASV114;0;FN250;food waste;sorb-;2.5;1;Bacteria;Firmicutes;Bacilli;Lactobacillales;Lactobacillaceae;Weissella
FN250.1;ASV115;0;FN250;food waste;sorb-;2.5;1;Bacteria;Proteobacteria;Gammaproteobacteria;Pseudomonadales;Alcanivoracaceae1;Alcanivorax
FN250.1;ASV116;0;FN250;food waste;sorb-;2.5;1;Bacteria;Firmicutes;Bacilli;Lactobacillales;Listeriaceae;Brochothrix
FN250.1;ASV117;0;FN250;food waste;sorb-;2.5;1;Bacteria;Actinobacteriota;Actinobacteria;Corynebacteriales;Corynebacteriaceae;Corynebacterium
FN250.1;ASV119;0;FN250;food waste;sorb-;2.5;1;Bacteria;Proteobacteria;Gammaproteobacteria;Pseudomonadales;Moraxellaceae;Psychrobacter
FN250.1;ASV120;0;FN250;food waste;sorb-;2.5;1;Bacteria;Proteobacteria;Gammaproteobacteria;Burkholderiales;Sutterellaceae;Parasutterella
FN250.1;ASV121;0;FN250;food waste;sorb-;2.5;1;Bacteria;Bacteroidota;Bacteroidia;Bacteroidales;Tannerellaceae;Parabacteroides
FN250.1;ASV122;0;FN250;food waste;sorb-;2.5;1;Bacteria;Proteobacteria;Gammaproteobacteria;Enterobacterales;Vibrionaceae;Photobacterium
FN250.1;ASV123;0;FN250;food waste;sorb-;2.5;1;Bacteria;Proteobacteria;Gammaproteobacteria;Pseudomonadales;Moraxellaceae;Acinetobacter
FN250.1;ASV126;0;FN250;food waste;sorb-;2.5;1;Bacteria;Proteobacteria;Gammaproteobacteria;Enterobacterales;Erwiniaceae;
FN250.1;ASV127;0;FN250;food waste;sorb-;2.5;1;Bacteria;Proteobacteria;Gammaproteobacteria;Pseudomonadales;Moraxellaceae;Acinetobacter
FN250.1;ASV129;0;FN250;food waste;sorb-;2.5;1;Bacteria;Proteobacteria;Alphaproteobacteria;Rhizobiales;Beijerinckiaceae;Methylobacterium-Methylorubrum
FN250.1;ASV130;0;FN250;food waste;sorb-;2.5;1;Bacteria;Proteobacteria;Alphaproteobacteria;Sphingomonadales;Sphingomonadaceae;Sphingomonas
FN250.1;ASV131;0;FN250;food waste;sorb-;2.5;1;Bacteria;Bacteroidota;Bacteroidia;Bacteroidales;Porphyromonadaceae;Porphyromonas
FN250.1;ASV133;0;FN250;food waste;sorb-;2.5;1;Bacteria;Proteobacteria;Gammaproteobacteria;Enterobacterales;Aeromonadaceae;Aeromonas
FN250.1;ASV135;0;FN250;food waste;sorb-;2.5;1;Bacteria;Proteobacteria;Gammaproteobacteria;Pseudomonadales;Moraxellaceae;Acinetobacter
FN250.1;ASV136;0;FN250;food waste;sorb-;2.5;1;Bacteria;Firmicutes;Clostridia;Oscillospirales;Ruminococcaceae;Faecalibacterium
FN250.1;ASV138;0;FN250;food waste;sorb-;2.5;1;Bacteria;Firmicutes;Bacilli;Bacillales;Bacillaceae;Amphibacillus
FN250.1;ASV139;0;FN250;food waste;sorb-;2.5;1;Bacteria;Actinobacteriota;Actinobacteria;Corynebacteriales;Corynebacteriaceae;Corynebacterium
FN250.1;ASV140;0;FN250;food waste;sorb-;2.5;1;Bacteria;Proteobacteria;Gammaproteobacteria;Pseudomonadales;Pseudomonadaceae;Pseudomonas
FN250.1;ASV141;0;FN250;food waste;sorb-;2.5;1;Bacteria;Firmicutes;Bacilli;Lactobacillales;Enterococcaceae;Tetragenococcus
FN250.1;ASV143;0;FN250;food waste;sorb-;2.5;1;Bacteria;Firmicutes;Bacilli;Bacillales;Bacillaceae;Bacillus
FN250.1;ASV144;0;FN250;food waste;sorb-;2.5;1;Bacteria;Proteobacteria;Gammaproteobacteria;Burkholderiales;Sutterellaceae;Parasutterella
FN250.1;ASV149;0;FN250;food waste;sorb-;2.5;1;Bacteria;Firmicutes;Bacilli;Lactobacillales;Lactobacillaceae;Lactobacillus
FN250.1;ASV150;0;FN250;food waste;sorb-;2.5;1;Bacteria;Proteobacteria;Gammaproteobacteria;Pseudomonadales;Moraxellaceae;Acinetobacter
FN250.1;ASV152;0;FN250;food waste;sorb-;2.5;1;Bacteria;Firmicutes;Clostridia;Oscillospirales;Ruminococcaceae;Subdoligranulum
FN250.1;ASV156;0;FN250;food waste;sorb-;2.5;1;Bacteria;Firmicutes;Bacilli;Lactobacillales;Lactobacillaceae;Lactobacillus
FN250.1;ASV157;0;FN250;food waste;sorb-;2.5;1;Bacteria;Proteobacteria;Gammaproteobacteria;Enterobacterales;Yersiniaceae;
FN250.1;ASV158;0;FN250;food waste;sorb-;2.5;1;Bacteria;Firmicutes;Bacilli;Lactobacillales;Lactobacillaceae;Leuconostoc
FN250.1;ASV160;0;FN250;food waste;sorb-;2.5;1;Bacteria;Proteobacteria;Gammaproteobacteria;Burkholderiales;Burkholderiaceae;Ralstonia
FN250.1;ASV161;0;FN250;food waste;sorb-;2.5;1;Bacteria;Proteobacteria;Gammaproteobacteria;Pseudomonadales;Moraxellaceae;Enhydrobacter
FN250.1;ASV162;0;FN250;food waste;sorb-;2.5;1;Bacteria;Proteobacteria;Gammaproteobacteria;Pseudomonadales;Moraxellaceae;Acinetobacter
FN250.1;ASV163;0;FN250;food waste;sorb-;2.5;1;Bacteria;Proteobacteria;Gammaproteobacteria;Enterobacterales;Aeromonadaceae;Aeromonas
FN250.1;ASV166;0;FN250;food waste;sorb-;2.5;1;Bacteria;Firmicutes;Bacilli;Lactobacillales;Lactobacillaceae;Schleiferilactobacillus
FN250.1;ASV168;0;FN250;food waste;sorb-;2.5;1;Bacteria;Firmicutes;Clostridia;Oscillospirales;Oscillospiraceae;Flavonifractor
FN250.1;ASV169;0;FN250;food waste;sorb-;2.5;1;Bacteria;Firmicutes;Clostridia;Oscillospirales;Ruminococcaceae;Faecalibacterium
FN250.1;ASV170;0;FN250;food waste;sorb-;2.5;1;Bacteria;Firmicutes;Bacilli;Lactobacillales;Streptococcaceae;Lactococcus
FN250.1;ASV177;0;FN250;food waste;sorb-;2.5;1;Bacteria;Firmicutes;Bacilli;Lactobacillales;Streptococcaceae;Lactococcus
FN250.1;ASV178;0;FN250;food waste;sorb-;2.5;1;Bacteria;Proteobacteria;Gammaproteobacteria;Burkholderiales;Burkholderiaceae;Burkholderia-Caballeronia-Paraburkholderia
FN250.1;ASV179;0;FN250;food waste;sorb-;2.5;1;Bacteria;Proteobacteria;Gammaproteobacteria;Burkholderiales;Comamonadaceae;Aquabacterium
FN250.1;ASV186;0;FN250;food waste;sorb-;2.5;1;Bacteria;Firmicutes;Bacilli;Paenibacillales;Paenibacillaceae;Paenibacillus
FN250.1;ASV187;0;FN250;food waste;sorb-;2.5;1;Bacteria;Proteobacteria;Gammaproteobacteria;Burkholderiales;Burkholderiaceae;Burkholderia-Caballeronia-Paraburkholderia
FN250.1;ASV188;0;FN250;food waste;sorb-;2.5;1;Bacteria;Firmicutes;Bacilli;Lactobacillales;Lactobacillaceae;Lactobacillus
FN250.1;ASV189;0;FN250;food waste;sorb-;2.5;1;Bacteria;Bacteroidota;Bacteroidia;Bacteroidales;Bacteroidaceae;Bacteroides
FN250.1;ASV190;0;FN250;food waste;sorb-;2.5;1;Bacteria;Firmicutes;Clostridia;Lachnospirales;Lachnospiraceae;Lachnospira
FN250.1;ASV199;0;FN250;food waste;sorb-;2.5;1;Bacteria;Firmicutes;Bacilli;Lactobacillales;Lactobacillaceae;HT002
FN250.1;ASV200;0;FN250;food waste;sorb-;2.5;1;Bacteria;Proteobacteria;Gammaproteobacteria;Enterobacterales;Pseudoalteromonadaceae;Pseudoalteromonas
FN250.1;ASV201;0;FN250;food waste;sorb-;2.5;1;Bacteria;Firmicutes;Clostridia;Lachnospirales;Lachnospiraceae;[Eubacterium] eligens group
FN250.1;ASV202;0;FN250;food waste;sorb-;2.5;1;Bacteria;Proteobacteria;Gammaproteobacteria;Burkholderiales;Sutterellaceae;Parasutterella
FN250.1;ASV203;0;FN250;food waste;sorb-;2.5;1;Bacteria;Firmicutes;Clostridia;Lachnospirales;Lachnospiraceae;[Eubacterium] eligens group
FN250.1;ASV204;0;FN250;food waste;sorb-;2.5;1;Bacteria;Proteobacteria;Gammaproteobacteria;Xanthomonadales;Xanthomonadaceae;
FN250.1;ASV219;0;FN250;food waste;sorb-;2.5;1;Bacteria;Proteobacteria;Gammaproteobacteria;Burkholderiales;Alcaligenaceae;Achromobacter
FN250.1;ASV221;3;FN250;food waste;sorb-;2.5;1;Bacteria;Firmicutes;Bacilli;Lactobacillales;Lactobacillaceae;Lacticaseibacillus
FN250.1;ASV222;0;FN250;food waste;sorb-;2.5;1;Bacteria;Proteobacteria;Gammaproteobacteria;Xanthomonadales;Xanthomonadaceae;Arenimonas
FN250.1;ASV223;0;FN250;food waste;sorb-;2.5;1;Bacteria;Proteobacteria;Gammaproteobacteria;Pseudomonadales;Pseudomonadaceae;Pseudomonas
FN250.1;ASV225;0;FN250;food waste;sorb-;2.5;1;Bacteria;Firmicutes;Bacilli;Lactobacillales;Lactobacillaceae;Weissella
FN250.1;ASV227;0;FN250;food waste;sorb-;2.5;1;Bacteria;Firmicutes;Bacilli;Lactobacillales;Streptococcaceae;
FN250.1;ASV228;0;FN250;food waste;sorb-;2.5;1;Bacteria;Firmicutes;Bacilli;Alicyclobacillales;Alicyclobacillaceae;Alicyclobacillus
FN250.1;ASV230;0;FN250;food waste;sorb-;2.5;1;Bacteria;Firmicutes;Clostridia;Peptostreptococcales-Tissierellales;Family XI;Anaerococcus
FN250.1;ASV232;0;FN250;food waste;sorb-;2.5;1;Bacteria;Firmicutes;Clostridia;Peptostreptococcales-Tissierellales;Clostridiisalibacter;
FN250.1;ASV257;0;FN250;food waste;sorb-;2.5;1;Bacteria;Actinobacteriota;Actinobacteria;Micrococcales;Micrococcaceae;Pseudarthrobacter
FN250.1;ASV258;1;FN250;food waste;sorb-;2.5;1;Bacteria;Firmicutes;Bacilli;Bacillales;Bacillaceae;Oceanobacillus
FN250.1;ASV259;1;FN250;food waste;sorb-;2.5;1;Bacteria;Verrucomicrobiota;Verrucomicrobiae;Pedosphaerales;Pedosphaeraceae;ADurb.Bin063-1
FN250.1;ASV261;0;FN250;food waste;sorb-;2.5;1;Bacteria;Proteobacteria;Gammaproteobacteria;Pseudomonadales;Moraxellaceae;Enhydrobacter
FN250.1;ASV263;0;FN250;food waste;sorb-;2.5;1;Bacteria;Firmicutes;Clostridia;Clostridiales;Clostridiaceae;Clostridium sensu stricto 18
FN250.1;ASV265;0;FN250;food waste;sorb-;2.5;1;Bacteria;Proteobacteria;Gammaproteobacteria;Enterobacterales;Pasteurellaceae;Haemophilus
FN250.1;ASV266;0;FN250;food waste;sorb-;2.5;1;Bacteria;Proteobacteria;Gammaproteobacteria;Burkholderiales;Comamonadaceae;
FN250.1;ASV267;0;FN250;food waste;sorb-;2.5;1;Bacteria;Actinobacteriota;Actinobacteria;Frankiales;Nakamurellaceae;Nakamurella
FN250.1;ASV269;0;FN250;food waste;sorb-;2.5;1;Bacteria;Proteobacteria;Gammaproteobacteria;Burkholderiales;Comamonadaceae;
FN250.1;ASV270;0;FN250;food waste;sorb-;2.5;1;Bacteria;Actinobacteriota;Actinobacteria;Streptomycetales;Streptomycetaceae;Streptomyces
FN250.1;ASV271;0;FN250;food waste;sorb-;2.5;1;Bacteria;Firmicutes;Bacilli;Acholeplasmatales;Acholeplasmataceae;Candidatus Phytoplasma
FN250.1;ASV272;0;FN250;food waste;sorb-;2.5;1;Bacteria;Bacteroidota;Bacteroidia;Bacteroidales;Tannerellaceae;Parabacteroides
FN250.1;ASV275;0;FN250;food waste;sorb-;2.5;1;Bacteria;Firmicutes;Negativicutes;Veillonellales-Selenomonadales;Veillonellaceae;Dialister
FN250.1;ASV277;0;FN250;food waste;sorb-;2.5;1;Bacteria;Firmicutes;Bacilli;Lactobacillales;Carnobacteriaceae;
FN250.1;ASV280;0;FN250;food waste;sorb-;2.5;1;Bacteria;Actinobacteriota;Actinobacteria;Streptomycetales;Streptomycetaceae;Streptomyces
FN250.1;ASV314;0;FN250;food waste;sorb-;2.5;1;Bacteria;Proteobacteria;Gammaproteobacteria;Xanthomonadales;Xanthomonadaceae;Arenimonas
FN250.1;ASV318;0;FN250;food waste;sorb-;2.5;1;Bacteria;Chloroflexi;Chloroflexia;Thermomicrobiales;JG30-KF-CM45;
FN250.1;ASV319;0;FN250;food waste;sorb-;2.5;1;Bacteria;Proteobacteria;Gammaproteobacteria;Xanthomonadales;Xanthomonadaceae;Arenimonas
FN250.1;ASV323;1;FN250;food waste;sorb-;2.5;1;Bacteria;Gemmatimonadota;Gemmatimonadetes;Gemmatimonadales;Gemmatimonadaceae;
FN250.1;ASV326;0;FN250;food waste;sorb-;2.5;1;Bacteria;Proteobacteria;Alphaproteobacteria;Rhizobiales;Rhizobiales Incertae Sedis;Nordella
FN250.1;ASV328;0;FN250;food waste;sorb-;2.5;1;Bacteria;Chloroflexi;Anaerolineae;Anaerolineales;Anaerolineaceae;
FN250.1;ASV329;0;FN250;food waste;sorb-;2.5;1;Bacteria;Proteobacteria;Gammaproteobacteria;Burkholderiales;Oxalobacteraceae;
FN250.1;ASV331;0;FN250;food waste;sorb-;2.5;1;Bacteria;Proteobacteria;Gammaproteobacteria;Steroidobacterales;Woeseiaceae;Woeseia
FN250.1;ASV333;0;FN250;food waste;sorb-;2.5;1;Bacteria;Proteobacteria;Gammaproteobacteria;Xanthomonadales;Xanthomonadaceae;
FN250.1;ASV334;0;FN250;food waste;sorb-;2.5;1;Bacteria;Firmicutes;Clostridia;Lachnospirales;Lachnospiraceae;
FN250.1;ASV336;0;FN250;food waste;sorb-;2.5;1;Bacteria;Bacteroidota;Bacteroidia;Flavobacteriales;Weeksellaceae;Empedobacter
FN250.1;ASV337;0;FN250;food waste;sorb-;2.5;1;Bacteria;Proteobacteria;Alphaproteobacteria;Rhizobiales;Beijerinckiaceae;Microvirga
FN250.1;ASV338;0;FN250;food waste;sorb-;2.5;1;Bacteria;Planctomycetota;Brocadiae;Brocadiales;Brocadiaceae;Candidatus Brocadia
FN250.1;ASV339;0;FN250;food waste;sorb-;2.5;1;Bacteria;Proteobacteria;Alphaproteobacteria;Rhizobiales;Beijerinckiaceae;Methylobacterium-Methylorubrum
FN250.1;ASV340;0;FN250;food waste;sorb-;2.5;1;Bacteria;Proteobacteria;Gammaproteobacteria;Pseudomonadales;Moraxellaceae;Acinetobacter
FN250.1;ASV342;0;FN250;food waste;sorb-;2.5;1;Bacteria;Planctomycetota;Brocadiae;Brocadiales;Brocadiaceae;Candidatus Brocadia
FN250.1;ASV344;0;FN250;food waste;sorb-;2.5;1;Bacteria;Actinobacteriota;Actinobacteria;Frankiales;Nakamurellaceae;Nakamurella
FN250.1;ASV345;0;FN250;food waste;sorb-;2.5;1;Bacteria;Hydrogenedentes;Hydrogenedentia;Hydrogenedentiales;Hydrogenedensaceae;
FN250.1;ASV346;0;FN250;food waste;sorb-;2.5;1;Bacteria;Gemmatimonadota;Gemmatimonadetes;Gemmatimonadales;Gemmatimonadaceae;
FN250.1;ASV352;0;FN250;food waste;sorb-;2.5;1;Bacteria;Proteobacteria;Gammaproteobacteria;Pseudomonadales;Marinobacteraceae;Marinobacter
FN250.1;ASV353;0;FN250;food waste;sorb-;2.5;1;Bacteria;Acidobacteriota;Vicinamibacteria;Vicinamibacterales;Vicinamibacteraceae;
FN250.1;ASV354;0;FN250;food waste;sorb-;2.5;1;Bacteria;Proteobacteria;Gammaproteobacteria;Pseudomonadales;Alcanivoracaceae1;Alcanivorax
FN250.1;ASV355;0;FN250;food waste;sorb-;2.5;1;Bacteria;Actinobacteriota;Acidimicrobiia;Microtrichales;Iamiaceae;Iamia
FN250.1;ASV360;0;FN250;food waste;sorb-;2.5;1;Bacteria;Actinobacteriota;Actinobacteria;Corynebacteriales;Corynebacteriaceae;
FN250.1;ASV361;0;FN250;food waste;sorb-;2.5;1;Bacteria;Proteobacteria;Gammaproteobacteria;Burkholderiales;Alcaligenaceae;Paenalcaligenes
FN250.2;ASV1;35241;FN250;food waste;sorb-;2.5;2;Bacteria;Proteobacteria;Gammaproteobacteria;Enterobacterales;Morganellaceae;Providencia
FN250.2;ASV2;895;FN250;food waste;sorb-;2.5;2;Bacteria;Proteobacteria;Gammaproteobacteria;Enterobacterales;Enterobacteriaceae;Klebsiella
FN250.2;ASV3;852;FN250;food waste;sorb-;2.5;2;Bacteria;Proteobacteria;Gammaproteobacteria;Enterobacterales;Enterobacteriaceae;Enterobacter*
FN250.2;ASV4;238;FN250;food waste;sorb-;2.5;2;Bacteria;Firmicutes;Bacilli;Lactobacillales;Enterococcaceae;Enterococcus
FN250.2;ASV5;552;FN250;food waste;sorb-;2.5;2;Bacteria;Firmicutes;Bacilli;Lactobacillales;Lactobacillaceae;Lactiplantibacillus
FN250.2;ASV6;8;FN250;food waste;sorb-;2.5;2;Bacteria;Firmicutes;Bacilli;Lactobacillales;Lactobacillaceae;Lactobacillus
FN250.2;ASV7;0;FN250;food waste;sorb-;2.5;2;Bacteria;Firmicutes;Bacilli;Lactobacillales;Lactobacillaceae;Weissella
FN250.2;ASV8;25;FN250;food waste;sorb-;2.5;2;Bacteria;Firmicutes;Bacilli;Lactobacillales;Enterococcaceae;Enterococcus
FN250.2;ASV9;15;FN250;food waste;sorb-;2.5;2;Bacteria;Firmicutes;Bacilli;Lactobacillales;Lactobacillaceae;Levilactobacillus
FN250.2;ASV10;0;FN250;food waste;sorb-;2.5;2;Bacteria;Firmicutes;Bacilli;Lactobacillales;Streptococcaceae;Lactococcus
FN250.2;ASV11;35;FN250;food waste;sorb-;2.5;2;Bacteria;Firmicutes;Bacilli;Lactobacillales;Lactobacillaceae;Lactobacillus
FN250.2;ASV12;0;FN250;food waste;sorb-;2.5;2;Bacteria;Firmicutes;Bacilli;Lactobacillales;Lactobacillaceae;Leuconostoc
FN250.2;ASV13;4921;FN250;food waste;sorb-;2.5;2;Bacteria;Firmicutes;Bacilli;Staphylococcales;Staphylococcaceae;Mammaliicoccus*
FN250.2;ASV14;0;FN250;food waste;sorb-;2.5;2;Bacteria;Firmicutes;Bacilli;Lactobacillales;Enterococcaceae;Enterococcus
FN250.2;ASV15;49;FN250;food waste;sorb-;2.5;2;Bacteria;Firmicutes;Bacilli;Lactobacillales;Lactobacillaceae;Lacticaseibacillus
FN250.2;ASV16;0;FN250;food waste;sorb-;2.5;2;Bacteria;Firmicutes;Bacilli;Lactobacillales;Carnobacteriaceae;Atopostipes
FN250.2;ASV17;0;FN250;food waste;sorb-;2.5;2;Bacteria;Firmicutes;Bacilli;Lactobacillales;Lactobacillaceae;Lactiplantibacillus
FN250.2;ASV18;56;FN250;food waste;sorb-;2.5;2;Bacteria;Actinobacteriota;Actinobacteria;Actinomycetales;Actinomycetaceae;Actinomyces
FN250.2;ASV19;0;FN250;food waste;sorb-;2.5;2;Bacteria;Proteobacteria;Gammaproteobacteria;Enterobacterales;Morganellaceae;Proteus
FN250.2;ASV20;0;FN250;food waste;sorb-;2.5;2;Bacteria;Actinobacteriota;Actinobacteria;Corynebacteriales;Corynebacteriaceae;Corynebacterium
FN250.2;ASV21;3;FN250;food waste;sorb-;2.5;2;Bacteria;Firmicutes;Bacilli;Bacillales;Bacillaceae;Bacillus
FN250.2;ASV22;0;FN250;food waste;sorb-;2.5;2;Bacteria;Firmicutes;Bacilli;Lactobacillales;Lactobacillaceae;Lacticaseibacillus
FN250.2;ASV23;13;FN250;food waste;sorb-;2.5;2;Bacteria;Firmicutes;Bacilli;Lactobacillales;Lactobacillaceae;Limosilactobacillus
FN250.2;ASV24;0;FN250;food waste;sorb-;2.5;2;Bacteria;Proteobacteria;Gammaproteobacteria;Enterobacterales;Enterobacteriaceae;Escherichia-Shigella
FN250.2;ASV25;42;FN250;food waste;sorb-;2.5;2;Bacteria;Firmicutes;Bacilli;Lactobacillales;Enterococcaceae;Enterococcus
FN250.2;ASV26;0;FN250;food waste;sorb-;2.5;2;Bacteria;Firmicutes;Bacilli;Lactobacillales;Lactobacillaceae;Leuconostoc
FN250.2;ASV27;0;FN250;food waste;sorb-;2.5;2;Bacteria;Firmicutes;Bacilli;Paenibacillales;Paenibacillaceae;Paenibacillus
FN250.2;ASV28;0;FN250;food waste;sorb-;2.5;2;Bacteria;Firmicutes;Bacilli;Lactobacillales;Lactobacillaceae;Lacticaseibacillus
FN250.2;ASV29;2706;FN250;food waste;sorb-;2.5;2;Bacteria;Firmicutes;Bacilli;Bacillales;Bacillaceae;Pseudogracilibacillus
FN250.2;ASV32;0;FN250;food waste;sorb-;2.5;2;Bacteria;Firmicutes;Bacilli;Lactobacillales;Lactobacillaceae;Lactobacillus
FN250.2;ASV33;0;FN250;food waste;sorb-;2.5;2;Bacteria;Firmicutes;Bacilli;Lactobacillales;Streptococcaceae;Streptococcus
FN250.2;ASV34;37;FN250;food waste;sorb-;2.5;2;Bacteria;Proteobacteria;Gammaproteobacteria;Enterobacterales;Enterobacteriaceae;Klebsiella
FN250.2;ASV35;6;FN250;food waste;sorb-;2.5;2;Bacteria;Firmicutes;Bacilli;Lactobacillales;Lactobacillaceae;Weissella
FN250.2;ASV36;0;FN250;food waste;sorb-;2.5;2;Bacteria;Proteobacteria;Gammaproteobacteria;Enterobacterales;Morganellaceae;Providencia
FN250.2;ASV37;0;FN250;food waste;sorb-;2.5;2;Bacteria;Firmicutes;Bacilli;Lactobacillales;Lactobacillaceae;Pediococcus
FN250.2;ASV38;0;FN250;food waste;sorb-;2.5;2;Bacteria;Proteobacteria;Gammaproteobacteria;Enterobacterales;Enterobacteriaceae;Klebsiella
FN250.2;ASV39;0;FN250;food waste;sorb-;2.5;2;Bacteria;Firmicutes;Bacilli;Lactobacillales;Lactobacillaceae;Lactiplantibacillus
FN250.2;ASV40;0;FN250;food waste;sorb-;2.5;2;Bacteria;Actinobacteriota;Actinobacteria;Corynebacteriales;Corynebacteriaceae;Corynebacterium
FN250.2;ASV41;0;FN250;food waste;sorb-;2.5;2;Bacteria;Firmicutes;Clostridia;Clostridiales;Clostridiaceae;Clostridium sensu stricto 18
FN250.2;ASV42;0;FN250;food waste;sorb-;2.5;2;Bacteria;Firmicutes;Bacilli;Lactobacillales;Streptococcaceae;Streptococcus
FN250.2;ASV43;0;FN250;food waste;sorb-;2.5;2;Bacteria;Proteobacteria;Gammaproteobacteria;Enterobacterales;Enterobacteriaceae;Enterobacter*
FN250.2;ASV44;0;FN250;food waste;sorb-;2.5;2;Bacteria;Firmicutes;Bacilli;Lactobacillales;Enterococcaceae;Enterococcus*
FN250.2;ASV47;0;FN250;food waste;sorb-;2.5;2;Bacteria;Firmicutes;Bacilli;Lactobacillales;Lactobacillaceae;Lacticaseibacillus
FN250.2;ASV49;682;FN250;food waste;sorb-;2.5;2;Bacteria;Firmicutes;Bacilli;Bacillales;Bacillaceae;Pseudogracilibacillus
FN250.2;ASV50;0;FN250;food waste;sorb-;2.5;2;Bacteria;Proteobacteria;Gammaproteobacteria;Pseudomonadales;Pseudomonadaceae;Pseudomonas
FN250.2;ASV51;0;FN250;food waste;sorb-;2.5;2;Bacteria;Firmicutes;Bacilli;Lactobacillales;Lactobacillaceae;Leuconostoc
FN250.2;ASV52;0;FN250;food waste;sorb-;2.5;2;Bacteria;Firmicutes;Bacilli;Paenibacillales;Paenibacillaceae;Paenibacillus
FN250.2;ASV53;116;FN250;food waste;sorb-;2.5;2;Bacteria;Actinobacteriota;Actinobacteria;Corynebacteriales;Corynebacteriaceae;Corynebacterium
FN250.2;ASV54;0;FN250;food waste;sorb-;2.5;2;Bacteria;Firmicutes;Bacilli;Bacillales;Planococcaceae;Bacillus*
FN250.2;ASV55;0;FN250;food waste;sorb-;2.5;2;Bacteria;Firmicutes;Bacilli;Bacillales;Bacillaceae;Bacillus
FN250.2;ASV56;0;FN250;food waste;sorb-;2.5;2;Bacteria;Actinobacteriota;Actinobacteria;Corynebacteriales;Corynebacteriaceae;Corynebacterium
FN250.2;ASV57;0;FN250;food waste;sorb-;2.5;2;Bacteria;Proteobacteria;Gammaproteobacteria;Enterobacterales;Morganellaceae;Providencia
FN250.2;ASV58;294;FN250;food waste;sorb-;2.5;2;Bacteria;Actinobacteriota;Actinobacteria;Micrococcales;Brevibacteriaceae;Brevibacterium
FN250.2;ASV59;0;FN250;food waste;sorb-;2.5;2;Bacteria;Firmicutes;Bacilli;Bacillales;Planococcaceae;Solibacillus
FN250.2;ASV61;0;FN250;food waste;sorb-;2.5;2;Bacteria;Actinobacteriota;Actinobacteria;Corynebacteriales;Corynebacteriaceae;Corynebacterium
FN250.2;ASV66;0;FN250;food waste;sorb-;2.5;2;Bacteria;Firmicutes;Bacilli;Staphylococcales;Staphylococcaceae;Staphylococcus
FN250.2;ASV67;124;FN250;food waste;sorb-;2.5;2;Bacteria;Actinobacteriota;Actinobacteria;Micrococcales;Brevibacteriaceae;Brevibacterium
FN250.2;ASV68;0;FN250;food waste;sorb-;2.5;2;Bacteria;Actinobacteriota;Actinobacteria;Micrococcales;Promicromonosporaceae;Cellulosimicrobium
FN250.2;ASV69;0;FN250;food waste;sorb-;2.5;2;Bacteria;Firmicutes;Bacilli;Bacillales;Planococcaceae;Uncult. bacterium*
FN250.2;ASV70;0;FN250;food waste;sorb-;2.5;2;Bacteria;Proteobacteria;Gammaproteobacteria;Xanthomonadales;Xanthomonadaceae;SN8
FN250.2;ASV72;0;FN250;food waste;sorb-;2.5;2;Bacteria;Proteobacteria;Gammaproteobacteria;Pseudomonadales;Pseudomonadaceae;Pseudomonas
FN250.2;ASV73;0;FN250;food waste;sorb-;2.5;2;Bacteria;Proteobacteria;Gammaproteobacteria;Burkholderiales;Burkholderiaceae;Ralstonia
FN250.2;ASV75;0;FN250;food waste;sorb-;2.5;2;Bacteria;Firmicutes;Bacilli;Staphylococcales;Staphylococcaceae;
FN250.2;ASV77;0;FN250;food waste;sorb-;2.5;2;Bacteria;Firmicutes;Bacilli;Bacillales;Planococcaceae;Solibacillus
FN250.2;ASV78;0;FN250;food waste;sorb-;2.5;2;Bacteria;Firmicutes;Bacilli;Lactobacillales;Lactobacillaceae;Secundilactobacillus
FN250.2;ASV79;0;FN250;food waste;sorb-;2.5;2;Bacteria;Proteobacteria;Gammaproteobacteria;Enterobacterales;Enterobacteriaceae;
FN250.2;ASV80;0;FN250;food waste;sorb-;2.5;2;Bacteria;Firmicutes;Bacilli;Lactobacillales;Lactobacillaceae;Leuconostoc
FN250.2;ASV81;0;FN250;food waste;sorb-;2.5;2;Bacteria;Firmicutes;Bacilli;Lactobacillales;Lactobacillaceae;Lactobacillus
FN250.2;ASV83;0;FN250;food waste;sorb-;2.5;2;Bacteria;Proteobacteria;Gammaproteobacteria;Burkholderiales;Comamonadaceae;Delftia
FN250.2;ASV84;0;FN250;food waste;sorb-;2.5;2;Bacteria;Firmicutes;Bacilli;Lactobacillales;Lactobacillaceae;Loigolactobacillus
FN250.2;ASV87;0;FN250;food waste;sorb-;2.5;2;Bacteria;Firmicutes;Bacilli;Lactobacillales;Streptococcaceae;Streptococcus
FN250.2;ASV90;0;FN250;food waste;sorb-;2.5;2;Bacteria;Proteobacteria;Gammaproteobacteria;Xanthomonadales;Xanthomonadaceae;Stenotrophomonas
FN250.2;ASV91;0;FN250;food waste;sorb-;2.5;2;Bacteria;Firmicutes;Bacilli;Staphylococcales;Staphylococcaceae;Staphylococcus
FN250.2;ASV92;0;FN250;food waste;sorb-;2.5;2;Bacteria;Proteobacteria;Gammaproteobacteria;Enterobacterales;Yersiniaceae;Yersinia
FN250.2;ASV93;32;FN250;food waste;sorb-;2.5;2;Bacteria;Firmicutes;Bacilli;Bacillales;Bacillaceae;Oceanobacillus
FN250.2;ASV94;0;FN250;food waste;sorb-;2.5;2;Bacteria;Firmicutes;Bacilli;Lactobacillales;Lactobacillaceae;Levilactobacillus
FN250.2;ASV95;0;FN250;food waste;sorb-;2.5;2;Bacteria;Proteobacteria;Gammaproteobacteria;Pseudomonadales;Moraxellaceae;Psychrobacter
FN250.2;ASV96;0;FN250;food waste;sorb-;2.5;2;Bacteria;Firmicutes;Bacilli;Lactobacillales;Lactobacillaceae;Lactobacillus
FN250.2;ASV97;0;FN250;food waste;sorb-;2.5;2;Bacteria;Firmicutes;Bacilli;Lactobacillales;Lactobacillaceae;Lentilactobacillus
FN250.2;ASV99;0;FN250;food waste;sorb-;2.5;2;Bacteria;Proteobacteria;Alphaproteobacteria;Sphingomonadales;Sphingomonadaceae;Sphingomonas
FN250.2;ASV100;0;FN250;food waste;sorb-;2.5;2;Bacteria;Firmicutes;Bacilli;Lactobacillales;Lactobacillaceae;Lapidilactobacillus
FN250.2;ASV101;0;FN250;food waste;sorb-;2.5;2;Bacteria;Bacteroidota;Bacteroidia;Bacteroidales;Tannerellaceae;Parabacteroides
FN250.2;ASV104;0;FN250;food waste;sorb-;2.5;2;Bacteria;Firmicutes;Bacilli;Lactobacillales;Lactobacillaceae;Lactobacillus
FN250.2;ASV105;0;FN250;food waste;sorb-;2.5;2;Bacteria;Actinobacteriota;Actinobacteria;Micrococcales;Promicromonosporaceae;Cellulosimicrobium
FN250.2;ASV107;0;FN250;food waste;sorb-;2.5;2;Bacteria;Bacteroidota;Bacteroidia;Bacteroidales;Bacteroidaceae;Bacteroides
FN250.2;ASV110;0;FN250;food waste;sorb-;2.5;2;Bacteria;Proteobacteria;Gammaproteobacteria;Enterobacterales;Enterobacteriaceae;
FN250.2;ASV111;0;FN250;food waste;sorb-;2.5;2;Bacteria;Bacteroidota;Bacteroidia;Bacteroidales;Bacteroidaceae;Bacteroides
FN250.2;ASV113;13;FN250;food waste;sorb-;2.5;2;Bacteria;Firmicutes;Bacilli;Staphylococcales;Staphylococcaceae;Jeotgalicoccus
FN250.2;ASV114;0;FN250;food waste;sorb-;2.5;2;Bacteria;Firmicutes;Bacilli;Lactobacillales;Lactobacillaceae;Weissella
FN250.2;ASV115;0;FN250;food waste;sorb-;2.5;2;Bacteria;Proteobacteria;Gammaproteobacteria;Pseudomonadales;Alcanivoracaceae1;Alcanivorax
FN250.2;ASV116;0;FN250;food waste;sorb-;2.5;2;Bacteria;Firmicutes;Bacilli;Lactobacillales;Listeriaceae;Brochothrix
FN250.2;ASV117;0;FN250;food waste;sorb-;2.5;2;Bacteria;Actinobacteriota;Actinobacteria;Corynebacteriales;Corynebacteriaceae;Corynebacterium
FN250.2;ASV119;0;FN250;food waste;sorb-;2.5;2;Bacteria;Proteobacteria;Gammaproteobacteria;Pseudomonadales;Moraxellaceae;Psychrobacter
FN250.2;ASV120;0;FN250;food waste;sorb-;2.5;2;Bacteria;Proteobacteria;Gammaproteobacteria;Burkholderiales;Sutterellaceae;Parasutterella
FN250.2;ASV121;0;FN250;food waste;sorb-;2.5;2;Bacteria;Bacteroidota;Bacteroidia;Bacteroidales;Tannerellaceae;Parabacteroides
FN250.2;ASV122;0;FN250;food waste;sorb-;2.5;2;Bacteria;Proteobacteria;Gammaproteobacteria;Enterobacterales;Vibrionaceae;Photobacterium
FN250.2;ASV123;0;FN250;food waste;sorb-;2.5;2;Bacteria;Proteobacteria;Gammaproteobacteria;Pseudomonadales;Moraxellaceae;Acinetobacter
FN250.2;ASV126;0;FN250;food waste;sorb-;2.5;2;Bacteria;Proteobacteria;Gammaproteobacteria;Enterobacterales;Erwiniaceae;
FN250.2;ASV127;0;FN250;food waste;sorb-;2.5;2;Bacteria;Proteobacteria;Gammaproteobacteria;Pseudomonadales;Moraxellaceae;Acinetobacter
FN250.2;ASV129;0;FN250;food waste;sorb-;2.5;2;Bacteria;Proteobacteria;Alphaproteobacteria;Rhizobiales;Beijerinckiaceae;Methylobacterium-Methylorubrum
FN250.2;ASV130;0;FN250;food waste;sorb-;2.5;2;Bacteria;Proteobacteria;Alphaproteobacteria;Sphingomonadales;Sphingomonadaceae;Sphingomonas
FN250.2;ASV131;0;FN250;food waste;sorb-;2.5;2;Bacteria;Bacteroidota;Bacteroidia;Bacteroidales;Porphyromonadaceae;Porphyromonas
FN250.2;ASV133;0;FN250;food waste;sorb-;2.5;2;Bacteria;Proteobacteria;Gammaproteobacteria;Enterobacterales;Aeromonadaceae;Aeromonas
FN250.2;ASV135;0;FN250;food waste;sorb-;2.5;2;Bacteria;Proteobacteria;Gammaproteobacteria;Pseudomonadales;Moraxellaceae;Acinetobacter
FN250.2;ASV136;0;FN250;food waste;sorb-;2.5;2;Bacteria;Firmicutes;Clostridia;Oscillospirales;Ruminococcaceae;Faecalibacterium
FN250.2;ASV138;0;FN250;food waste;sorb-;2.5;2;Bacteria;Firmicutes;Bacilli;Bacillales;Bacillaceae;Amphibacillus
FN250.2;ASV139;0;FN250;food waste;sorb-;2.5;2;Bacteria;Actinobacteriota;Actinobacteria;Corynebacteriales;Corynebacteriaceae;Corynebacterium
FN250.2;ASV140;0;FN250;food waste;sorb-;2.5;2;Bacteria;Proteobacteria;Gammaproteobacteria;Pseudomonadales;Pseudomonadaceae;Pseudomonas
FN250.2;ASV141;0;FN250;food waste;sorb-;2.5;2;Bacteria;Firmicutes;Bacilli;Lactobacillales;Enterococcaceae;Tetragenococcus
FN250.2;ASV143;0;FN250;food waste;sorb-;2.5;2;Bacteria;Firmicutes;Bacilli;Bacillales;Bacillaceae;Bacillus
FN250.2;ASV144;0;FN250;food waste;sorb-;2.5;2;Bacteria;Proteobacteria;Gammaproteobacteria;Burkholderiales;Sutterellaceae;Parasutterella
FN250.2;ASV149;0;FN250;food waste;sorb-;2.5;2;Bacteria;Firmicutes;Bacilli;Lactobacillales;Lactobacillaceae;Lactobacillus
FN250.2;ASV150;0;FN250;food waste;sorb-;2.5;2;Bacteria;Proteobacteria;Gammaproteobacteria;Pseudomonadales;Moraxellaceae;Acinetobacter
FN250.2;ASV152;0;FN250;food waste;sorb-;2.5;2;Bacteria;Firmicutes;Clostridia;Oscillospirales;Ruminococcaceae;Subdoligranulum
FN250.2;ASV156;0;FN250;food waste;sorb-;2.5;2;Bacteria;Firmicutes;Bacilli;Lactobacillales;Lactobacillaceae;Lactobacillus
FN250.2;ASV157;0;FN250;food waste;sorb-;2.5;2;Bacteria;Proteobacteria;Gammaproteobacteria;Enterobacterales;Yersiniaceae;
FN250.2;ASV158;0;FN250;food waste;sorb-;2.5;2;Bacteria;Firmicutes;Bacilli;Lactobacillales;Lactobacillaceae;Leuconostoc
FN250.2;ASV160;0;FN250;food waste;sorb-;2.5;2;Bacteria;Proteobacteria;Gammaproteobacteria;Burkholderiales;Burkholderiaceae;Ralstonia
FN250.2;ASV161;0;FN250;food waste;sorb-;2.5;2;Bacteria;Proteobacteria;Gammaproteobacteria;Pseudomonadales;Moraxellaceae;Enhydrobacter
FN250.2;ASV162;0;FN250;food waste;sorb-;2.5;2;Bacteria;Proteobacteria;Gammaproteobacteria;Pseudomonadales;Moraxellaceae;Acinetobacter
FN250.2;ASV163;0;FN250;food waste;sorb-;2.5;2;Bacteria;Proteobacteria;Gammaproteobacteria;Enterobacterales;Aeromonadaceae;Aeromonas
FN250.2;ASV166;0;FN250;food waste;sorb-;2.5;2;Bacteria;Firmicutes;Bacilli;Lactobacillales;Lactobacillaceae;Schleiferilactobacillus
FN250.2;ASV168;0;FN250;food waste;sorb-;2.5;2;Bacteria;Firmicutes;Clostridia;Oscillospirales;Oscillospiraceae;Flavonifractor
FN250.2;ASV169;0;FN250;food waste;sorb-;2.5;2;Bacteria;Firmicutes;Clostridia;Oscillospirales;Ruminococcaceae;Faecalibacterium
FN250.2;ASV170;0;FN250;food waste;sorb-;2.5;2;Bacteria;Firmicutes;Bacilli;Lactobacillales;Streptococcaceae;Lactococcus
FN250.2;ASV177;0;FN250;food waste;sorb-;2.5;2;Bacteria;Firmicutes;Bacilli;Lactobacillales;Streptococcaceae;Lactococcus
FN250.2;ASV178;0;FN250;food waste;sorb-;2.5;2;Bacteria;Proteobacteria;Gammaproteobacteria;Burkholderiales;Burkholderiaceae;Burkholderia-Caballeronia-Paraburkholderia
FN250.2;ASV179;0;FN250;food waste;sorb-;2.5;2;Bacteria;Proteobacteria;Gammaproteobacteria;Burkholderiales;Comamonadaceae;Aquabacterium
FN250.2;ASV186;0;FN250;food waste;sorb-;2.5;2;Bacteria;Firmicutes;Bacilli;Paenibacillales;Paenibacillaceae;Paenibacillus
FN250.2;ASV187;0;FN250;food waste;sorb-;2.5;2;Bacteria;Proteobacteria;Gammaproteobacteria;Burkholderiales;Burkholderiaceae;Burkholderia-Caballeronia-Paraburkholderia
FN250.2;ASV188;0;FN250;food waste;sorb-;2.5;2;Bacteria;Firmicutes;Bacilli;Lactobacillales;Lactobacillaceae;Lactobacillus
FN250.2;ASV189;0;FN250;food waste;sorb-;2.5;2;Bacteria;Bacteroidota;Bacteroidia;Bacteroidales;Bacteroidaceae;Bacteroides
FN250.2;ASV190;0;FN250;food waste;sorb-;2.5;2;Bacteria;Firmicutes;Clostridia;Lachnospirales;Lachnospiraceae;Lachnospira
FN250.2;ASV199;0;FN250;food waste;sorb-;2.5;2;Bacteria;Firmicutes;Bacilli;Lactobacillales;Lactobacillaceae;HT002
FN250.2;ASV200;0;FN250;food waste;sorb-;2.5;2;Bacteria;Proteobacteria;Gammaproteobacteria;Enterobacterales;Pseudoalteromonadaceae;Pseudoalteromonas
FN250.2;ASV201;0;FN250;food waste;sorb-;2.5;2;Bacteria;Firmicutes;Clostridia;Lachnospirales;Lachnospiraceae;[Eubacterium] eligens group
FN250.2;ASV202;0;FN250;food waste;sorb-;2.5;2;Bacteria;Proteobacteria;Gammaproteobacteria;Burkholderiales;Sutterellaceae;Parasutterella
FN250.2;ASV203;0;FN250;food waste;sorb-;2.5;2;Bacteria;Firmicutes;Clostridia;Lachnospirales;Lachnospiraceae;[Eubacterium] eligens group
FN250.2;ASV204;0;FN250;food waste;sorb-;2.5;2;Bacteria;Proteobacteria;Gammaproteobacteria;Xanthomonadales;Xanthomonadaceae;
FN250.2;ASV219;0;FN250;food waste;sorb-;2.5;2;Bacteria;Proteobacteria;Gammaproteobacteria;Burkholderiales;Alcaligenaceae;Achromobacter
FN250.2;ASV221;0;FN250;food waste;sorb-;2.5;2;Bacteria;Firmicutes;Bacilli;Lactobacillales;Lactobacillaceae;Lacticaseibacillus
FN250.2;ASV222;2;FN250;food waste;sorb-;2.5;2;Bacteria;Proteobacteria;Gammaproteobacteria;Xanthomonadales;Xanthomonadaceae;Arenimonas
FN250.2;ASV223;1;FN250;food waste;sorb-;2.5;2;Bacteria;Proteobacteria;Gammaproteobacteria;Pseudomonadales;Pseudomonadaceae;Pseudomonas
FN250.2;ASV225;0;FN250;food waste;sorb-;2.5;2;Bacteria;Firmicutes;Bacilli;Lactobacillales;Lactobacillaceae;Weissella
FN250.2;ASV227;0;FN250;food waste;sorb-;2.5;2;Bacteria;Firmicutes;Bacilli;Lactobacillales;Streptococcaceae;
FN250.2;ASV228;0;FN250;food waste;sorb-;2.5;2;Bacteria;Firmicutes;Bacilli;Alicyclobacillales;Alicyclobacillaceae;Alicyclobacillus
FN250.2;ASV230;0;FN250;food waste;sorb-;2.5;2;Bacteria;Firmicutes;Clostridia;Peptostreptococcales-Tissierellales;Family XI;Anaerococcus
FN250.2;ASV232;0;FN250;food waste;sorb-;2.5;2;Bacteria;Firmicutes;Clostridia;Peptostreptococcales-Tissierellales;Clostridiisalibacter;
FN250.2;ASV257;0;FN250;food waste;sorb-;2.5;2;Bacteria;Actinobacteriota;Actinobacteria;Micrococcales;Micrococcaceae;Pseudarthrobacter
FN250.2;ASV258;0;FN250;food waste;sorb-;2.5;2;Bacteria;Firmicutes;Bacilli;Bacillales;Bacillaceae;Oceanobacillus
FN250.2;ASV259;0;FN250;food waste;sorb-;2.5;2;Bacteria;Verrucomicrobiota;Verrucomicrobiae;Pedosphaerales;Pedosphaeraceae;ADurb.Bin063-1
FN250.2;ASV261;2;FN250;food waste;sorb-;2.5;2;Bacteria;Proteobacteria;Gammaproteobacteria;Pseudomonadales;Moraxellaceae;Enhydrobacter
FN250.2;ASV263;0;FN250;food waste;sorb-;2.5;2;Bacteria;Firmicutes;Clostridia;Clostridiales;Clostridiaceae;Clostridium sensu stricto 18
FN250.2;ASV265;0;FN250;food waste;sorb-;2.5;2;Bacteria;Proteobacteria;Gammaproteobacteria;Enterobacterales;Pasteurellaceae;Haemophilus
FN250.2;ASV266;0;FN250;food waste;sorb-;2.5;2;Bacteria;Proteobacteria;Gammaproteobacteria;Burkholderiales;Comamonadaceae;
FN250.2;ASV267;0;FN250;food waste;sorb-;2.5;2;Bacteria;Actinobacteriota;Actinobacteria;Frankiales;Nakamurellaceae;Nakamurella
FN250.2;ASV269;0;FN250;food waste;sorb-;2.5;2;Bacteria;Proteobacteria;Gammaproteobacteria;Burkholderiales;Comamonadaceae;
FN250.2;ASV270;0;FN250;food waste;sorb-;2.5;2;Bacteria;Actinobacteriota;Actinobacteria;Streptomycetales;Streptomycetaceae;Streptomyces
FN250.2;ASV271;0;FN250;food waste;sorb-;2.5;2;Bacteria;Firmicutes;Bacilli;Acholeplasmatales;Acholeplasmataceae;Candidatus Phytoplasma
FN250.2;ASV272;0;FN250;food waste;sorb-;2.5;2;Bacteria;Bacteroidota;Bacteroidia;Bacteroidales;Tannerellaceae;Parabacteroides
FN250.2;ASV275;0;FN250;food waste;sorb-;2.5;2;Bacteria;Firmicutes;Negativicutes;Veillonellales-Selenomonadales;Veillonellaceae;Dialister
FN250.2;ASV277;0;FN250;food waste;sorb-;2.5;2;Bacteria;Firmicutes;Bacilli;Lactobacillales;Carnobacteriaceae;
FN250.2;ASV280;0;FN250;food waste;sorb-;2.5;2;Bacteria;Actinobacteriota;Actinobacteria;Streptomycetales;Streptomycetaceae;Streptomyces
FN250.2;ASV314;0;FN250;food waste;sorb-;2.5;2;Bacteria;Proteobacteria;Gammaproteobacteria;Xanthomonadales;Xanthomonadaceae;Arenimonas
FN250.2;ASV318;0;FN250;food waste;sorb-;2.5;2;Bacteria;Chloroflexi;Chloroflexia;Thermomicrobiales;JG30-KF-CM45;
FN250.2;ASV319;0;FN250;food waste;sorb-;2.5;2;Bacteria;Proteobacteria;Gammaproteobacteria;Xanthomonadales;Xanthomonadaceae;Arenimonas
FN250.2;ASV323;0;FN250;food waste;sorb-;2.5;2;Bacteria;Gemmatimonadota;Gemmatimonadetes;Gemmatimonadales;Gemmatimonadaceae;
FN250.2;ASV326;1;FN250;food waste;sorb-;2.5;2;Bacteria;Proteobacteria;Alphaproteobacteria;Rhizobiales;Rhizobiales Incertae Sedis;Nordella
FN250.2;ASV328;0;FN250;food waste;sorb-;2.5;2;Bacteria;Chloroflexi;Anaerolineae;Anaerolineales;Anaerolineaceae;
FN250.2;ASV329;0;FN250;food waste;sorb-;2.5;2;Bacteria;Proteobacteria;Gammaproteobacteria;Burkholderiales;Oxalobacteraceae;
FN250.2;ASV331;0;FN250;food waste;sorb-;2.5;2;Bacteria;Proteobacteria;Gammaproteobacteria;Steroidobacterales;Woeseiaceae;Woeseia
FN250.2;ASV333;0;FN250;food waste;sorb-;2.5;2;Bacteria;Proteobacteria;Gammaproteobacteria;Xanthomonadales;Xanthomonadaceae;
FN250.2;ASV334;0;FN250;food waste;sorb-;2.5;2;Bacteria;Firmicutes;Clostridia;Lachnospirales;Lachnospiraceae;
FN250.2;ASV336;0;FN250;food waste;sorb-;2.5;2;Bacteria;Bacteroidota;Bacteroidia;Flavobacteriales;Weeksellaceae;Empedobacter
FN250.2;ASV337;0;FN250;food waste;sorb-;2.5;2;Bacteria;Proteobacteria;Alphaproteobacteria;Rhizobiales;Beijerinckiaceae;Microvirga
FN250.2;ASV338;0;FN250;food waste;sorb-;2.5;2;Bacteria;Planctomycetota;Brocadiae;Brocadiales;Brocadiaceae;Candidatus Brocadia
FN250.2;ASV339;0;FN250;food waste;sorb-;2.5;2;Bacteria;Proteobacteria;Alphaproteobacteria;Rhizobiales;Beijerinckiaceae;Methylobacterium-Methylorubrum
FN250.2;ASV340;0;FN250;food waste;sorb-;2.5;2;Bacteria;Proteobacteria;Gammaproteobacteria;Pseudomonadales;Moraxellaceae;Acinetobacter
FN250.2;ASV342;0;FN250;food waste;sorb-;2.5;2;Bacteria;Planctomycetota;Brocadiae;Brocadiales;Brocadiaceae;Candidatus Brocadia
FN250.2;ASV344;0;FN250;food waste;sorb-;2.5;2;Bacteria;Actinobacteriota;Actinobacteria;Frankiales;Nakamurellaceae;Nakamurella
FN250.2;ASV345;0;FN250;food waste;sorb-;2.5;2;Bacteria;Hydrogenedentes;Hydrogenedentia;Hydrogenedentiales;Hydrogenedensaceae;
FN250.2;ASV346;0;FN250;food waste;sorb-;2.5;2;Bacteria;Gemmatimonadota;Gemmatimonadetes;Gemmatimonadales;Gemmatimonadaceae;
FN250.2;ASV352;0;FN250;food waste;sorb-;2.5;2;Bacteria;Proteobacteria;Gammaproteobacteria;Pseudomonadales;Marinobacteraceae;Marinobacter
FN250.2;ASV353;0;FN250;food waste;sorb-;2.5;2;Bacteria;Acidobacteriota;Vicinamibacteria;Vicinamibacterales;Vicinamibacteraceae;
FN250.2;ASV354;0;FN250;food waste;sorb-;2.5;2;Bacteria;Proteobacteria;Gammaproteobacteria;Pseudomonadales;Alcanivoracaceae1;Alcanivorax
FN250.2;ASV355;0;FN250;food waste;sorb-;2.5;2;Bacteria;Actinobacteriota;Acidimicrobiia;Microtrichales;Iamiaceae;Iamia
FN250.2;ASV360;0;FN250;food waste;sorb-;2.5;2;Bacteria;Actinobacteriota;Actinobacteria;Corynebacteriales;Corynebacteriaceae;
FN250.2;ASV361;0;FN250;food waste;sorb-;2.5;2;Bacteria;Proteobacteria;Gammaproteobacteria;Burkholderiales;Alcaligenaceae;Paenalcaligenes
FN250.3;ASV1;42314;FN250;food waste;sorb-;2.5;3;Bacteria;Proteobacteria;Gammaproteobacteria;Enterobacterales;Morganellaceae;Providencia
FN250.3;ASV2;211;FN250;food waste;sorb-;2.5;3;Bacteria;Proteobacteria;Gammaproteobacteria;Enterobacterales;Enterobacteriaceae;Klebsiella
FN250.3;ASV3;517;FN250;food waste;sorb-;2.5;3;Bacteria;Proteobacteria;Gammaproteobacteria;Enterobacterales;Enterobacteriaceae;Enterobacter*
FN250.3;ASV4;92;FN250;food waste;sorb-;2.5;3;Bacteria;Firmicutes;Bacilli;Lactobacillales;Enterococcaceae;Enterococcus
FN250.3;ASV5;310;FN250;food waste;sorb-;2.5;3;Bacteria;Firmicutes;Bacilli;Lactobacillales;Lactobacillaceae;Lactiplantibacillus
FN250.3;ASV6;5;FN250;food waste;sorb-;2.5;3;Bacteria;Firmicutes;Bacilli;Lactobacillales;Lactobacillaceae;Lactobacillus
FN250.3;ASV7;0;FN250;food waste;sorb-;2.5;3;Bacteria;Firmicutes;Bacilli;Lactobacillales;Lactobacillaceae;Weissella
FN250.3;ASV8;59;FN250;food waste;sorb-;2.5;3;Bacteria;Firmicutes;Bacilli;Lactobacillales;Enterococcaceae;Enterococcus
FN250.3;ASV9;6;FN250;food waste;sorb-;2.5;3;Bacteria;Firmicutes;Bacilli;Lactobacillales;Lactobacillaceae;Levilactobacillus
FN250.3;ASV10;2;FN250;food waste;sorb-;2.5;3;Bacteria;Firmicutes;Bacilli;Lactobacillales;Streptococcaceae;Lactococcus
FN250.3;ASV11;22;FN250;food waste;sorb-;2.5;3;Bacteria;Firmicutes;Bacilli;Lactobacillales;Lactobacillaceae;Lactobacillus
FN250.3;ASV12;0;FN250;food waste;sorb-;2.5;3;Bacteria;Firmicutes;Bacilli;Lactobacillales;Lactobacillaceae;Leuconostoc
FN250.3;ASV13;885;FN250;food waste;sorb-;2.5;3;Bacteria;Firmicutes;Bacilli;Staphylococcales;Staphylococcaceae;Mammaliicoccus*
FN250.3;ASV14;0;FN250;food waste;sorb-;2.5;3;Bacteria;Firmicutes;Bacilli;Lactobacillales;Enterococcaceae;Enterococcus
FN250.3;ASV15;18;FN250;food waste;sorb-;2.5;3;Bacteria;Firmicutes;Bacilli;Lactobacillales;Lactobacillaceae;Lacticaseibacillus
FN250.3;ASV16;517;FN250;food waste;sorb-;2.5;3;Bacteria;Firmicutes;Bacilli;Lactobacillales;Carnobacteriaceae;Atopostipes
FN250.3;ASV17;0;FN250;food waste;sorb-;2.5;3;Bacteria;Firmicutes;Bacilli;Lactobacillales;Lactobacillaceae;Lactiplantibacillus
FN250.3;ASV18;4;FN250;food waste;sorb-;2.5;3;Bacteria;Actinobacteriota;Actinobacteria;Actinomycetales;Actinomycetaceae;Actinomyces
FN250.3;ASV19;661;FN250;food waste;sorb-;2.5;3;Bacteria;Proteobacteria;Gammaproteobacteria;Enterobacterales;Morganellaceae;Proteus
FN250.3;ASV20;0;FN250;food waste;sorb-;2.5;3;Bacteria;Actinobacteriota;Actinobacteria;Corynebacteriales;Corynebacteriaceae;Corynebacterium
FN250.3;ASV21;0;FN250;food waste;sorb-;2.5;3;Bacteria;Firmicutes;Bacilli;Bacillales;Bacillaceae;Bacillus
FN250.3;ASV22;0;FN250;food waste;sorb-;2.5;3;Bacteria;Firmicutes;Bacilli;Lactobacillales;Lactobacillaceae;Lacticaseibacillus
FN250.3;ASV23;4;FN250;food waste;sorb-;2.5;3;Bacteria;Firmicutes;Bacilli;Lactobacillales;Lactobacillaceae;Limosilactobacillus
FN250.3;ASV24;24;FN250;food waste;sorb-;2.5;3;Bacteria;Proteobacteria;Gammaproteobacteria;Enterobacterales;Enterobacteriaceae;Escherichia-Shigella
FN250.3;ASV25;13;FN250;food waste;sorb-;2.5;3;Bacteria;Firmicutes;Bacilli;Lactobacillales;Enterococcaceae;Enterococcus
FN250.3;ASV26;0;FN250;food waste;sorb-;2.5;3;Bacteria;Firmicutes;Bacilli;Lactobacillales;Lactobacillaceae;Leuconostoc
FN250.3;ASV27;5;FN250;food waste;sorb-;2.5;3;Bacteria;Firmicutes;Bacilli;Paenibacillales;Paenibacillaceae;Paenibacillus
FN250.3;ASV28;0;FN250;food waste;sorb-;2.5;3;Bacteria;Firmicutes;Bacilli;Lactobacillales;Lactobacillaceae;Lacticaseibacillus
FN250.3;ASV29;1132;FN250;food waste;sorb-;2.5;3;Bacteria;Firmicutes;Bacilli;Bacillales;Bacillaceae;Pseudogracilibacillus
FN250.3;ASV32;0;FN250;food waste;sorb-;2.5;3;Bacteria;Firmicutes;Bacilli;Lactobacillales;Lactobacillaceae;Lactobacillus
FN250.3;ASV33;0;FN250;food waste;sorb-;2.5;3;Bacteria;Firmicutes;Bacilli;Lactobacillales;Streptococcaceae;Streptococcus
FN250.3;ASV34;0;FN250;food waste;sorb-;2.5;3;Bacteria;Proteobacteria;Gammaproteobacteria;Enterobacterales;Enterobacteriaceae;Klebsiella
FN250.3;ASV35;8;FN250;food waste;sorb-;2.5;3;Bacteria;Firmicutes;Bacilli;Lactobacillales;Lactobacillaceae;Weissella
FN250.3;ASV36;0;FN250;food waste;sorb-;2.5;3;Bacteria;Proteobacteria;Gammaproteobacteria;Enterobacterales;Morganellaceae;Providencia
FN250.3;ASV37;0;FN250;food waste;sorb-;2.5;3;Bacteria;Firmicutes;Bacilli;Lactobacillales;Lactobacillaceae;Pediococcus
FN250.3;ASV38;0;FN250;food waste;sorb-;2.5;3;Bacteria;Proteobacteria;Gammaproteobacteria;Enterobacterales;Enterobacteriaceae;Klebsiella
FN250.3;ASV39;0;FN250;food waste;sorb-;2.5;3;Bacteria;Firmicutes;Bacilli;Lactobacillales;Lactobacillaceae;Lactiplantibacillus
FN250.3;ASV40;0;FN250;food waste;sorb-;2.5;3;Bacteria;Actinobacteriota;Actinobacteria;Corynebacteriales;Corynebacteriaceae;Corynebacterium
FN250.3;ASV41;0;FN250;food waste;sorb-;2.5;3;Bacteria;Firmicutes;Clostridia;Clostridiales;Clostridiaceae;Clostridium sensu stricto 18
FN250.3;ASV42;0;FN250;food waste;sorb-;2.5;3;Bacteria;Firmicutes;Bacilli;Lactobacillales;Streptococcaceae;Streptococcus
FN250.3;ASV43;0;FN250;food waste;sorb-;2.5;3;Bacteria;Proteobacteria;Gammaproteobacteria;Enterobacterales;Enterobacteriaceae;Enterobacter*
FN250.3;ASV44;0;FN250;food waste;sorb-;2.5;3;Bacteria;Firmicutes;Bacilli;Lactobacillales;Enterococcaceae;Enterococcus*
FN250.3;ASV47;0;FN250;food waste;sorb-;2.5;3;Bacteria;Firmicutes;Bacilli;Lactobacillales;Lactobacillaceae;Lacticaseibacillus
FN250.3;ASV49;0;FN250;food waste;sorb-;2.5;3;Bacteria;Firmicutes;Bacilli;Bacillales;Bacillaceae;Pseudogracilibacillus
FN250.3;ASV50;0;FN250;food waste;sorb-;2.5;3;Bacteria;Proteobacteria;Gammaproteobacteria;Pseudomonadales;Pseudomonadaceae;Pseudomonas
FN250.3;ASV51;0;FN250;food waste;sorb-;2.5;3;Bacteria;Firmicutes;Bacilli;Lactobacillales;Lactobacillaceae;Leuconostoc
FN250.3;ASV52;0;FN250;food waste;sorb-;2.5;3;Bacteria;Firmicutes;Bacilli;Paenibacillales;Paenibacillaceae;Paenibacillus
FN250.3;ASV53;10;FN250;food waste;sorb-;2.5;3;Bacteria;Actinobacteriota;Actinobacteria;Corynebacteriales;Corynebacteriaceae;Corynebacterium
FN250.3;ASV54;0;FN250;food waste;sorb-;2.5;3;Bacteria;Firmicutes;Bacilli;Bacillales;Planococcaceae;Bacillus*
FN250.3;ASV55;0;FN250;food waste;sorb-;2.5;3;Bacteria;Firmicutes;Bacilli;Bacillales;Bacillaceae;Bacillus
FN250.3;ASV56;0;FN250;food waste;sorb-;2.5;3;Bacteria;Actinobacteriota;Actinobacteria;Corynebacteriales;Corynebacteriaceae;Corynebacterium
FN250.3;ASV57;0;FN250;food waste;sorb-;2.5;3;Bacteria;Proteobacteria;Gammaproteobacteria;Enterobacterales;Morganellaceae;Providencia
FN250.3;ASV58;4;FN250;food waste;sorb-;2.5;3;Bacteria;Actinobacteriota;Actinobacteria;Micrococcales;Brevibacteriaceae;Brevibacterium
FN250.3;ASV59;0;FN250;food waste;sorb-;2.5;3;Bacteria;Firmicutes;Bacilli;Bacillales;Planococcaceae;Solibacillus
FN250.3;ASV61;0;FN250;food waste;sorb-;2.5;3;Bacteria;Actinobacteriota;Actinobacteria;Corynebacteriales;Corynebacteriaceae;Corynebacterium
FN250.3;ASV66;0;FN250;food waste;sorb-;2.5;3;Bacteria;Firmicutes;Bacilli;Staphylococcales;Staphylococcaceae;Staphylococcus
FN250.3;ASV67;14;FN250;food waste;sorb-;2.5;3;Bacteria;Actinobacteriota;Actinobacteria;Micrococcales;Brevibacteriaceae;Brevibacterium
FN250.3;ASV68;0;FN250;food waste;sorb-;2.5;3;Bacteria;Actinobacteriota;Actinobacteria;Micrococcales;Promicromonosporaceae;Cellulosimicrobium
FN250.3;ASV69;122;FN250;food waste;sorb-;2.5;3;Bacteria;Firmicutes;Bacilli;Bacillales;Planococcaceae;Uncult. bacterium*
FN250.3;ASV70;0;FN250;food waste;sorb-;2.5;3;Bacteria;Proteobacteria;Gammaproteobacteria;Xanthomonadales;Xanthomonadaceae;SN8
FN250.3;ASV72;0;FN250;food waste;sorb-;2.5;3;Bacteria;Proteobacteria;Gammaproteobacteria;Pseudomonadales;Pseudomonadaceae;Pseudomonas
FN250.3;ASV73;0;FN250;food waste;sorb-;2.5;3;Bacteria;Proteobacteria;Gammaproteobacteria;Burkholderiales;Burkholderiaceae;Ralstonia
FN250.3;ASV75;0;FN250;food waste;sorb-;2.5;3;Bacteria;Firmicutes;Bacilli;Staphylococcales;Staphylococcaceae;
FN250.3;ASV77;0;FN250;food waste;sorb-;2.5;3;Bacteria;Firmicutes;Bacilli;Bacillales;Planococcaceae;Solibacillus
FN250.3;ASV78;0;FN250;food waste;sorb-;2.5;3;Bacteria;Firmicutes;Bacilli;Lactobacillales;Lactobacillaceae;Secundilactobacillus
FN250.3;ASV79;0;FN250;food waste;sorb-;2.5;3;Bacteria;Proteobacteria;Gammaproteobacteria;Enterobacterales;Enterobacteriaceae;
FN250.3;ASV80;0;FN250;food waste;sorb-;2.5;3;Bacteria;Firmicutes;Bacilli;Lactobacillales;Lactobacillaceae;Leuconostoc
FN250.3;ASV81;0;FN250;food waste;sorb-;2.5;3;Bacteria;Firmicutes;Bacilli;Lactobacillales;Lactobacillaceae;Lactobacillus
FN250.3;ASV83;0;FN250;food waste;sorb-;2.5;3;Bacteria;Proteobacteria;Gammaproteobacteria;Burkholderiales;Comamonadaceae;Delftia
FN250.3;ASV84;0;FN250;food waste;sorb-;2.5;3;Bacteria;Firmicutes;Bacilli;Lactobacillales;Lactobacillaceae;Loigolactobacillus
FN250.3;ASV87;0;FN250;food waste;sorb-;2.5;3;Bacteria;Firmicutes;Bacilli;Lactobacillales;Streptococcaceae;Streptococcus
FN250.3;ASV90;0;FN250;food waste;sorb-;2.5;3;Bacteria;Proteobacteria;Gammaproteobacteria;Xanthomonadales;Xanthomonadaceae;Stenotrophomonas
FN250.3;ASV91;0;FN250;food waste;sorb-;2.5;3;Bacteria;Firmicutes;Bacilli;Staphylococcales;Staphylococcaceae;Staphylococcus
FN250.3;ASV92;0;FN250;food waste;sorb-;2.5;3;Bacteria;Proteobacteria;Gammaproteobacteria;Enterobacterales;Yersiniaceae;Yersinia
FN250.3;ASV93;0;FN250;food waste;sorb-;2.5;3;Bacteria;Firmicutes;Bacilli;Bacillales;Bacillaceae;Oceanobacillus
FN250.3;ASV94;0;FN250;food waste;sorb-;2.5;3;Bacteria;Firmicutes;Bacilli;Lactobacillales;Lactobacillaceae;Levilactobacillus
FN250.3;ASV95;0;FN250;food waste;sorb-;2.5;3;Bacteria;Proteobacteria;Gammaproteobacteria;Pseudomonadales;Moraxellaceae;Psychrobacter
FN250.3;ASV96;0;FN250;food waste;sorb-;2.5;3;Bacteria;Firmicutes;Bacilli;Lactobacillales;Lactobacillaceae;Lactobacillus
FN250.3;ASV97;0;FN250;food waste;sorb-;2.5;3;Bacteria;Firmicutes;Bacilli;Lactobacillales;Lactobacillaceae;Lentilactobacillus
FN250.3;ASV99;0;FN250;food waste;sorb-;2.5;3;Bacteria;Proteobacteria;Alphaproteobacteria;Sphingomonadales;Sphingomonadaceae;Sphingomonas
FN250.3;ASV100;0;FN250;food waste;sorb-;2.5;3;Bacteria;Firmicutes;Bacilli;Lactobacillales;Lactobacillaceae;Lapidilactobacillus
FN250.3;ASV101;0;FN250;food waste;sorb-;2.5;3;Bacteria;Bacteroidota;Bacteroidia;Bacteroidales;Tannerellaceae;Parabacteroides
FN250.3;ASV104;0;FN250;food waste;sorb-;2.5;3;Bacteria;Firmicutes;Bacilli;Lactobacillales;Lactobacillaceae;Lactobacillus
FN250.3;ASV105;0;FN250;food waste;sorb-;2.5;3;Bacteria;Actinobacteriota;Actinobacteria;Micrococcales;Promicromonosporaceae;Cellulosimicrobium
FN250.3;ASV107;0;FN250;food waste;sorb-;2.5;3;Bacteria;Bacteroidota;Bacteroidia;Bacteroidales;Bacteroidaceae;Bacteroides
FN250.3;ASV110;0;FN250;food waste;sorb-;2.5;3;Bacteria;Proteobacteria;Gammaproteobacteria;Enterobacterales;Enterobacteriaceae;
FN250.3;ASV111;0;FN250;food waste;sorb-;2.5;3;Bacteria;Bacteroidota;Bacteroidia;Bacteroidales;Bacteroidaceae;Bacteroides
FN250.3;ASV113;0;FN250;food waste;sorb-;2.5;3;Bacteria;Firmicutes;Bacilli;Staphylococcales;Staphylococcaceae;Jeotgalicoccus
FN250.3;ASV114;0;FN250;food waste;sorb-;2.5;3;Bacteria;Firmicutes;Bacilli;Lactobacillales;Lactobacillaceae;Weissella
FN250.3;ASV115;0;FN250;food waste;sorb-;2.5;3;Bacteria;Proteobacteria;Gammaproteobacteria;Pseudomonadales;Alcanivoracaceae1;Alcanivorax
FN250.3;ASV116;0;FN250;food waste;sorb-;2.5;3;Bacteria;Firmicutes;Bacilli;Lactobacillales;Listeriaceae;Brochothrix
FN250.3;ASV117;0;FN250;food waste;sorb-;2.5;3;Bacteria;Actinobacteriota;Actinobacteria;Corynebacteriales;Corynebacteriaceae;Corynebacterium
FN250.3;ASV119;0;FN250;food waste;sorb-;2.5;3;Bacteria;Proteobacteria;Gammaproteobacteria;Pseudomonadales;Moraxellaceae;Psychrobacter
FN250.3;ASV120;0;FN250;food waste;sorb-;2.5;3;Bacteria;Proteobacteria;Gammaproteobacteria;Burkholderiales;Sutterellaceae;Parasutterella
FN250.3;ASV121;0;FN250;food waste;sorb-;2.5;3;Bacteria;Bacteroidota;Bacteroidia;Bacteroidales;Tannerellaceae;Parabacteroides
FN250.3;ASV122;0;FN250;food waste;sorb-;2.5;3;Bacteria;Proteobacteria;Gammaproteobacteria;Enterobacterales;Vibrionaceae;Photobacterium
FN250.3;ASV123;0;FN250;food waste;sorb-;2.5;3;Bacteria;Proteobacteria;Gammaproteobacteria;Pseudomonadales;Moraxellaceae;Acinetobacter
FN250.3;ASV126;0;FN250;food waste;sorb-;2.5;3;Bacteria;Proteobacteria;Gammaproteobacteria;Enterobacterales;Erwiniaceae;
FN250.3;ASV127;0;FN250;food waste;sorb-;2.5;3;Bacteria;Proteobacteria;Gammaproteobacteria;Pseudomonadales;Moraxellaceae;Acinetobacter
FN250.3;ASV129;0;FN250;food waste;sorb-;2.5;3;Bacteria;Proteobacteria;Alphaproteobacteria;Rhizobiales;Beijerinckiaceae;Methylobacterium-Methylorubrum
FN250.3;ASV130;0;FN250;food waste;sorb-;2.5;3;Bacteria;Proteobacteria;Alphaproteobacteria;Sphingomonadales;Sphingomonadaceae;Sphingomonas
FN250.3;ASV131;0;FN250;food waste;sorb-;2.5;3;Bacteria;Bacteroidota;Bacteroidia;Bacteroidales;Porphyromonadaceae;Porphyromonas
FN250.3;ASV133;0;FN250;food waste;sorb-;2.5;3;Bacteria;Proteobacteria;Gammaproteobacteria;Enterobacterales;Aeromonadaceae;Aeromonas
FN250.3;ASV135;0;FN250;food waste;sorb-;2.5;3;Bacteria;Proteobacteria;Gammaproteobacteria;Pseudomonadales;Moraxellaceae;Acinetobacter
FN250.3;ASV136;0;FN250;food waste;sorb-;2.5;3;Bacteria;Firmicutes;Clostridia;Oscillospirales;Ruminococcaceae;Faecalibacterium
FN250.3;ASV138;0;FN250;food waste;sorb-;2.5;3;Bacteria;Firmicutes;Bacilli;Bacillales;Bacillaceae;Amphibacillus
FN250.3;ASV139;0;FN250;food waste;sorb-;2.5;3;Bacteria;Actinobacteriota;Actinobacteria;Corynebacteriales;Corynebacteriaceae;Corynebacterium
FN250.3;ASV140;0;FN250;food waste;sorb-;2.5;3;Bacteria;Proteobacteria;Gammaproteobacteria;Pseudomonadales;Pseudomonadaceae;Pseudomonas
FN250.3;ASV141;0;FN250;food waste;sorb-;2.5;3;Bacteria;Firmicutes;Bacilli;Lactobacillales;Enterococcaceae;Tetragenococcus
FN250.3;ASV143;0;FN250;food waste;sorb-;2.5;3;Bacteria;Firmicutes;Bacilli;Bacillales;Bacillaceae;Bacillus
FN250.3;ASV144;0;FN250;food waste;sorb-;2.5;3;Bacteria;Proteobacteria;Gammaproteobacteria;Burkholderiales;Sutterellaceae;Parasutterella
FN250.3;ASV149;0;FN250;food waste;sorb-;2.5;3;Bacteria;Firmicutes;Bacilli;Lactobacillales;Lactobacillaceae;Lactobacillus
FN250.3;ASV150;0;FN250;food waste;sorb-;2.5;3;Bacteria;Proteobacteria;Gammaproteobacteria;Pseudomonadales;Moraxellaceae;Acinetobacter
FN250.3;ASV152;0;FN250;food waste;sorb-;2.5;3;Bacteria;Firmicutes;Clostridia;Oscillospirales;Ruminococcaceae;Subdoligranulum
FN250.3;ASV156;0;FN250;food waste;sorb-;2.5;3;Bacteria;Firmicutes;Bacilli;Lactobacillales;Lactobacillaceae;Lactobacillus
FN250.3;ASV157;0;FN250;food waste;sorb-;2.5;3;Bacteria;Proteobacteria;Gammaproteobacteria;Enterobacterales;Yersiniaceae;
FN250.3;ASV158;0;FN250;food waste;sorb-;2.5;3;Bacteria;Firmicutes;Bacilli;Lactobacillales;Lactobacillaceae;Leuconostoc
FN250.3;ASV160;0;FN250;food waste;sorb-;2.5;3;Bacteria;Proteobacteria;Gammaproteobacteria;Burkholderiales;Burkholderiaceae;Ralstonia
FN250.3;ASV161;0;FN250;food waste;sorb-;2.5;3;Bacteria;Proteobacteria;Gammaproteobacteria;Pseudomonadales;Moraxellaceae;Enhydrobacter
FN250.3;ASV162;0;FN250;food waste;sorb-;2.5;3;Bacteria;Proteobacteria;Gammaproteobacteria;Pseudomonadales;Moraxellaceae;Acinetobacter
FN250.3;ASV163;0;FN250;food waste;sorb-;2.5;3;Bacteria;Proteobacteria;Gammaproteobacteria;Enterobacterales;Aeromonadaceae;Aeromonas
FN250.3;ASV166;0;FN250;food waste;sorb-;2.5;3;Bacteria;Firmicutes;Bacilli;Lactobacillales;Lactobacillaceae;Schleiferilactobacillus
FN250.3;ASV168;0;FN250;food waste;sorb-;2.5;3;Bacteria;Firmicutes;Clostridia;Oscillospirales;Oscillospiraceae;Flavonifractor
FN250.3;ASV169;0;FN250;food waste;sorb-;2.5;3;Bacteria;Firmicutes;Clostridia;Oscillospirales;Ruminococcaceae;Faecalibacterium
FN250.3;ASV170;0;FN250;food waste;sorb-;2.5;3;Bacteria;Firmicutes;Bacilli;Lactobacillales;Streptococcaceae;Lactococcus
FN250.3;ASV177;0;FN250;food waste;sorb-;2.5;3;Bacteria;Firmicutes;Bacilli;Lactobacillales;Streptococcaceae;Lactococcus
FN250.3;ASV178;0;FN250;food waste;sorb-;2.5;3;Bacteria;Proteobacteria;Gammaproteobacteria;Burkholderiales;Burkholderiaceae;Burkholderia-Caballeronia-Paraburkholderia
FN250.3;ASV179;0;FN250;food waste;sorb-;2.5;3;Bacteria;Proteobacteria;Gammaproteobacteria;Burkholderiales;Comamonadaceae;Aquabacterium
FN250.3;ASV186;0;FN250;food waste;sorb-;2.5;3;Bacteria;Firmicutes;Bacilli;Paenibacillales;Paenibacillaceae;Paenibacillus
FN250.3;ASV187;0;FN250;food waste;sorb-;2.5;3;Bacteria;Proteobacteria;Gammaproteobacteria;Burkholderiales;Burkholderiaceae;Burkholderia-Caballeronia-Paraburkholderia
FN250.3;ASV188;0;FN250;food waste;sorb-;2.5;3;Bacteria;Firmicutes;Bacilli;Lactobacillales;Lactobacillaceae;Lactobacillus
FN250.3;ASV189;0;FN250;food waste;sorb-;2.5;3;Bacteria;Bacteroidota;Bacteroidia;Bacteroidales;Bacteroidaceae;Bacteroides
FN250.3;ASV190;0;FN250;food waste;sorb-;2.5;3;Bacteria;Firmicutes;Clostridia;Lachnospirales;Lachnospiraceae;Lachnospira
FN250.3;ASV199;0;FN250;food waste;sorb-;2.5;3;Bacteria;Firmicutes;Bacilli;Lactobacillales;Lactobacillaceae;HT002
FN250.3;ASV200;0;FN250;food waste;sorb-;2.5;3;Bacteria;Proteobacteria;Gammaproteobacteria;Enterobacterales;Pseudoalteromonadaceae;Pseudoalteromonas
FN250.3;ASV201;0;FN250;food waste;sorb-;2.5;3;Bacteria;Firmicutes;Clostridia;Lachnospirales;Lachnospiraceae;[Eubacterium] eligens group
FN250.3;ASV202;0;FN250;food waste;sorb-;2.5;3;Bacteria;Proteobacteria;Gammaproteobacteria;Burkholderiales;Sutterellaceae;Parasutterella
FN250.3;ASV203;0;FN250;food waste;sorb-;2.5;3;Bacteria;Firmicutes;Clostridia;Lachnospirales;Lachnospiraceae;[Eubacterium] eligens group
FN250.3;ASV204;0;FN250;food waste;sorb-;2.5;3;Bacteria;Proteobacteria;Gammaproteobacteria;Xanthomonadales;Xanthomonadaceae;
FN250.3;ASV219;0;FN250;food waste;sorb-;2.5;3;Bacteria;Proteobacteria;Gammaproteobacteria;Burkholderiales;Alcaligenaceae;Achromobacter
FN250.3;ASV221;0;FN250;food waste;sorb-;2.5;3;Bacteria;Firmicutes;Bacilli;Lactobacillales;Lactobacillaceae;Lacticaseibacillus
FN250.3;ASV222;0;FN250;food waste;sorb-;2.5;3;Bacteria;Proteobacteria;Gammaproteobacteria;Xanthomonadales;Xanthomonadaceae;Arenimonas
FN250.3;ASV223;0;FN250;food waste;sorb-;2.5;3;Bacteria;Proteobacteria;Gammaproteobacteria;Pseudomonadales;Pseudomonadaceae;Pseudomonas
FN250.3;ASV225;0;FN250;food waste;sorb-;2.5;3;Bacteria;Firmicutes;Bacilli;Lactobacillales;Lactobacillaceae;Weissella
FN250.3;ASV227;0;FN250;food waste;sorb-;2.5;3;Bacteria;Firmicutes;Bacilli;Lactobacillales;Streptococcaceae;
FN250.3;ASV228;0;FN250;food waste;sorb-;2.5;3;Bacteria;Firmicutes;Bacilli;Alicyclobacillales;Alicyclobacillaceae;Alicyclobacillus
FN250.3;ASV230;0;FN250;food waste;sorb-;2.5;3;Bacteria;Firmicutes;Clostridia;Peptostreptococcales-Tissierellales;Family XI;Anaerococcus
FN250.3;ASV232;0;FN250;food waste;sorb-;2.5;3;Bacteria;Firmicutes;Clostridia;Peptostreptococcales-Tissierellales;Clostridiisalibacter;
FN250.3;ASV257;0;FN250;food waste;sorb-;2.5;3;Bacteria;Actinobacteriota;Actinobacteria;Micrococcales;Micrococcaceae;Pseudarthrobacter
FN250.3;ASV258;0;FN250;food waste;sorb-;2.5;3;Bacteria;Firmicutes;Bacilli;Bacillales;Bacillaceae;Oceanobacillus
FN250.3;ASV259;0;FN250;food waste;sorb-;2.5;3;Bacteria;Verrucomicrobiota;Verrucomicrobiae;Pedosphaerales;Pedosphaeraceae;ADurb.Bin063-1
FN250.3;ASV261;0;FN250;food waste;sorb-;2.5;3;Bacteria;Proteobacteria;Gammaproteobacteria;Pseudomonadales;Moraxellaceae;Enhydrobacter
FN250.3;ASV263;2;FN250;food waste;sorb-;2.5;3;Bacteria;Firmicutes;Clostridia;Clostridiales;Clostridiaceae;Clostridium sensu stricto 18
FN250.3;ASV265;0;FN250;food waste;sorb-;2.5;3;Bacteria;Proteobacteria;Gammaproteobacteria;Enterobacterales;Pasteurellaceae;Haemophilus
FN250.3;ASV266;0;FN250;food waste;sorb-;2.5;3;Bacteria;Proteobacteria;Gammaproteobacteria;Burkholderiales;Comamonadaceae;
FN250.3;ASV267;0;FN250;food waste;sorb-;2.5;3;Bacteria;Actinobacteriota;Actinobacteria;Frankiales;Nakamurellaceae;Nakamurella
FN250.3;ASV269;0;FN250;food waste;sorb-;2.5;3;Bacteria;Proteobacteria;Gammaproteobacteria;Burkholderiales;Comamonadaceae;
FN250.3;ASV270;0;FN250;food waste;sorb-;2.5;3;Bacteria;Actinobacteriota;Actinobacteria;Streptomycetales;Streptomycetaceae;Streptomyces
FN250.3;ASV271;0;FN250;food waste;sorb-;2.5;3;Bacteria;Firmicutes;Bacilli;Acholeplasmatales;Acholeplasmataceae;Candidatus Phytoplasma
FN250.3;ASV272;0;FN250;food waste;sorb-;2.5;3;Bacteria;Bacteroidota;Bacteroidia;Bacteroidales;Tannerellaceae;Parabacteroides
FN250.3;ASV275;0;FN250;food waste;sorb-;2.5;3;Bacteria;Firmicutes;Negativicutes;Veillonellales-Selenomonadales;Veillonellaceae;Dialister
FN250.3;ASV277;0;FN250;food waste;sorb-;2.5;3;Bacteria;Firmicutes;Bacilli;Lactobacillales;Carnobacteriaceae;
FN250.3;ASV280;0;FN250;food waste;sorb-;2.5;3;Bacteria;Actinobacteriota;Actinobacteria;Streptomycetales;Streptomycetaceae;Streptomyces
FN250.3;ASV314;0;FN250;food waste;sorb-;2.5;3;Bacteria;Proteobacteria;Gammaproteobacteria;Xanthomonadales;Xanthomonadaceae;Arenimonas
FN250.3;ASV318;0;FN250;food waste;sorb-;2.5;3;Bacteria;Chloroflexi;Chloroflexia;Thermomicrobiales;JG30-KF-CM45;
FN250.3;ASV319;0;FN250;food waste;sorb-;2.5;3;Bacteria;Proteobacteria;Gammaproteobacteria;Xanthomonadales;Xanthomonadaceae;Arenimonas
FN250.3;ASV323;0;FN250;food waste;sorb-;2.5;3;Bacteria;Gemmatimonadota;Gemmatimonadetes;Gemmatimonadales;Gemmatimonadaceae;
FN250.3;ASV326;0;FN250;food waste;sorb-;2.5;3;Bacteria;Proteobacteria;Alphaproteobacteria;Rhizobiales;Rhizobiales Incertae Sedis;Nordella
FN250.3;ASV328;0;FN250;food waste;sorb-;2.5;3;Bacteria;Chloroflexi;Anaerolineae;Anaerolineales;Anaerolineaceae;
FN250.3;ASV329;0;FN250;food waste;sorb-;2.5;3;Bacteria;Proteobacteria;Gammaproteobacteria;Burkholderiales;Oxalobacteraceae;
FN250.3;ASV331;0;FN250;food waste;sorb-;2.5;3;Bacteria;Proteobacteria;Gammaproteobacteria;Steroidobacterales;Woeseiaceae;Woeseia
FN250.3;ASV333;0;FN250;food waste;sorb-;2.5;3;Bacteria;Proteobacteria;Gammaproteobacteria;Xanthomonadales;Xanthomonadaceae;
FN250.3;ASV334;0;FN250;food waste;sorb-;2.5;3;Bacteria;Firmicutes;Clostridia;Lachnospirales;Lachnospiraceae;
FN250.3;ASV336;0;FN250;food waste;sorb-;2.5;3;Bacteria;Bacteroidota;Bacteroidia;Flavobacteriales;Weeksellaceae;Empedobacter
FN250.3;ASV337;0;FN250;food waste;sorb-;2.5;3;Bacteria;Proteobacteria;Alphaproteobacteria;Rhizobiales;Beijerinckiaceae;Microvirga
FN250.3;ASV338;0;FN250;food waste;sorb-;2.5;3;Bacteria;Planctomycetota;Brocadiae;Brocadiales;Brocadiaceae;Candidatus Brocadia
FN250.3;ASV339;0;FN250;food waste;sorb-;2.5;3;Bacteria;Proteobacteria;Alphaproteobacteria;Rhizobiales;Beijerinckiaceae;Methylobacterium-Methylorubrum
FN250.3;ASV340;0;FN250;food waste;sorb-;2.5;3;Bacteria;Proteobacteria;Gammaproteobacteria;Pseudomonadales;Moraxellaceae;Acinetobacter
FN250.3;ASV342;0;FN250;food waste;sorb-;2.5;3;Bacteria;Planctomycetota;Brocadiae;Brocadiales;Brocadiaceae;Candidatus Brocadia
FN250.3;ASV344;0;FN250;food waste;sorb-;2.5;3;Bacteria;Actinobacteriota;Actinobacteria;Frankiales;Nakamurellaceae;Nakamurella
FN250.3;ASV345;0;FN250;food waste;sorb-;2.5;3;Bacteria;Hydrogenedentes;Hydrogenedentia;Hydrogenedentiales;Hydrogenedensaceae;
FN250.3;ASV346;0;FN250;food waste;sorb-;2.5;3;Bacteria;Gemmatimonadota;Gemmatimonadetes;Gemmatimonadales;Gemmatimonadaceae;
FN250.3;ASV352;0;FN250;food waste;sorb-;2.5;3;Bacteria;Proteobacteria;Gammaproteobacteria;Pseudomonadales;Marinobacteraceae;Marinobacter
FN250.3;ASV353;0;FN250;food waste;sorb-;2.5;3;Bacteria;Acidobacteriota;Vicinamibacteria;Vicinamibacterales;Vicinamibacteraceae;
FN250.3;ASV354;0;FN250;food waste;sorb-;2.5;3;Bacteria;Proteobacteria;Gammaproteobacteria;Pseudomonadales;Alcanivoracaceae1;Alcanivorax
FN250.3;ASV355;0;FN250;food waste;sorb-;2.5;3;Bacteria;Actinobacteriota;Acidimicrobiia;Microtrichales;Iamiaceae;Iamia
FN250.3;ASV360;0;FN250;food waste;sorb-;2.5;3;Bacteria;Actinobacteriota;Actinobacteria;Corynebacteriales;Corynebacteriaceae;
FN250.3;ASV361;0;FN250;food waste;sorb-;2.5;3;Bacteria;Proteobacteria;Gammaproteobacteria;Burkholderiales;Alcaligenaceae;Paenalcaligenes
FN500.1;ASV1;38654;FN500;food waste;sorb-;5;1;Bacteria;Proteobacteria;Gammaproteobacteria;Enterobacterales;Morganellaceae;Providencia
FN500.1;ASV2;333;FN500;food waste;sorb-;5;1;Bacteria;Proteobacteria;Gammaproteobacteria;Enterobacterales;Enterobacteriaceae;Klebsiella
FN500.1;ASV3;1250;FN500;food waste;sorb-;5;1;Bacteria;Proteobacteria;Gammaproteobacteria;Enterobacterales;Enterobacteriaceae;Enterobacter*
FN500.1;ASV4;56;FN500;food waste;sorb-;5;1;Bacteria;Firmicutes;Bacilli;Lactobacillales;Enterococcaceae;Enterococcus
FN500.1;ASV5;183;FN500;food waste;sorb-;5;1;Bacteria;Firmicutes;Bacilli;Lactobacillales;Lactobacillaceae;Lactiplantibacillus
FN500.1;ASV6;28;FN500;food waste;sorb-;5;1;Bacteria;Firmicutes;Bacilli;Lactobacillales;Lactobacillaceae;Lactobacillus
FN500.1;ASV7;0;FN500;food waste;sorb-;5;1;Bacteria;Firmicutes;Bacilli;Lactobacillales;Lactobacillaceae;Weissella
FN500.1;ASV8;22;FN500;food waste;sorb-;5;1;Bacteria;Firmicutes;Bacilli;Lactobacillales;Enterococcaceae;Enterococcus
FN500.1;ASV9;25;FN500;food waste;sorb-;5;1;Bacteria;Firmicutes;Bacilli;Lactobacillales;Lactobacillaceae;Levilactobacillus
FN500.1;ASV10;0;FN500;food waste;sorb-;5;1;Bacteria;Firmicutes;Bacilli;Lactobacillales;Streptococcaceae;Lactococcus
FN500.1;ASV11;12;FN500;food waste;sorb-;5;1;Bacteria;Firmicutes;Bacilli;Lactobacillales;Lactobacillaceae;Lactobacillus
FN500.1;ASV12;0;FN500;food waste;sorb-;5;1;Bacteria;Firmicutes;Bacilli;Lactobacillales;Lactobacillaceae;Leuconostoc
FN500.1;ASV13;285;FN500;food waste;sorb-;5;1;Bacteria;Firmicutes;Bacilli;Staphylococcales;Staphylococcaceae;Mammaliicoccus*
FN500.1;ASV14;0;FN500;food waste;sorb-;5;1;Bacteria;Firmicutes;Bacilli;Lactobacillales;Enterococcaceae;Enterococcus
FN500.1;ASV15;23;FN500;food waste;sorb-;5;1;Bacteria;Firmicutes;Bacilli;Lactobacillales;Lactobacillaceae;Lacticaseibacillus
FN500.1;ASV16;4168;FN500;food waste;sorb-;5;1;Bacteria;Firmicutes;Bacilli;Lactobacillales;Carnobacteriaceae;Atopostipes
FN500.1;ASV17;0;FN500;food waste;sorb-;5;1;Bacteria;Firmicutes;Bacilli;Lactobacillales;Lactobacillaceae;Lactiplantibacillus
FN500.1;ASV18;59;FN500;food waste;sorb-;5;1;Bacteria;Actinobacteriota;Actinobacteria;Actinomycetales;Actinomycetaceae;Actinomyces
FN500.1;ASV19;1598;FN500;food waste;sorb-;5;1;Bacteria;Proteobacteria;Gammaproteobacteria;Enterobacterales;Morganellaceae;Proteus
FN500.1;ASV20;0;FN500;food waste;sorb-;5;1;Bacteria;Actinobacteriota;Actinobacteria;Corynebacteriales;Corynebacteriaceae;Corynebacterium
FN500.1;ASV21;0;FN500;food waste;sorb-;5;1;Bacteria;Firmicutes;Bacilli;Bacillales;Bacillaceae;Bacillus
FN500.1;ASV22;0;FN500;food waste;sorb-;5;1;Bacteria;Firmicutes;Bacilli;Lactobacillales;Lactobacillaceae;Lacticaseibacillus
FN500.1;ASV23;0;FN500;food waste;sorb-;5;1;Bacteria;Firmicutes;Bacilli;Lactobacillales;Lactobacillaceae;Limosilactobacillus
FN500.1;ASV24;182;FN500;food waste;sorb-;5;1;Bacteria;Proteobacteria;Gammaproteobacteria;Enterobacterales;Enterobacteriaceae;Escherichia-Shigella
FN500.1;ASV25;62;FN500;food waste;sorb-;5;1;Bacteria;Firmicutes;Bacilli;Lactobacillales;Enterococcaceae;Enterococcus
FN500.1;ASV26;0;FN500;food waste;sorb-;5;1;Bacteria;Firmicutes;Bacilli;Lactobacillales;Lactobacillaceae;Leuconostoc
FN500.1;ASV27;0;FN500;food waste;sorb-;5;1;Bacteria;Firmicutes;Bacilli;Paenibacillales;Paenibacillaceae;Paenibacillus
FN500.1;ASV28;0;FN500;food waste;sorb-;5;1;Bacteria;Firmicutes;Bacilli;Lactobacillales;Lactobacillaceae;Lacticaseibacillus
FN500.1;ASV29;0;FN500;food waste;sorb-;5;1;Bacteria;Firmicutes;Bacilli;Bacillales;Bacillaceae;Pseudogracilibacillus
FN500.1;ASV32;0;FN500;food waste;sorb-;5;1;Bacteria;Firmicutes;Bacilli;Lactobacillales;Lactobacillaceae;Lactobacillus
FN500.1;ASV33;0;FN500;food waste;sorb-;5;1;Bacteria;Firmicutes;Bacilli;Lactobacillales;Streptococcaceae;Streptococcus
FN500.1;ASV34;20;FN500;food waste;sorb-;5;1;Bacteria;Proteobacteria;Gammaproteobacteria;Enterobacterales;Enterobacteriaceae;Klebsiella
FN500.1;ASV35;0;FN500;food waste;sorb-;5;1;Bacteria;Firmicutes;Bacilli;Lactobacillales;Lactobacillaceae;Weissella
FN500.1;ASV36;0;FN500;food waste;sorb-;5;1;Bacteria;Proteobacteria;Gammaproteobacteria;Enterobacterales;Morganellaceae;Providencia
FN500.1;ASV37;0;FN500;food waste;sorb-;5;1;Bacteria;Firmicutes;Bacilli;Lactobacillales;Lactobacillaceae;Pediococcus
FN500.1;ASV38;0;FN500;food waste;sorb-;5;1;Bacteria;Proteobacteria;Gammaproteobacteria;Enterobacterales;Enterobacteriaceae;Klebsiella
FN500.1;ASV39;0;FN500;food waste;sorb-;5;1;Bacteria;Firmicutes;Bacilli;Lactobacillales;Lactobacillaceae;Lactiplantibacillus
FN500.1;ASV40;0;FN500;food waste;sorb-;5;1;Bacteria;Actinobacteriota;Actinobacteria;Corynebacteriales;Corynebacteriaceae;Corynebacterium
FN500.1;ASV41;0;FN500;food waste;sorb-;5;1;Bacteria;Firmicutes;Clostridia;Clostridiales;Clostridiaceae;Clostridium sensu stricto 18
FN500.1;ASV42;0;FN500;food waste;sorb-;5;1;Bacteria;Firmicutes;Bacilli;Lactobacillales;Streptococcaceae;Streptococcus
FN500.1;ASV43;0;FN500;food waste;sorb-;5;1;Bacteria;Proteobacteria;Gammaproteobacteria;Enterobacterales;Enterobacteriaceae;Enterobacter*
FN500.1;ASV44;0;FN500;food waste;sorb-;5;1;Bacteria;Firmicutes;Bacilli;Lactobacillales;Enterococcaceae;Enterococcus*
FN500.1;ASV47;0;FN500;food waste;sorb-;5;1;Bacteria;Firmicutes;Bacilli;Lactobacillales;Lactobacillaceae;Lacticaseibacillus
FN500.1;ASV49;0;FN500;food waste;sorb-;5;1;Bacteria;Firmicutes;Bacilli;Bacillales;Bacillaceae;Pseudogracilibacillus
FN500.1;ASV50;0;FN500;food waste;sorb-;5;1;Bacteria;Proteobacteria;Gammaproteobacteria;Pseudomonadales;Pseudomonadaceae;Pseudomonas
FN500.1;ASV51;0;FN500;food waste;sorb-;5;1;Bacteria;Firmicutes;Bacilli;Lactobacillales;Lactobacillaceae;Leuconostoc
FN500.1;ASV52;0;FN500;food waste;sorb-;5;1;Bacteria;Firmicutes;Bacilli;Paenibacillales;Paenibacillaceae;Paenibacillus
FN500.1;ASV53;0;FN500;food waste;sorb-;5;1;Bacteria;Actinobacteriota;Actinobacteria;Corynebacteriales;Corynebacteriaceae;Corynebacterium
FN500.1;ASV54;0;FN500;food waste;sorb-;5;1;Bacteria;Firmicutes;Bacilli;Bacillales;Planococcaceae;Bacillus*
FN500.1;ASV55;0;FN500;food waste;sorb-;5;1;Bacteria;Firmicutes;Bacilli;Bacillales;Bacillaceae;Bacillus
FN500.1;ASV56;0;FN500;food waste;sorb-;5;1;Bacteria;Actinobacteriota;Actinobacteria;Corynebacteriales;Corynebacteriaceae;Corynebacterium
FN500.1;ASV57;0;FN500;food waste;sorb-;5;1;Bacteria;Proteobacteria;Gammaproteobacteria;Enterobacterales;Morganellaceae;Providencia
FN500.1;ASV58;0;FN500;food waste;sorb-;5;1;Bacteria;Actinobacteriota;Actinobacteria;Micrococcales;Brevibacteriaceae;Brevibacterium
FN500.1;ASV59;0;FN500;food waste;sorb-;5;1;Bacteria;Firmicutes;Bacilli;Bacillales;Planococcaceae;Solibacillus
FN500.1;ASV61;0;FN500;food waste;sorb-;5;1;Bacteria;Actinobacteriota;Actinobacteria;Corynebacteriales;Corynebacteriaceae;Corynebacterium
FN500.1;ASV66;0;FN500;food waste;sorb-;5;1;Bacteria;Firmicutes;Bacilli;Staphylococcales;Staphylococcaceae;Staphylococcus
FN500.1;ASV67;0;FN500;food waste;sorb-;5;1;Bacteria;Actinobacteriota;Actinobacteria;Micrococcales;Brevibacteriaceae;Brevibacterium
FN500.1;ASV68;0;FN500;food waste;sorb-;5;1;Bacteria;Actinobacteriota;Actinobacteria;Micrococcales;Promicromonosporaceae;Cellulosimicrobium
FN500.1;ASV69;0;FN500;food waste;sorb-;5;1;Bacteria;Firmicutes;Bacilli;Bacillales;Planococcaceae;Uncult. bacterium*
FN500.1;ASV70;0;FN500;food waste;sorb-;5;1;Bacteria;Proteobacteria;Gammaproteobacteria;Xanthomonadales;Xanthomonadaceae;SN8
FN500.1;ASV72;0;FN500;food waste;sorb-;5;1;Bacteria;Proteobacteria;Gammaproteobacteria;Pseudomonadales;Pseudomonadaceae;Pseudomonas
FN500.1;ASV73;0;FN500;food waste;sorb-;5;1;Bacteria;Proteobacteria;Gammaproteobacteria;Burkholderiales;Burkholderiaceae;Ralstonia
FN500.1;ASV75;0;FN500;food waste;sorb-;5;1;Bacteria;Firmicutes;Bacilli;Staphylococcales;Staphylococcaceae;
FN500.1;ASV77;0;FN500;food waste;sorb-;5;1;Bacteria;Firmicutes;Bacilli;Bacillales;Planococcaceae;Solibacillus
FN500.1;ASV78;0;FN500;food waste;sorb-;5;1;Bacteria;Firmicutes;Bacilli;Lactobacillales;Lactobacillaceae;Secundilactobacillus
FN500.1;ASV79;0;FN500;food waste;sorb-;5;1;Bacteria;Proteobacteria;Gammaproteobacteria;Enterobacterales;Enterobacteriaceae;
FN500.1;ASV80;0;FN500;food waste;sorb-;5;1;Bacteria;Firmicutes;Bacilli;Lactobacillales;Lactobacillaceae;Leuconostoc
FN500.1;ASV81;0;FN500;food waste;sorb-;5;1;Bacteria;Firmicutes;Bacilli;Lactobacillales;Lactobacillaceae;Lactobacillus
FN500.1;ASV83;0;FN500;food waste;sorb-;5;1;Bacteria;Proteobacteria;Gammaproteobacteria;Burkholderiales;Comamonadaceae;Delftia
FN500.1;ASV84;0;FN500;food waste;sorb-;5;1;Bacteria;Firmicutes;Bacilli;Lactobacillales;Lactobacillaceae;Loigolactobacillus
FN500.1;ASV87;0;FN500;food waste;sorb-;5;1;Bacteria;Firmicutes;Bacilli;Lactobacillales;Streptococcaceae;Streptococcus
FN500.1;ASV90;0;FN500;food waste;sorb-;5;1;Bacteria;Proteobacteria;Gammaproteobacteria;Xanthomonadales;Xanthomonadaceae;Stenotrophomonas
FN500.1;ASV91;0;FN500;food waste;sorb-;5;1;Bacteria;Firmicutes;Bacilli;Staphylococcales;Staphylococcaceae;Staphylococcus
FN500.1;ASV92;0;FN500;food waste;sorb-;5;1;Bacteria;Proteobacteria;Gammaproteobacteria;Enterobacterales;Yersiniaceae;Yersinia
FN500.1;ASV93;0;FN500;food waste;sorb-;5;1;Bacteria;Firmicutes;Bacilli;Bacillales;Bacillaceae;Oceanobacillus
FN500.1;ASV94;0;FN500;food waste;sorb-;5;1;Bacteria;Firmicutes;Bacilli;Lactobacillales;Lactobacillaceae;Levilactobacillus
FN500.1;ASV95;0;FN500;food waste;sorb-;5;1;Bacteria;Proteobacteria;Gammaproteobacteria;Pseudomonadales;Moraxellaceae;Psychrobacter
FN500.1;ASV96;0;FN500;food waste;sorb-;5;1;Bacteria;Firmicutes;Bacilli;Lactobacillales;Lactobacillaceae;Lactobacillus
FN500.1;ASV97;0;FN500;food waste;sorb-;5;1;Bacteria;Firmicutes;Bacilli;Lactobacillales;Lactobacillaceae;Lentilactobacillus
FN500.1;ASV99;0;FN500;food waste;sorb-;5;1;Bacteria;Proteobacteria;Alphaproteobacteria;Sphingomonadales;Sphingomonadaceae;Sphingomonas
FN500.1;ASV100;0;FN500;food waste;sorb-;5;1;Bacteria;Firmicutes;Bacilli;Lactobacillales;Lactobacillaceae;Lapidilactobacillus
FN500.1;ASV101;0;FN500;food waste;sorb-;5;1;Bacteria;Bacteroidota;Bacteroidia;Bacteroidales;Tannerellaceae;Parabacteroides
FN500.1;ASV104;0;FN500;food waste;sorb-;5;1;Bacteria;Firmicutes;Bacilli;Lactobacillales;Lactobacillaceae;Lactobacillus
FN500.1;ASV105;0;FN500;food waste;sorb-;5;1;Bacteria;Actinobacteriota;Actinobacteria;Micrococcales;Promicromonosporaceae;Cellulosimicrobium
FN500.1;ASV107;0;FN500;food waste;sorb-;5;1;Bacteria;Bacteroidota;Bacteroidia;Bacteroidales;Bacteroidaceae;Bacteroides
FN500.1;ASV110;0;FN500;food waste;sorb-;5;1;Bacteria;Proteobacteria;Gammaproteobacteria;Enterobacterales;Enterobacteriaceae;
FN500.1;ASV111;0;FN500;food waste;sorb-;5;1;Bacteria;Bacteroidota;Bacteroidia;Bacteroidales;Bacteroidaceae;Bacteroides
FN500.1;ASV113;0;FN500;food waste;sorb-;5;1;Bacteria;Firmicutes;Bacilli;Staphylococcales;Staphylococcaceae;Jeotgalicoccus
FN500.1;ASV114;0;FN500;food waste;sorb-;5;1;Bacteria;Firmicutes;Bacilli;Lactobacillales;Lactobacillaceae;Weissella
FN500.1;ASV115;0;FN500;food waste;sorb-;5;1;Bacteria;Proteobacteria;Gammaproteobacteria;Pseudomonadales;Alcanivoracaceae1;Alcanivorax
FN500.1;ASV116;0;FN500;food waste;sorb-;5;1;Bacteria;Firmicutes;Bacilli;Lactobacillales;Listeriaceae;Brochothrix
FN500.1;ASV117;0;FN500;food waste;sorb-;5;1;Bacteria;Actinobacteriota;Actinobacteria;Corynebacteriales;Corynebacteriaceae;Corynebacterium
FN500.1;ASV119;0;FN500;food waste;sorb-;5;1;Bacteria;Proteobacteria;Gammaproteobacteria;Pseudomonadales;Moraxellaceae;Psychrobacter
FN500.1;ASV120;0;FN500;food waste;sorb-;5;1;Bacteria;Proteobacteria;Gammaproteobacteria;Burkholderiales;Sutterellaceae;Parasutterella
FN500.1;ASV121;0;FN500;food waste;sorb-;5;1;Bacteria;Bacteroidota;Bacteroidia;Bacteroidales;Tannerellaceae;Parabacteroides
FN500.1;ASV122;0;FN500;food waste;sorb-;5;1;Bacteria;Proteobacteria;Gammaproteobacteria;Enterobacterales;Vibrionaceae;Photobacterium
FN500.1;ASV123;0;FN500;food waste;sorb-;5;1;Bacteria;Proteobacteria;Gammaproteobacteria;Pseudomonadales;Moraxellaceae;Acinetobacter
FN500.1;ASV126;0;FN500;food waste;sorb-;5;1;Bacteria;Proteobacteria;Gammaproteobacteria;Enterobacterales;Erwiniaceae;
FN500.1;ASV127;0;FN500;food waste;sorb-;5;1;Bacteria;Proteobacteria;Gammaproteobacteria;Pseudomonadales;Moraxellaceae;Acinetobacter
FN500.1;ASV129;0;FN500;food waste;sorb-;5;1;Bacteria;Proteobacteria;Alphaproteobacteria;Rhizobiales;Beijerinckiaceae;Methylobacterium-Methylorubrum
FN500.1;ASV130;0;FN500;food waste;sorb-;5;1;Bacteria;Proteobacteria;Alphaproteobacteria;Sphingomonadales;Sphingomonadaceae;Sphingomonas
FN500.1;ASV131;0;FN500;food waste;sorb-;5;1;Bacteria;Bacteroidota;Bacteroidia;Bacteroidales;Porphyromonadaceae;Porphyromonas
FN500.1;ASV133;0;FN500;food waste;sorb-;5;1;Bacteria;Proteobacteria;Gammaproteobacteria;Enterobacterales;Aeromonadaceae;Aeromonas
FN500.1;ASV135;0;FN500;food waste;sorb-;5;1;Bacteria;Proteobacteria;Gammaproteobacteria;Pseudomonadales;Moraxellaceae;Acinetobacter
FN500.1;ASV136;0;FN500;food waste;sorb-;5;1;Bacteria;Firmicutes;Clostridia;Oscillospirales;Ruminococcaceae;Faecalibacterium
FN500.1;ASV138;0;FN500;food waste;sorb-;5;1;Bacteria;Firmicutes;Bacilli;Bacillales;Bacillaceae;Amphibacillus
FN500.1;ASV139;0;FN500;food waste;sorb-;5;1;Bacteria;Actinobacteriota;Actinobacteria;Corynebacteriales;Corynebacteriaceae;Corynebacterium
FN500.1;ASV140;0;FN500;food waste;sorb-;5;1;Bacteria;Proteobacteria;Gammaproteobacteria;Pseudomonadales;Pseudomonadaceae;Pseudomonas
FN500.1;ASV141;0;FN500;food waste;sorb-;5;1;Bacteria;Firmicutes;Bacilli;Lactobacillales;Enterococcaceae;Tetragenococcus
FN500.1;ASV143;0;FN500;food waste;sorb-;5;1;Bacteria;Firmicutes;Bacilli;Bacillales;Bacillaceae;Bacillus
FN500.1;ASV144;0;FN500;food waste;sorb-;5;1;Bacteria;Proteobacteria;Gammaproteobacteria;Burkholderiales;Sutterellaceae;Parasutterella
FN500.1;ASV149;0;FN500;food waste;sorb-;5;1;Bacteria;Firmicutes;Bacilli;Lactobacillales;Lactobacillaceae;Lactobacillus
FN500.1;ASV150;0;FN500;food waste;sorb-;5;1;Bacteria;Proteobacteria;Gammaproteobacteria;Pseudomonadales;Moraxellaceae;Acinetobacter
FN500.1;ASV152;0;FN500;food waste;sorb-;5;1;Bacteria;Firmicutes;Clostridia;Oscillospirales;Ruminococcaceae;Subdoligranulum
FN500.1;ASV156;0;FN500;food waste;sorb-;5;1;Bacteria;Firmicutes;Bacilli;Lactobacillales;Lactobacillaceae;Lactobacillus
FN500.1;ASV157;0;FN500;food waste;sorb-;5;1;Bacteria;Proteobacteria;Gammaproteobacteria;Enterobacterales;Yersiniaceae;
FN500.1;ASV158;0;FN500;food waste;sorb-;5;1;Bacteria;Firmicutes;Bacilli;Lactobacillales;Lactobacillaceae;Leuconostoc
FN500.1;ASV160;0;FN500;food waste;sorb-;5;1;Bacteria;Proteobacteria;Gammaproteobacteria;Burkholderiales;Burkholderiaceae;Ralstonia
FN500.1;ASV161;0;FN500;food waste;sorb-;5;1;Bacteria;Proteobacteria;Gammaproteobacteria;Pseudomonadales;Moraxellaceae;Enhydrobacter
FN500.1;ASV162;0;FN500;food waste;sorb-;5;1;Bacteria;Proteobacteria;Gammaproteobacteria;Pseudomonadales;Moraxellaceae;Acinetobacter
FN500.1;ASV163;0;FN500;food waste;sorb-;5;1;Bacteria;Proteobacteria;Gammaproteobacteria;Enterobacterales;Aeromonadaceae;Aeromonas
FN500.1;ASV166;0;FN500;food waste;sorb-;5;1;Bacteria;Firmicutes;Bacilli;Lactobacillales;Lactobacillaceae;Schleiferilactobacillus
FN500.1;ASV168;0;FN500;food waste;sorb-;5;1;Bacteria;Firmicutes;Clostridia;Oscillospirales;Oscillospiraceae;Flavonifractor
FN500.1;ASV169;0;FN500;food waste;sorb-;5;1;Bacteria;Firmicutes;Clostridia;Oscillospirales;Ruminococcaceae;Faecalibacterium
FN500.1;ASV170;0;FN500;food waste;sorb-;5;1;Bacteria;Firmicutes;Bacilli;Lactobacillales;Streptococcaceae;Lactococcus
FN500.1;ASV177;0;FN500;food waste;sorb-;5;1;Bacteria;Firmicutes;Bacilli;Lactobacillales;Streptococcaceae;Lactococcus
FN500.1;ASV178;0;FN500;food waste;sorb-;5;1;Bacteria;Proteobacteria;Gammaproteobacteria;Burkholderiales;Burkholderiaceae;Burkholderia-Caballeronia-Paraburkholderia
FN500.1;ASV179;0;FN500;food waste;sorb-;5;1;Bacteria;Proteobacteria;Gammaproteobacteria;Burkholderiales;Comamonadaceae;Aquabacterium
FN500.1;ASV186;0;FN500;food waste;sorb-;5;1;Bacteria;Firmicutes;Bacilli;Paenibacillales;Paenibacillaceae;Paenibacillus
FN500.1;ASV187;0;FN500;food waste;sorb-;5;1;Bacteria;Proteobacteria;Gammaproteobacteria;Burkholderiales;Burkholderiaceae;Burkholderia-Caballeronia-Paraburkholderia
FN500.1;ASV188;0;FN500;food waste;sorb-;5;1;Bacteria;Firmicutes;Bacilli;Lactobacillales;Lactobacillaceae;Lactobacillus
FN500.1;ASV189;0;FN500;food waste;sorb-;5;1;Bacteria;Bacteroidota;Bacteroidia;Bacteroidales;Bacteroidaceae;Bacteroides
FN500.1;ASV190;0;FN500;food waste;sorb-;5;1;Bacteria;Firmicutes;Clostridia;Lachnospirales;Lachnospiraceae;Lachnospira
FN500.1;ASV199;0;FN500;food waste;sorb-;5;1;Bacteria;Firmicutes;Bacilli;Lactobacillales;Lactobacillaceae;HT002
FN500.1;ASV200;1;FN500;food waste;sorb-;5;1;Bacteria;Proteobacteria;Gammaproteobacteria;Enterobacterales;Pseudoalteromonadaceae;Pseudoalteromonas
FN500.1;ASV201;0;FN500;food waste;sorb-;5;1;Bacteria;Firmicutes;Clostridia;Lachnospirales;Lachnospiraceae;[Eubacterium] eligens group
FN500.1;ASV202;0;FN500;food waste;sorb-;5;1;Bacteria;Proteobacteria;Gammaproteobacteria;Burkholderiales;Sutterellaceae;Parasutterella
FN500.1;ASV203;0;FN500;food waste;sorb-;5;1;Bacteria;Firmicutes;Clostridia;Lachnospirales;Lachnospiraceae;[Eubacterium] eligens group
FN500.1;ASV204;0;FN500;food waste;sorb-;5;1;Bacteria;Proteobacteria;Gammaproteobacteria;Xanthomonadales;Xanthomonadaceae;
FN500.1;ASV219;0;FN500;food waste;sorb-;5;1;Bacteria;Proteobacteria;Gammaproteobacteria;Burkholderiales;Alcaligenaceae;Achromobacter
FN500.1;ASV221;0;FN500;food waste;sorb-;5;1;Bacteria;Firmicutes;Bacilli;Lactobacillales;Lactobacillaceae;Lacticaseibacillus
FN500.1;ASV222;0;FN500;food waste;sorb-;5;1;Bacteria;Proteobacteria;Gammaproteobacteria;Xanthomonadales;Xanthomonadaceae;Arenimonas
FN500.1;ASV223;0;FN500;food waste;sorb-;5;1;Bacteria;Proteobacteria;Gammaproteobacteria;Pseudomonadales;Pseudomonadaceae;Pseudomonas
FN500.1;ASV225;0;FN500;food waste;sorb-;5;1;Bacteria;Firmicutes;Bacilli;Lactobacillales;Lactobacillaceae;Weissella
FN500.1;ASV227;0;FN500;food waste;sorb-;5;1;Bacteria;Firmicutes;Bacilli;Lactobacillales;Streptococcaceae;
FN500.1;ASV228;0;FN500;food waste;sorb-;5;1;Bacteria;Firmicutes;Bacilli;Alicyclobacillales;Alicyclobacillaceae;Alicyclobacillus
FN500.1;ASV230;0;FN500;food waste;sorb-;5;1;Bacteria;Firmicutes;Clostridia;Peptostreptococcales-Tissierellales;Family XI;Anaerococcus
FN500.1;ASV232;0;FN500;food waste;sorb-;5;1;Bacteria;Firmicutes;Clostridia;Peptostreptococcales-Tissierellales;Clostridiisalibacter;
FN500.1;ASV257;0;FN500;food waste;sorb-;5;1;Bacteria;Actinobacteriota;Actinobacteria;Micrococcales;Micrococcaceae;Pseudarthrobacter
FN500.1;ASV258;0;FN500;food waste;sorb-;5;1;Bacteria;Firmicutes;Bacilli;Bacillales;Bacillaceae;Oceanobacillus
FN500.1;ASV259;0;FN500;food waste;sorb-;5;1;Bacteria;Verrucomicrobiota;Verrucomicrobiae;Pedosphaerales;Pedosphaeraceae;ADurb.Bin063-1
FN500.1;ASV261;0;FN500;food waste;sorb-;5;1;Bacteria;Proteobacteria;Gammaproteobacteria;Pseudomonadales;Moraxellaceae;Enhydrobacter
FN500.1;ASV263;0;FN500;food waste;sorb-;5;1;Bacteria;Firmicutes;Clostridia;Clostridiales;Clostridiaceae;Clostridium sensu stricto 18
FN500.1;ASV265;0;FN500;food waste;sorb-;5;1;Bacteria;Proteobacteria;Gammaproteobacteria;Enterobacterales;Pasteurellaceae;Haemophilus
FN500.1;ASV266;0;FN500;food waste;sorb-;5;1;Bacteria;Proteobacteria;Gammaproteobacteria;Burkholderiales;Comamonadaceae;
FN500.1;ASV267;0;FN500;food waste;sorb-;5;1;Bacteria;Actinobacteriota;Actinobacteria;Frankiales;Nakamurellaceae;Nakamurella
FN500.1;ASV269;0;FN500;food waste;sorb-;5;1;Bacteria;Proteobacteria;Gammaproteobacteria;Burkholderiales;Comamonadaceae;
FN500.1;ASV270;0;FN500;food waste;sorb-;5;1;Bacteria;Actinobacteriota;Actinobacteria;Streptomycetales;Streptomycetaceae;Streptomyces
FN500.1;ASV271;0;FN500;food waste;sorb-;5;1;Bacteria;Firmicutes;Bacilli;Acholeplasmatales;Acholeplasmataceae;Candidatus Phytoplasma
FN500.1;ASV272;0;FN500;food waste;sorb-;5;1;Bacteria;Bacteroidota;Bacteroidia;Bacteroidales;Tannerellaceae;Parabacteroides
FN500.1;ASV275;0;FN500;food waste;sorb-;5;1;Bacteria;Firmicutes;Negativicutes;Veillonellales-Selenomonadales;Veillonellaceae;Dialister
FN500.1;ASV277;0;FN500;food waste;sorb-;5;1;Bacteria;Firmicutes;Bacilli;Lactobacillales;Carnobacteriaceae;
FN500.1;ASV280;0;FN500;food waste;sorb-;5;1;Bacteria;Actinobacteriota;Actinobacteria;Streptomycetales;Streptomycetaceae;Streptomyces
FN500.1;ASV314;0;FN500;food waste;sorb-;5;1;Bacteria;Proteobacteria;Gammaproteobacteria;Xanthomonadales;Xanthomonadaceae;Arenimonas
FN500.1;ASV318;0;FN500;food waste;sorb-;5;1;Bacteria;Chloroflexi;Chloroflexia;Thermomicrobiales;JG30-KF-CM45;
FN500.1;ASV319;0;FN500;food waste;sorb-;5;1;Bacteria;Proteobacteria;Gammaproteobacteria;Xanthomonadales;Xanthomonadaceae;Arenimonas
FN500.1;ASV323;0;FN500;food waste;sorb-;5;1;Bacteria;Gemmatimonadota;Gemmatimonadetes;Gemmatimonadales;Gemmatimonadaceae;
FN500.1;ASV326;0;FN500;food waste;sorb-;5;1;Bacteria;Proteobacteria;Alphaproteobacteria;Rhizobiales;Rhizobiales Incertae Sedis;Nordella
FN500.1;ASV328;0;FN500;food waste;sorb-;5;1;Bacteria;Chloroflexi;Anaerolineae;Anaerolineales;Anaerolineaceae;
FN500.1;ASV329;0;FN500;food waste;sorb-;5;1;Bacteria;Proteobacteria;Gammaproteobacteria;Burkholderiales;Oxalobacteraceae;
FN500.1;ASV331;0;FN500;food waste;sorb-;5;1;Bacteria;Proteobacteria;Gammaproteobacteria;Steroidobacterales;Woeseiaceae;Woeseia
FN500.1;ASV333;0;FN500;food waste;sorb-;5;1;Bacteria;Proteobacteria;Gammaproteobacteria;Xanthomonadales;Xanthomonadaceae;
FN500.1;ASV334;0;FN500;food waste;sorb-;5;1;Bacteria;Firmicutes;Clostridia;Lachnospirales;Lachnospiraceae;
FN500.1;ASV336;0;FN500;food waste;sorb-;5;1;Bacteria;Bacteroidota;Bacteroidia;Flavobacteriales;Weeksellaceae;Empedobacter
FN500.1;ASV337;0;FN500;food waste;sorb-;5;1;Bacteria;Proteobacteria;Alphaproteobacteria;Rhizobiales;Beijerinckiaceae;Microvirga
FN500.1;ASV338;0;FN500;food waste;sorb-;5;1;Bacteria;Planctomycetota;Brocadiae;Brocadiales;Brocadiaceae;Candidatus Brocadia
FN500.1;ASV339;0;FN500;food waste;sorb-;5;1;Bacteria;Proteobacteria;Alphaproteobacteria;Rhizobiales;Beijerinckiaceae;Methylobacterium-Methylorubrum
FN500.1;ASV340;0;FN500;food waste;sorb-;5;1;Bacteria;Proteobacteria;Gammaproteobacteria;Pseudomonadales;Moraxellaceae;Acinetobacter
FN500.1;ASV342;0;FN500;food waste;sorb-;5;1;Bacteria;Planctomycetota;Brocadiae;Brocadiales;Brocadiaceae;Candidatus Brocadia
FN500.1;ASV344;0;FN500;food waste;sorb-;5;1;Bacteria;Actinobacteriota;Actinobacteria;Frankiales;Nakamurellaceae;Nakamurella
FN500.1;ASV345;0;FN500;food waste;sorb-;5;1;Bacteria;Hydrogenedentes;Hydrogenedentia;Hydrogenedentiales;Hydrogenedensaceae;
FN500.1;ASV346;0;FN500;food waste;sorb-;5;1;Bacteria;Gemmatimonadota;Gemmatimonadetes;Gemmatimonadales;Gemmatimonadaceae;
FN500.1;ASV352;0;FN500;food waste;sorb-;5;1;Bacteria;Proteobacteria;Gammaproteobacteria;Pseudomonadales;Marinobacteraceae;Marinobacter
FN500.1;ASV353;0;FN500;food waste;sorb-;5;1;Bacteria;Acidobacteriota;Vicinamibacteria;Vicinamibacterales;Vicinamibacteraceae;
FN500.1;ASV354;0;FN500;food waste;sorb-;5;1;Bacteria;Proteobacteria;Gammaproteobacteria;Pseudomonadales;Alcanivoracaceae1;Alcanivorax
FN500.1;ASV355;0;FN500;food waste;sorb-;5;1;Bacteria;Actinobacteriota;Acidimicrobiia;Microtrichales;Iamiaceae;Iamia
FN500.1;ASV360;0;FN500;food waste;sorb-;5;1;Bacteria;Actinobacteriota;Actinobacteria;Corynebacteriales;Corynebacteriaceae;
FN500.1;ASV361;0;FN500;food waste;sorb-;5;1;Bacteria;Proteobacteria;Gammaproteobacteria;Burkholderiales;Alcaligenaceae;Paenalcaligenes
FN500.2;ASV1;40755;FN500;food waste;sorb-;5;2;Bacteria;Proteobacteria;Gammaproteobacteria;Enterobacterales;Morganellaceae;Providencia
FN500.2;ASV2;1051;FN500;food waste;sorb-;5;2;Bacteria;Proteobacteria;Gammaproteobacteria;Enterobacterales;Enterobacteriaceae;Klebsiella
FN500.2;ASV3;2265;FN500;food waste;sorb-;5;2;Bacteria;Proteobacteria;Gammaproteobacteria;Enterobacterales;Enterobacteriaceae;Enterobacter*
FN500.2;ASV4;68;FN500;food waste;sorb-;5;2;Bacteria;Firmicutes;Bacilli;Lactobacillales;Enterococcaceae;Enterococcus
FN500.2;ASV5;1049;FN500;food waste;sorb-;5;2;Bacteria;Firmicutes;Bacilli;Lactobacillales;Lactobacillaceae;Lactiplantibacillus
FN500.2;ASV6;293;FN500;food waste;sorb-;5;2;Bacteria;Firmicutes;Bacilli;Lactobacillales;Lactobacillaceae;Lactobacillus
FN500.2;ASV7;0;FN500;food waste;sorb-;5;2;Bacteria;Firmicutes;Bacilli;Lactobacillales;Lactobacillaceae;Weissella
FN500.2;ASV8;26;FN500;food waste;sorb-;5;2;Bacteria;Firmicutes;Bacilli;Lactobacillales;Enterococcaceae;Enterococcus
FN500.2;ASV9;217;FN500;food waste;sorb-;5;2;Bacteria;Firmicutes;Bacilli;Lactobacillales;Lactobacillaceae;Levilactobacillus
FN500.2;ASV10;1;FN500;food waste;sorb-;5;2;Bacteria;Firmicutes;Bacilli;Lactobacillales;Streptococcaceae;Lactococcus
FN500.2;ASV11;187;FN500;food waste;sorb-;5;2;Bacteria;Firmicutes;Bacilli;Lactobacillales;Lactobacillaceae;Lactobacillus
FN500.2;ASV12;0;FN500;food waste;sorb-;5;2;Bacteria;Firmicutes;Bacilli;Lactobacillales;Lactobacillaceae;Leuconostoc
FN500.2;ASV13;11;FN500;food waste;sorb-;5;2;Bacteria;Firmicutes;Bacilli;Staphylococcales;Staphylococcaceae;Mammaliicoccus*
FN500.2;ASV14;0;FN500;food waste;sorb-;5;2;Bacteria;Firmicutes;Bacilli;Lactobacillales;Enterococcaceae;Enterococcus
FN500.2;ASV15;54;FN500;food waste;sorb-;5;2;Bacteria;Firmicutes;Bacilli;Lactobacillales;Lactobacillaceae;Lacticaseibacillus
FN500.2;ASV16;1;FN500;food waste;sorb-;5;2;Bacteria;Firmicutes;Bacilli;Lactobacillales;Carnobacteriaceae;Atopostipes
FN500.2;ASV17;0;FN500;food waste;sorb-;5;2;Bacteria;Firmicutes;Bacilli;Lactobacillales;Lactobacillaceae;Lactiplantibacillus
FN500.2;ASV18;35;FN500;food waste;sorb-;5;2;Bacteria;Actinobacteriota;Actinobacteria;Actinomycetales;Actinomycetaceae;Actinomyces
FN500.2;ASV19;0;FN500;food waste;sorb-;5;2;Bacteria;Proteobacteria;Gammaproteobacteria;Enterobacterales;Morganellaceae;Proteus
FN500.2;ASV20;0;FN500;food waste;sorb-;5;2;Bacteria;Actinobacteriota;Actinobacteria;Corynebacteriales;Corynebacteriaceae;Corynebacterium
FN500.2;ASV21;18;FN500;food waste;sorb-;5;2;Bacteria;Firmicutes;Bacilli;Bacillales;Bacillaceae;Bacillus
FN500.2;ASV22;0;FN500;food waste;sorb-;5;2;Bacteria;Firmicutes;Bacilli;Lactobacillales;Lactobacillaceae;Lacticaseibacillus
FN500.2;ASV23;17;FN500;food waste;sorb-;5;2;Bacteria;Firmicutes;Bacilli;Lactobacillales;Lactobacillaceae;Limosilactobacillus
FN500.2;ASV24;620;FN500;food waste;sorb-;5;2;Bacteria;Proteobacteria;Gammaproteobacteria;Enterobacterales;Enterobacteriaceae;Escherichia-Shigella
FN500.2;ASV25;87;FN500;food waste;sorb-;5;2;Bacteria;Firmicutes;Bacilli;Lactobacillales;Enterococcaceae;Enterococcus
FN500.2;ASV26;0;FN500;food waste;sorb-;5;2;Bacteria;Firmicutes;Bacilli;Lactobacillales;Lactobacillaceae;Leuconostoc
FN500.2;ASV27;0;FN500;food waste;sorb-;5;2;Bacteria;Firmicutes;Bacilli;Paenibacillales;Paenibacillaceae;Paenibacillus
FN500.2;ASV28;26;FN500;food waste;sorb-;5;2;Bacteria;Firmicutes;Bacilli;Lactobacillales;Lactobacillaceae;Lacticaseibacillus
FN500.2;ASV29;2;FN500;food waste;sorb-;5;2;Bacteria;Firmicutes;Bacilli;Bacillales;Bacillaceae;Pseudogracilibacillus
FN500.2;ASV32;0;FN500;food waste;sorb-;5;2;Bacteria;Firmicutes;Bacilli;Lactobacillales;Lactobacillaceae;Lactobacillus
FN500.2;ASV33;0;FN500;food waste;sorb-;5;2;Bacteria;Firmicutes;Bacilli;Lactobacillales;Streptococcaceae;Streptococcus
FN500.2;ASV34;145;FN500;food waste;sorb-;5;2;Bacteria;Proteobacteria;Gammaproteobacteria;Enterobacterales;Enterobacteriaceae;Klebsiella
FN500.2;ASV35;6;FN500;food waste;sorb-;5;2;Bacteria;Firmicutes;Bacilli;Lactobacillales;Lactobacillaceae;Weissella
FN500.2;ASV36;0;FN500;food waste;sorb-;5;2;Bacteria;Proteobacteria;Gammaproteobacteria;Enterobacterales;Morganellaceae;Providencia
FN500.2;ASV37;0;FN500;food waste;sorb-;5;2;Bacteria;Firmicutes;Bacilli;Lactobacillales;Lactobacillaceae;Pediococcus
FN500.2;ASV38;0;FN500;food waste;sorb-;5;2;Bacteria;Proteobacteria;Gammaproteobacteria;Enterobacterales;Enterobacteriaceae;Klebsiella
FN500.2;ASV39;0;FN500;food waste;sorb-;5;2;Bacteria;Firmicutes;Bacilli;Lactobacillales;Lactobacillaceae;Lactiplantibacillus
FN500.2;ASV40;0;FN500;food waste;sorb-;5;2;Bacteria;Actinobacteriota;Actinobacteria;Corynebacteriales;Corynebacteriaceae;Corynebacterium
FN500.2;ASV41;0;FN500;food waste;sorb-;5;2;Bacteria;Firmicutes;Clostridia;Clostridiales;Clostridiaceae;Clostridium sensu stricto 18
FN500.2;ASV42;0;FN500;food waste;sorb-;5;2;Bacteria;Firmicutes;Bacilli;Lactobacillales;Streptococcaceae;Streptococcus
FN500.2;ASV43;0;FN500;food waste;sorb-;5;2;Bacteria;Proteobacteria;Gammaproteobacteria;Enterobacterales;Enterobacteriaceae;Enterobacter*
FN500.2;ASV44;21;FN500;food waste;sorb-;5;2;Bacteria;Firmicutes;Bacilli;Lactobacillales;Enterococcaceae;Enterococcus*
FN500.2;ASV47;0;FN500;food waste;sorb-;5;2;Bacteria;Firmicutes;Bacilli;Lactobacillales;Lactobacillaceae;Lacticaseibacillus
FN500.2;ASV49;0;FN500;food waste;sorb-;5;2;Bacteria;Firmicutes;Bacilli;Bacillales;Bacillaceae;Pseudogracilibacillus
FN500.2;ASV50;1;FN500;food waste;sorb-;5;2;Bacteria;Proteobacteria;Gammaproteobacteria;Pseudomonadales;Pseudomonadaceae;Pseudomonas
FN500.2;ASV51;0;FN500;food waste;sorb-;5;2;Bacteria;Firmicutes;Bacilli;Lactobacillales;Lactobacillaceae;Leuconostoc
FN500.2;ASV52;0;FN500;food waste;sorb-;5;2;Bacteria;Firmicutes;Bacilli;Paenibacillales;Paenibacillaceae;Paenibacillus
FN500.2;ASV53;0;FN500;food waste;sorb-;5;2;Bacteria;Actinobacteriota;Actinobacteria;Corynebacteriales;Corynebacteriaceae;Corynebacterium
FN500.2;ASV54;0;FN500;food waste;sorb-;5;2;Bacteria;Firmicutes;Bacilli;Bacillales;Planococcaceae;Bacillus*
FN500.2;ASV55;0;FN500;food waste;sorb-;5;2;Bacteria;Firmicutes;Bacilli;Bacillales;Bacillaceae;Bacillus
FN500.2;ASV56;0;FN500;food waste;sorb-;5;2;Bacteria;Actinobacteriota;Actinobacteria;Corynebacteriales;Corynebacteriaceae;Corynebacterium
FN500.2;ASV57;0;FN500;food waste;sorb-;5;2;Bacteria;Proteobacteria;Gammaproteobacteria;Enterobacterales;Morganellaceae;Providencia
FN500.2;ASV58;0;FN500;food waste;sorb-;5;2;Bacteria;Actinobacteriota;Actinobacteria;Micrococcales;Brevibacteriaceae;Brevibacterium
FN500.2;ASV59;0;FN500;food waste;sorb-;5;2;Bacteria;Firmicutes;Bacilli;Bacillales;Planococcaceae;Solibacillus
FN500.2;ASV61;0;FN500;food waste;sorb-;5;2;Bacteria;Actinobacteriota;Actinobacteria;Corynebacteriales;Corynebacteriaceae;Corynebacterium
FN500.2;ASV66;0;FN500;food waste;sorb-;5;2;Bacteria;Firmicutes;Bacilli;Staphylococcales;Staphylococcaceae;Staphylococcus
FN500.2;ASV67;0;FN500;food waste;sorb-;5;2;Bacteria;Actinobacteriota;Actinobacteria;Micrococcales;Brevibacteriaceae;Brevibacterium
FN500.2;ASV68;0;FN500;food waste;sorb-;5;2;Bacteria;Actinobacteriota;Actinobacteria;Micrococcales;Promicromonosporaceae;Cellulosimicrobium
FN500.2;ASV69;1;FN500;food waste;sorb-;5;2;Bacteria;Firmicutes;Bacilli;Bacillales;Planococcaceae;Uncult. bacterium*
FN500.2;ASV70;0;FN500;food waste;sorb-;5;2;Bacteria;Proteobacteria;Gammaproteobacteria;Xanthomonadales;Xanthomonadaceae;SN8
FN500.2;ASV72;0;FN500;food waste;sorb-;5;2;Bacteria;Proteobacteria;Gammaproteobacteria;Pseudomonadales;Pseudomonadaceae;Pseudomonas
FN500.2;ASV73;0;FN500;food waste;sorb-;5;2;Bacteria;Proteobacteria;Gammaproteobacteria;Burkholderiales;Burkholderiaceae;Ralstonia
FN500.2;ASV75;0;FN500;food waste;sorb-;5;2;Bacteria;Firmicutes;Bacilli;Staphylococcales;Staphylococcaceae;
FN500.2;ASV77;0;FN500;food waste;sorb-;5;2;Bacteria;Firmicutes;Bacilli;Bacillales;Planococcaceae;Solibacillus
FN500.2;ASV78;0;FN500;food waste;sorb-;5;2;Bacteria;Firmicutes;Bacilli;Lactobacillales;Lactobacillaceae;Secundilactobacillus
FN500.2;ASV79;0;FN500;food waste;sorb-;5;2;Bacteria;Proteobacteria;Gammaproteobacteria;Enterobacterales;Enterobacteriaceae;
FN500.2;ASV80;0;FN500;food waste;sorb-;5;2;Bacteria;Firmicutes;Bacilli;Lactobacillales;Lactobacillaceae;Leuconostoc
FN500.2;ASV81;0;FN500;food waste;sorb-;5;2;Bacteria;Firmicutes;Bacilli;Lactobacillales;Lactobacillaceae;Lactobacillus
FN500.2;ASV83;0;FN500;food waste;sorb-;5;2;Bacteria;Proteobacteria;Gammaproteobacteria;Burkholderiales;Comamonadaceae;Delftia
FN500.2;ASV84;0;FN500;food waste;sorb-;5;2;Bacteria;Firmicutes;Bacilli;Lactobacillales;Lactobacillaceae;Loigolactobacillus
FN500.2;ASV87;0;FN500;food waste;sorb-;5;2;Bacteria;Firmicutes;Bacilli;Lactobacillales;Streptococcaceae;Streptococcus
FN500.2;ASV90;0;FN500;food waste;sorb-;5;2;Bacteria;Proteobacteria;Gammaproteobacteria;Xanthomonadales;Xanthomonadaceae;Stenotrophomonas
FN500.2;ASV91;0;FN500;food waste;sorb-;5;2;Bacteria;Firmicutes;Bacilli;Staphylococcales;Staphylococcaceae;Staphylococcus
FN500.2;ASV92;0;FN500;food waste;sorb-;5;2;Bacteria;Proteobacteria;Gammaproteobacteria;Enterobacterales;Yersiniaceae;Yersinia
FN500.2;ASV93;0;FN500;food waste;sorb-;5;2;Bacteria;Firmicutes;Bacilli;Bacillales;Bacillaceae;Oceanobacillus
FN500.2;ASV94;0;FN500;food waste;sorb-;5;2;Bacteria;Firmicutes;Bacilli;Lactobacillales;Lactobacillaceae;Levilactobacillus
FN500.2;ASV95;0;FN500;food waste;sorb-;5;2;Bacteria;Proteobacteria;Gammaproteobacteria;Pseudomonadales;Moraxellaceae;Psychrobacter
FN500.2;ASV96;0;FN500;food waste;sorb-;5;2;Bacteria;Firmicutes;Bacilli;Lactobacillales;Lactobacillaceae;Lactobacillus
FN500.2;ASV97;0;FN500;food waste;sorb-;5;2;Bacteria;Firmicutes;Bacilli;Lactobacillales;Lactobacillaceae;Lentilactobacillus
FN500.2;ASV99;0;FN500;food waste;sorb-;5;2;Bacteria;Proteobacteria;Alphaproteobacteria;Sphingomonadales;Sphingomonadaceae;Sphingomonas
FN500.2;ASV100;0;FN500;food waste;sorb-;5;2;Bacteria;Firmicutes;Bacilli;Lactobacillales;Lactobacillaceae;Lapidilactobacillus
FN500.2;ASV101;0;FN500;food waste;sorb-;5;2;Bacteria;Bacteroidota;Bacteroidia;Bacteroidales;Tannerellaceae;Parabacteroides
FN500.2;ASV104;0;FN500;food waste;sorb-;5;2;Bacteria;Firmicutes;Bacilli;Lactobacillales;Lactobacillaceae;Lactobacillus
FN500.2;ASV105;0;FN500;food waste;sorb-;5;2;Bacteria;Actinobacteriota;Actinobacteria;Micrococcales;Promicromonosporaceae;Cellulosimicrobium
FN500.2;ASV107;0;FN500;food waste;sorb-;5;2;Bacteria;Bacteroidota;Bacteroidia;Bacteroidales;Bacteroidaceae;Bacteroides
FN500.2;ASV110;0;FN500;food waste;sorb-;5;2;Bacteria;Proteobacteria;Gammaproteobacteria;Enterobacterales;Enterobacteriaceae;
FN500.2;ASV111;0;FN500;food waste;sorb-;5;2;Bacteria;Bacteroidota;Bacteroidia;Bacteroidales;Bacteroidaceae;Bacteroides
FN500.2;ASV113;0;FN500;food waste;sorb-;5;2;Bacteria;Firmicutes;Bacilli;Staphylococcales;Staphylococcaceae;Jeotgalicoccus
FN500.2;ASV114;0;FN500;food waste;sorb-;5;2;Bacteria;Firmicutes;Bacilli;Lactobacillales;Lactobacillaceae;Weissella
FN500.2;ASV115;0;FN500;food waste;sorb-;5;2;Bacteria;Proteobacteria;Gammaproteobacteria;Pseudomonadales;Alcanivoracaceae1;Alcanivorax
FN500.2;ASV116;0;FN500;food waste;sorb-;5;2;Bacteria;Firmicutes;Bacilli;Lactobacillales;Listeriaceae;Brochothrix
FN500.2;ASV117;0;FN500;food waste;sorb-;5;2;Bacteria;Actinobacteriota;Actinobacteria;Corynebacteriales;Corynebacteriaceae;Corynebacterium
FN500.2;ASV119;0;FN500;food waste;sorb-;5;2;Bacteria;Proteobacteria;Gammaproteobacteria;Pseudomonadales;Moraxellaceae;Psychrobacter
FN500.2;ASV120;0;FN500;food waste;sorb-;5;2;Bacteria;Proteobacteria;Gammaproteobacteria;Burkholderiales;Sutterellaceae;Parasutterella
FN500.2;ASV121;0;FN500;food waste;sorb-;5;2;Bacteria;Bacteroidota;Bacteroidia;Bacteroidales;Tannerellaceae;Parabacteroides
FN500.2;ASV122;0;FN500;food waste;sorb-;5;2;Bacteria;Proteobacteria;Gammaproteobacteria;Enterobacterales;Vibrionaceae;Photobacterium
FN500.2;ASV123;0;FN500;food waste;sorb-;5;2;Bacteria;Proteobacteria;Gammaproteobacteria;Pseudomonadales;Moraxellaceae;Acinetobacter
FN500.2;ASV126;0;FN500;food waste;sorb-;5;2;Bacteria;Proteobacteria;Gammaproteobacteria;Enterobacterales;Erwiniaceae;
FN500.2;ASV127;0;FN500;food waste;sorb-;5;2;Bacteria;Proteobacteria;Gammaproteobacteria;Pseudomonadales;Moraxellaceae;Acinetobacter
FN500.2;ASV129;0;FN500;food waste;sorb-;5;2;Bacteria;Proteobacteria;Alphaproteobacteria;Rhizobiales;Beijerinckiaceae;Methylobacterium-Methylorubrum
FN500.2;ASV130;0;FN500;food waste;sorb-;5;2;Bacteria;Proteobacteria;Alphaproteobacteria;Sphingomonadales;Sphingomonadaceae;Sphingomonas
FN500.2;ASV131;0;FN500;food waste;sorb-;5;2;Bacteria;Bacteroidota;Bacteroidia;Bacteroidales;Porphyromonadaceae;Porphyromonas
FN500.2;ASV133;0;FN500;food waste;sorb-;5;2;Bacteria;Proteobacteria;Gammaproteobacteria;Enterobacterales;Aeromonadaceae;Aeromonas
FN500.2;ASV135;0;FN500;food waste;sorb-;5;2;Bacteria;Proteobacteria;Gammaproteobacteria;Pseudomonadales;Moraxellaceae;Acinetobacter
FN500.2;ASV136;0;FN500;food waste;sorb-;5;2;Bacteria;Firmicutes;Clostridia;Oscillospirales;Ruminococcaceae;Faecalibacterium
FN500.2;ASV138;0;FN500;food waste;sorb-;5;2;Bacteria;Firmicutes;Bacilli;Bacillales;Bacillaceae;Amphibacillus
FN500.2;ASV139;0;FN500;food waste;sorb-;5;2;Bacteria;Actinobacteriota;Actinobacteria;Corynebacteriales;Corynebacteriaceae;Corynebacterium
FN500.2;ASV140;0;FN500;food waste;sorb-;5;2;Bacteria;Proteobacteria;Gammaproteobacteria;Pseudomonadales;Pseudomonadaceae;Pseudomonas
FN500.2;ASV141;0;FN500;food waste;sorb-;5;2;Bacteria;Firmicutes;Bacilli;Lactobacillales;Enterococcaceae;Tetragenococcus
FN500.2;ASV143;0;FN500;food waste;sorb-;5;2;Bacteria;Firmicutes;Bacilli;Bacillales;Bacillaceae;Bacillus
FN500.2;ASV144;0;FN500;food waste;sorb-;5;2;Bacteria;Proteobacteria;Gammaproteobacteria;Burkholderiales;Sutterellaceae;Parasutterella
FN500.2;ASV149;0;FN500;food waste;sorb-;5;2;Bacteria;Firmicutes;Bacilli;Lactobacillales;Lactobacillaceae;Lactobacillus
FN500.2;ASV150;0;FN500;food waste;sorb-;5;2;Bacteria;Proteobacteria;Gammaproteobacteria;Pseudomonadales;Moraxellaceae;Acinetobacter
FN500.2;ASV152;0;FN500;food waste;sorb-;5;2;Bacteria;Firmicutes;Clostridia;Oscillospirales;Ruminococcaceae;Subdoligranulum
FN500.2;ASV156;0;FN500;food waste;sorb-;5;2;Bacteria;Firmicutes;Bacilli;Lactobacillales;Lactobacillaceae;Lactobacillus
FN500.2;ASV157;0;FN500;food waste;sorb-;5;2;Bacteria;Proteobacteria;Gammaproteobacteria;Enterobacterales;Yersiniaceae;
FN500.2;ASV158;0;FN500;food waste;sorb-;5;2;Bacteria;Firmicutes;Bacilli;Lactobacillales;Lactobacillaceae;Leuconostoc
FN500.2;ASV160;0;FN500;food waste;sorb-;5;2;Bacteria;Proteobacteria;Gammaproteobacteria;Burkholderiales;Burkholderiaceae;Ralstonia
FN500.2;ASV161;0;FN500;food waste;sorb-;5;2;Bacteria;Proteobacteria;Gammaproteobacteria;Pseudomonadales;Moraxellaceae;Enhydrobacter
FN500.2;ASV162;0;FN500;food waste;sorb-;5;2;Bacteria;Proteobacteria;Gammaproteobacteria;Pseudomonadales;Moraxellaceae;Acinetobacter
FN500.2;ASV163;0;FN500;food waste;sorb-;5;2;Bacteria;Proteobacteria;Gammaproteobacteria;Enterobacterales;Aeromonadaceae;Aeromonas
FN500.2;ASV166;0;FN500;food waste;sorb-;5;2;Bacteria;Firmicutes;Bacilli;Lactobacillales;Lactobacillaceae;Schleiferilactobacillus
FN500.2;ASV168;0;FN500;food waste;sorb-;5;2;Bacteria;Firmicutes;Clostridia;Oscillospirales;Oscillospiraceae;Flavonifractor
FN500.2;ASV169;0;FN500;food waste;sorb-;5;2;Bacteria;Firmicutes;Clostridia;Oscillospirales;Ruminococcaceae;Faecalibacterium
FN500.2;ASV170;0;FN500;food waste;sorb-;5;2;Bacteria;Firmicutes;Bacilli;Lactobacillales;Streptococcaceae;Lactococcus
FN500.2;ASV177;0;FN500;food waste;sorb-;5;2;Bacteria;Firmicutes;Bacilli;Lactobacillales;Streptococcaceae;Lactococcus
FN500.2;ASV178;0;FN500;food waste;sorb-;5;2;Bacteria;Proteobacteria;Gammaproteobacteria;Burkholderiales;Burkholderiaceae;Burkholderia-Caballeronia-Paraburkholderia
FN500.2;ASV179;0;FN500;food waste;sorb-;5;2;Bacteria;Proteobacteria;Gammaproteobacteria;Burkholderiales;Comamonadaceae;Aquabacterium
FN500.2;ASV186;0;FN500;food waste;sorb-;5;2;Bacteria;Firmicutes;Bacilli;Paenibacillales;Paenibacillaceae;Paenibacillus
FN500.2;ASV187;0;FN500;food waste;sorb-;5;2;Bacteria;Proteobacteria;Gammaproteobacteria;Burkholderiales;Burkholderiaceae;Burkholderia-Caballeronia-Paraburkholderia
FN500.2;ASV188;0;FN500;food waste;sorb-;5;2;Bacteria;Firmicutes;Bacilli;Lactobacillales;Lactobacillaceae;Lactobacillus
FN500.2;ASV189;0;FN500;food waste;sorb-;5;2;Bacteria;Bacteroidota;Bacteroidia;Bacteroidales;Bacteroidaceae;Bacteroides
FN500.2;ASV190;0;FN500;food waste;sorb-;5;2;Bacteria;Firmicutes;Clostridia;Lachnospirales;Lachnospiraceae;Lachnospira
FN500.2;ASV199;0;FN500;food waste;sorb-;5;2;Bacteria;Firmicutes;Bacilli;Lactobacillales;Lactobacillaceae;HT002
FN500.2;ASV200;0;FN500;food waste;sorb-;5;2;Bacteria;Proteobacteria;Gammaproteobacteria;Enterobacterales;Pseudoalteromonadaceae;Pseudoalteromonas
FN500.2;ASV201;0;FN500;food waste;sorb-;5;2;Bacteria;Firmicutes;Clostridia;Lachnospirales;Lachnospiraceae;[Eubacterium] eligens group
FN500.2;ASV202;0;FN500;food waste;sorb-;5;2;Bacteria;Proteobacteria;Gammaproteobacteria;Burkholderiales;Sutterellaceae;Parasutterella
FN500.2;ASV203;0;FN500;food waste;sorb-;5;2;Bacteria;Firmicutes;Clostridia;Lachnospirales;Lachnospiraceae;[Eubacterium] eligens group
FN500.2;ASV204;0;FN500;food waste;sorb-;5;2;Bacteria;Proteobacteria;Gammaproteobacteria;Xanthomonadales;Xanthomonadaceae;
FN500.2;ASV219;0;FN500;food waste;sorb-;5;2;Bacteria;Proteobacteria;Gammaproteobacteria;Burkholderiales;Alcaligenaceae;Achromobacter
FN500.2;ASV221;0;FN500;food waste;sorb-;5;2;Bacteria;Firmicutes;Bacilli;Lactobacillales;Lactobacillaceae;Lacticaseibacillus
FN500.2;ASV222;0;FN500;food waste;sorb-;5;2;Bacteria;Proteobacteria;Gammaproteobacteria;Xanthomonadales;Xanthomonadaceae;Arenimonas
FN500.2;ASV223;0;FN500;food waste;sorb-;5;2;Bacteria;Proteobacteria;Gammaproteobacteria;Pseudomonadales;Pseudomonadaceae;Pseudomonas
FN500.2;ASV225;0;FN500;food waste;sorb-;5;2;Bacteria;Firmicutes;Bacilli;Lactobacillales;Lactobacillaceae;Weissella
FN500.2;ASV227;0;FN500;food waste;sorb-;5;2;Bacteria;Firmicutes;Bacilli;Lactobacillales;Streptococcaceae;
FN500.2;ASV228;0;FN500;food waste;sorb-;5;2;Bacteria;Firmicutes;Bacilli;Alicyclobacillales;Alicyclobacillaceae;Alicyclobacillus
FN500.2;ASV230;0;FN500;food waste;sorb-;5;2;Bacteria;Firmicutes;Clostridia;Peptostreptococcales-Tissierellales;Family XI;Anaerococcus
FN500.2;ASV232;0;FN500;food waste;sorb-;5;2;Bacteria;Firmicutes;Clostridia;Peptostreptococcales-Tissierellales;Clostridiisalibacter;
FN500.2;ASV257;0;FN500;food waste;sorb-;5;2;Bacteria;Actinobacteriota;Actinobacteria;Micrococcales;Micrococcaceae;Pseudarthrobacter
FN500.2;ASV258;0;FN500;food waste;sorb-;5;2;Bacteria;Firmicutes;Bacilli;Bacillales;Bacillaceae;Oceanobacillus
FN500.2;ASV259;0;FN500;food waste;sorb-;5;2;Bacteria;Verrucomicrobiota;Verrucomicrobiae;Pedosphaerales;Pedosphaeraceae;ADurb.Bin063-1
FN500.2;ASV261;0;FN500;food waste;sorb-;5;2;Bacteria;Proteobacteria;Gammaproteobacteria;Pseudomonadales;Moraxellaceae;Enhydrobacter
FN500.2;ASV263;0;FN500;food waste;sorb-;5;2;Bacteria;Firmicutes;Clostridia;Clostridiales;Clostridiaceae;Clostridium sensu stricto 18
FN500.2;ASV265;0;FN500;food waste;sorb-;5;2;Bacteria;Proteobacteria;Gammaproteobacteria;Enterobacterales;Pasteurellaceae;Haemophilus
FN500.2;ASV266;0;FN500;food waste;sorb-;5;2;Bacteria;Proteobacteria;Gammaproteobacteria;Burkholderiales;Comamonadaceae;
FN500.2;ASV267;0;FN500;food waste;sorb-;5;2;Bacteria;Actinobacteriota;Actinobacteria;Frankiales;Nakamurellaceae;Nakamurella
FN500.2;ASV269;0;FN500;food waste;sorb-;5;2;Bacteria;Proteobacteria;Gammaproteobacteria;Burkholderiales;Comamonadaceae;
FN500.2;ASV270;0;FN500;food waste;sorb-;5;2;Bacteria;Actinobacteriota;Actinobacteria;Streptomycetales;Streptomycetaceae;Streptomyces
FN500.2;ASV271;0;FN500;food waste;sorb-;5;2;Bacteria;Firmicutes;Bacilli;Acholeplasmatales;Acholeplasmataceae;Candidatus Phytoplasma
FN500.2;ASV272;0;FN500;food waste;sorb-;5;2;Bacteria;Bacteroidota;Bacteroidia;Bacteroidales;Tannerellaceae;Parabacteroides
FN500.2;ASV275;0;FN500;food waste;sorb-;5;2;Bacteria;Firmicutes;Negativicutes;Veillonellales-Selenomonadales;Veillonellaceae;Dialister
FN500.2;ASV277;0;FN500;food waste;sorb-;5;2;Bacteria;Firmicutes;Bacilli;Lactobacillales;Carnobacteriaceae;
FN500.2;ASV280;0;FN500;food waste;sorb-;5;2;Bacteria;Actinobacteriota;Actinobacteria;Streptomycetales;Streptomycetaceae;Streptomyces
FN500.2;ASV314;0;FN500;food waste;sorb-;5;2;Bacteria;Proteobacteria;Gammaproteobacteria;Xanthomonadales;Xanthomonadaceae;Arenimonas
FN500.2;ASV318;0;FN500;food waste;sorb-;5;2;Bacteria;Chloroflexi;Chloroflexia;Thermomicrobiales;JG30-KF-CM45;
FN500.2;ASV319;0;FN500;food waste;sorb-;5;2;Bacteria;Proteobacteria;Gammaproteobacteria;Xanthomonadales;Xanthomonadaceae;Arenimonas
FN500.2;ASV323;0;FN500;food waste;sorb-;5;2;Bacteria;Gemmatimonadota;Gemmatimonadetes;Gemmatimonadales;Gemmatimonadaceae;
FN500.2;ASV326;0;FN500;food waste;sorb-;5;2;Bacteria;Proteobacteria;Alphaproteobacteria;Rhizobiales;Rhizobiales Incertae Sedis;Nordella
FN500.2;ASV328;1;FN500;food waste;sorb-;5;2;Bacteria;Chloroflexi;Anaerolineae;Anaerolineales;Anaerolineaceae;
FN500.2;ASV329;3;FN500;food waste;sorb-;5;2;Bacteria;Proteobacteria;Gammaproteobacteria;Burkholderiales;Oxalobacteraceae;
FN500.2;ASV331;0;FN500;food waste;sorb-;5;2;Bacteria;Proteobacteria;Gammaproteobacteria;Steroidobacterales;Woeseiaceae;Woeseia
FN500.2;ASV333;0;FN500;food waste;sorb-;5;2;Bacteria;Proteobacteria;Gammaproteobacteria;Xanthomonadales;Xanthomonadaceae;
FN500.2;ASV334;0;FN500;food waste;sorb-;5;2;Bacteria;Firmicutes;Clostridia;Lachnospirales;Lachnospiraceae;
FN500.2;ASV336;0;FN500;food waste;sorb-;5;2;Bacteria;Bacteroidota;Bacteroidia;Flavobacteriales;Weeksellaceae;Empedobacter
FN500.2;ASV337;0;FN500;food waste;sorb-;5;2;Bacteria;Proteobacteria;Alphaproteobacteria;Rhizobiales;Beijerinckiaceae;Microvirga
FN500.2;ASV338;0;FN500;food waste;sorb-;5;2;Bacteria;Planctomycetota;Brocadiae;Brocadiales;Brocadiaceae;Candidatus Brocadia
FN500.2;ASV339;0;FN500;food waste;sorb-;5;2;Bacteria;Proteobacteria;Alphaproteobacteria;Rhizobiales;Beijerinckiaceae;Methylobacterium-Methylorubrum
FN500.2;ASV340;0;FN500;food waste;sorb-;5;2;Bacteria;Proteobacteria;Gammaproteobacteria;Pseudomonadales;Moraxellaceae;Acinetobacter
FN500.2;ASV342;0;FN500;food waste;sorb-;5;2;Bacteria;Planctomycetota;Brocadiae;Brocadiales;Brocadiaceae;Candidatus Brocadia
FN500.2;ASV344;0;FN500;food waste;sorb-;5;2;Bacteria;Actinobacteriota;Actinobacteria;Frankiales;Nakamurellaceae;Nakamurella
FN500.2;ASV345;0;FN500;food waste;sorb-;5;2;Bacteria;Hydrogenedentes;Hydrogenedentia;Hydrogenedentiales;Hydrogenedensaceae;
FN500.2;ASV346;0;FN500;food waste;sorb-;5;2;Bacteria;Gemmatimonadota;Gemmatimonadetes;Gemmatimonadales;Gemmatimonadaceae;
FN500.2;ASV352;0;FN500;food waste;sorb-;5;2;Bacteria;Proteobacteria;Gammaproteobacteria;Pseudomonadales;Marinobacteraceae;Marinobacter
FN500.2;ASV353;0;FN500;food waste;sorb-;5;2;Bacteria;Acidobacteriota;Vicinamibacteria;Vicinamibacterales;Vicinamibacteraceae;
FN500.2;ASV354;0;FN500;food waste;sorb-;5;2;Bacteria;Proteobacteria;Gammaproteobacteria;Pseudomonadales;Alcanivoracaceae1;Alcanivorax
FN500.2;ASV355;0;FN500;food waste;sorb-;5;2;Bacteria;Actinobacteriota;Acidimicrobiia;Microtrichales;Iamiaceae;Iamia
FN500.2;ASV360;0;FN500;food waste;sorb-;5;2;Bacteria;Actinobacteriota;Actinobacteria;Corynebacteriales;Corynebacteriaceae;
FN500.2;ASV361;0;FN500;food waste;sorb-;5;2;Bacteria;Proteobacteria;Gammaproteobacteria;Burkholderiales;Alcaligenaceae;Paenalcaligenes
FN500.3;ASV1;4172;FN500;food waste;sorb-;5;3;Bacteria;Proteobacteria;Gammaproteobacteria;Enterobacterales;Morganellaceae;Providencia
FN500.3;ASV2;1097;FN500;food waste;sorb-;5;3;Bacteria;Proteobacteria;Gammaproteobacteria;Enterobacterales;Enterobacteriaceae;Klebsiella
FN500.3;ASV3;2803;FN500;food waste;sorb-;5;3;Bacteria;Proteobacteria;Gammaproteobacteria;Enterobacterales;Enterobacteriaceae;Enterobacter*
FN500.3;ASV4;533;FN500;food waste;sorb-;5;3;Bacteria;Firmicutes;Bacilli;Lactobacillales;Enterococcaceae;Enterococcus
FN500.3;ASV5;2278;FN500;food waste;sorb-;5;3;Bacteria;Firmicutes;Bacilli;Lactobacillales;Lactobacillaceae;Lactiplantibacillus
FN500.3;ASV6;2364;FN500;food waste;sorb-;5;3;Bacteria;Firmicutes;Bacilli;Lactobacillales;Lactobacillaceae;Lactobacillus
FN500.3;ASV7;0;FN500;food waste;sorb-;5;3;Bacteria;Firmicutes;Bacilli;Lactobacillales;Lactobacillaceae;Weissella
FN500.3;ASV8;72;FN500;food waste;sorb-;5;3;Bacteria;Firmicutes;Bacilli;Lactobacillales;Enterococcaceae;Enterococcus
FN500.3;ASV9;1233;FN500;food waste;sorb-;5;3;Bacteria;Firmicutes;Bacilli;Lactobacillales;Lactobacillaceae;Levilactobacillus
FN500.3;ASV10;13;FN500;food waste;sorb-;5;3;Bacteria;Firmicutes;Bacilli;Lactobacillales;Streptococcaceae;Lactococcus
FN500.3;ASV11;202;FN500;food waste;sorb-;5;3;Bacteria;Firmicutes;Bacilli;Lactobacillales;Lactobacillaceae;Lactobacillus
FN500.3;ASV12;0;FN500;food waste;sorb-;5;3;Bacteria;Firmicutes;Bacilli;Lactobacillales;Lactobacillaceae;Leuconostoc
FN500.3;ASV13;671;FN500;food waste;sorb-;5;3;Bacteria;Firmicutes;Bacilli;Staphylococcales;Staphylococcaceae;Mammaliicoccus*
FN500.3;ASV14;274;FN500;food waste;sorb-;5;3;Bacteria;Firmicutes;Bacilli;Lactobacillales;Enterococcaceae;Enterococcus
FN500.3;ASV15;215;FN500;food waste;sorb-;5;3;Bacteria;Firmicutes;Bacilli;Lactobacillales;Lactobacillaceae;Lacticaseibacillus
FN500.3;ASV16;27898;FN500;food waste;sorb-;5;3;Bacteria;Firmicutes;Bacilli;Lactobacillales;Carnobacteriaceae;Atopostipes
FN500.3;ASV17;0;FN500;food waste;sorb-;5;3;Bacteria;Firmicutes;Bacilli;Lactobacillales;Lactobacillaceae;Lactiplantibacillus
FN500.3;ASV18;1043;FN500;food waste;sorb-;5;3;Bacteria;Actinobacteriota;Actinobacteria;Actinomycetales;Actinomycetaceae;Actinomyces
FN500.3;ASV19;1090;FN500;food waste;sorb-;5;3;Bacteria;Proteobacteria;Gammaproteobacteria;Enterobacterales;Morganellaceae;Proteus
FN500.3;ASV20;0;FN500;food waste;sorb-;5;3;Bacteria;Actinobacteriota;Actinobacteria;Corynebacteriales;Corynebacteriaceae;Corynebacterium
FN500.3;ASV21;22;FN500;food waste;sorb-;5;3;Bacteria;Firmicutes;Bacilli;Bacillales;Bacillaceae;Bacillus
FN500.3;ASV22;52;FN500;food waste;sorb-;5;3;Bacteria;Firmicutes;Bacilli;Lactobacillales;Lactobacillaceae;Lacticaseibacillus
FN500.3;ASV23;62;FN500;food waste;sorb-;5;3;Bacteria;Firmicutes;Bacilli;Lactobacillales;Lactobacillaceae;Limosilactobacillus
FN500.3;ASV24;0;FN500;food waste;sorb-;5;3;Bacteria;Proteobacteria;Gammaproteobacteria;Enterobacterales;Enterobacteriaceae;Escherichia-Shigella
FN500.3;ASV25;649;FN500;food waste;sorb-;5;3;Bacteria;Firmicutes;Bacilli;Lactobacillales;Enterococcaceae;Enterococcus
FN500.3;ASV26;0;FN500;food waste;sorb-;5;3;Bacteria;Firmicutes;Bacilli;Lactobacillales;Lactobacillaceae;Leuconostoc
FN500.3;ASV27;0;FN500;food waste;sorb-;5;3;Bacteria;Firmicutes;Bacilli;Paenibacillales;Paenibacillaceae;Paenibacillus
FN500.3;ASV28;0;FN500;food waste;sorb-;5;3;Bacteria;Firmicutes;Bacilli;Lactobacillales;Lactobacillaceae;Lacticaseibacillus
FN500.3;ASV29;0;FN500;food waste;sorb-;5;3;Bacteria;Firmicutes;Bacilli;Bacillales;Bacillaceae;Pseudogracilibacillus
FN500.3;ASV32;0;FN500;food waste;sorb-;5;3;Bacteria;Firmicutes;Bacilli;Lactobacillales;Lactobacillaceae;Lactobacillus
FN500.3;ASV33;0;FN500;food waste;sorb-;5;3;Bacteria;Firmicutes;Bacilli;Lactobacillales;Streptococcaceae;Streptococcus
FN500.3;ASV34;0;FN500;food waste;sorb-;5;3;Bacteria;Proteobacteria;Gammaproteobacteria;Enterobacterales;Enterobacteriaceae;Klebsiella
FN500.3;ASV35;28;FN500;food waste;sorb-;5;3;Bacteria;Firmicutes;Bacilli;Lactobacillales;Lactobacillaceae;Weissella
FN500.3;ASV36;0;FN500;food waste;sorb-;5;3;Bacteria;Proteobacteria;Gammaproteobacteria;Enterobacterales;Morganellaceae;Providencia
FN500.3;ASV37;0;FN500;food waste;sorb-;5;3;Bacteria;Firmicutes;Bacilli;Lactobacillales;Lactobacillaceae;Pediococcus
FN500.3;ASV38;0;FN500;food waste;sorb-;5;3;Bacteria;Proteobacteria;Gammaproteobacteria;Enterobacterales;Enterobacteriaceae;Klebsiella
FN500.3;ASV39;0;FN500;food waste;sorb-;5;3;Bacteria;Firmicutes;Bacilli;Lactobacillales;Lactobacillaceae;Lactiplantibacillus
FN500.3;ASV40;0;FN500;food waste;sorb-;5;3;Bacteria;Actinobacteriota;Actinobacteria;Corynebacteriales;Corynebacteriaceae;Corynebacterium
FN500.3;ASV41;0;FN500;food waste;sorb-;5;3;Bacteria;Firmicutes;Clostridia;Clostridiales;Clostridiaceae;Clostridium sensu stricto 18
FN500.3;ASV42;0;FN500;food waste;sorb-;5;3;Bacteria;Firmicutes;Bacilli;Lactobacillales;Streptococcaceae;Streptococcus
FN500.3;ASV43;0;FN500;food waste;sorb-;5;3;Bacteria;Proteobacteria;Gammaproteobacteria;Enterobacterales;Enterobacteriaceae;Enterobacter*
FN500.3;ASV44;172;FN500;food waste;sorb-;5;3;Bacteria;Firmicutes;Bacilli;Lactobacillales;Enterococcaceae;Enterococcus*
FN500.3;ASV47;0;FN500;food waste;sorb-;5;3;Bacteria;Firmicutes;Bacilli;Lactobacillales;Lactobacillaceae;Lacticaseibacillus
FN500.3;ASV49;0;FN500;food waste;sorb-;5;3;Bacteria;Firmicutes;Bacilli;Bacillales;Bacillaceae;Pseudogracilibacillus
FN500.3;ASV50;0;FN500;food waste;sorb-;5;3;Bacteria;Proteobacteria;Gammaproteobacteria;Pseudomonadales;Pseudomonadaceae;Pseudomonas
FN500.3;ASV51;0;FN500;food waste;sorb-;5;3;Bacteria;Firmicutes;Bacilli;Lactobacillales;Lactobacillaceae;Leuconostoc
FN500.3;ASV52;0;FN500;food waste;sorb-;5;3;Bacteria;Firmicutes;Bacilli;Paenibacillales;Paenibacillaceae;Paenibacillus
FN500.3;ASV53;0;FN500;food waste;sorb-;5;3;Bacteria;Actinobacteriota;Actinobacteria;Corynebacteriales;Corynebacteriaceae;Corynebacterium
FN500.3;ASV54;0;FN500;food waste;sorb-;5;3;Bacteria;Firmicutes;Bacilli;Bacillales;Planococcaceae;Bacillus*
FN500.3;ASV55;0;FN500;food waste;sorb-;5;3;Bacteria;Firmicutes;Bacilli;Bacillales;Bacillaceae;Bacillus
FN500.3;ASV56;0;FN500;food waste;sorb-;5;3;Bacteria;Actinobacteriota;Actinobacteria;Corynebacteriales;Corynebacteriaceae;Corynebacterium
FN500.3;ASV57;0;FN500;food waste;sorb-;5;3;Bacteria;Proteobacteria;Gammaproteobacteria;Enterobacterales;Morganellaceae;Providencia
FN500.3;ASV58;0;FN500;food waste;sorb-;5;3;Bacteria;Actinobacteriota;Actinobacteria;Micrococcales;Brevibacteriaceae;Brevibacterium
FN500.3;ASV59;0;FN500;food waste;sorb-;5;3;Bacteria;Firmicutes;Bacilli;Bacillales;Planococcaceae;Solibacillus
FN500.3;ASV61;0;FN500;food waste;sorb-;5;3;Bacteria;Actinobacteriota;Actinobacteria;Corynebacteriales;Corynebacteriaceae;Corynebacterium
FN500.3;ASV66;0;FN500;food waste;sorb-;5;3;Bacteria;Firmicutes;Bacilli;Staphylococcales;Staphylococcaceae;Staphylococcus
FN500.3;ASV67;0;FN500;food waste;sorb-;5;3;Bacteria;Actinobacteriota;Actinobacteria;Micrococcales;Brevibacteriaceae;Brevibacterium
FN500.3;ASV68;0;FN500;food waste;sorb-;5;3;Bacteria;Actinobacteriota;Actinobacteria;Micrococcales;Promicromonosporaceae;Cellulosimicrobium
FN500.3;ASV69;0;FN500;food waste;sorb-;5;3;Bacteria;Firmicutes;Bacilli;Bacillales;Planococcaceae;Uncult. bacterium*
FN500.3;ASV70;0;FN500;food waste;sorb-;5;3;Bacteria;Proteobacteria;Gammaproteobacteria;Xanthomonadales;Xanthomonadaceae;SN8
FN500.3;ASV72;0;FN500;food waste;sorb-;5;3;Bacteria;Proteobacteria;Gammaproteobacteria;Pseudomonadales;Pseudomonadaceae;Pseudomonas
FN500.3;ASV73;0;FN500;food waste;sorb-;5;3;Bacteria;Proteobacteria;Gammaproteobacteria;Burkholderiales;Burkholderiaceae;Ralstonia
FN500.3;ASV75;0;FN500;food waste;sorb-;5;3;Bacteria;Firmicutes;Bacilli;Staphylococcales;Staphylococcaceae;
FN500.3;ASV77;0;FN500;food waste;sorb-;5;3;Bacteria;Firmicutes;Bacilli;Bacillales;Planococcaceae;Solibacillus
FN500.3;ASV78;0;FN500;food waste;sorb-;5;3;Bacteria;Firmicutes;Bacilli;Lactobacillales;Lactobacillaceae;Secundilactobacillus
FN500.3;ASV79;0;FN500;food waste;sorb-;5;3;Bacteria;Proteobacteria;Gammaproteobacteria;Enterobacterales;Enterobacteriaceae;
FN500.3;ASV80;0;FN500;food waste;sorb-;5;3;Bacteria;Firmicutes;Bacilli;Lactobacillales;Lactobacillaceae;Leuconostoc
FN500.3;ASV81;0;FN500;food waste;sorb-;5;3;Bacteria;Firmicutes;Bacilli;Lactobacillales;Lactobacillaceae;Lactobacillus
FN500.3;ASV83;0;FN500;food waste;sorb-;5;3;Bacteria;Proteobacteria;Gammaproteobacteria;Burkholderiales;Comamonadaceae;Delftia
FN500.3;ASV84;0;FN500;food waste;sorb-;5;3;Bacteria;Firmicutes;Bacilli;Lactobacillales;Lactobacillaceae;Loigolactobacillus
FN500.3;ASV87;0;FN500;food waste;sorb-;5;3;Bacteria;Firmicutes;Bacilli;Lactobacillales;Streptococcaceae;Streptococcus
FN500.3;ASV90;0;FN500;food waste;sorb-;5;3;Bacteria;Proteobacteria;Gammaproteobacteria;Xanthomonadales;Xanthomonadaceae;Stenotrophomonas
FN500.3;ASV91;0;FN500;food waste;sorb-;5;3;Bacteria;Firmicutes;Bacilli;Staphylococcales;Staphylococcaceae;Staphylococcus
FN500.3;ASV92;0;FN500;food waste;sorb-;5;3;Bacteria;Proteobacteria;Gammaproteobacteria;Enterobacterales;Yersiniaceae;Yersinia
FN500.3;ASV93;0;FN500;food waste;sorb-;5;3;Bacteria;Firmicutes;Bacilli;Bacillales;Bacillaceae;Oceanobacillus
FN500.3;ASV94;0;FN500;food waste;sorb-;5;3;Bacteria;Firmicutes;Bacilli;Lactobacillales;Lactobacillaceae;Levilactobacillus
FN500.3;ASV95;0;FN500;food waste;sorb-;5;3;Bacteria;Proteobacteria;Gammaproteobacteria;Pseudomonadales;Moraxellaceae;Psychrobacter
FN500.3;ASV96;0;FN500;food waste;sorb-;5;3;Bacteria;Firmicutes;Bacilli;Lactobacillales;Lactobacillaceae;Lactobacillus
FN500.3;ASV97;0;FN500;food waste;sorb-;5;3;Bacteria;Firmicutes;Bacilli;Lactobacillales;Lactobacillaceae;Lentilactobacillus
FN500.3;ASV99;0;FN500;food waste;sorb-;5;3;Bacteria;Proteobacteria;Alphaproteobacteria;Sphingomonadales;Sphingomonadaceae;Sphingomonas
FN500.3;ASV100;0;FN500;food waste;sorb-;5;3;Bacteria;Firmicutes;Bacilli;Lactobacillales;Lactobacillaceae;Lapidilactobacillus
FN500.3;ASV101;0;FN500;food waste;sorb-;5;3;Bacteria;Bacteroidota;Bacteroidia;Bacteroidales;Tannerellaceae;Parabacteroides
FN500.3;ASV104;0;FN500;food waste;sorb-;5;3;Bacteria;Firmicutes;Bacilli;Lactobacillales;Lactobacillaceae;Lactobacillus
FN500.3;ASV105;0;FN500;food waste;sorb-;5;3;Bacteria;Actinobacteriota;Actinobacteria;Micrococcales;Promicromonosporaceae;Cellulosimicrobium
FN500.3;ASV107;0;FN500;food waste;sorb-;5;3;Bacteria;Bacteroidota;Bacteroidia;Bacteroidales;Bacteroidaceae;Bacteroides
FN500.3;ASV110;0;FN500;food waste;sorb-;5;3;Bacteria;Proteobacteria;Gammaproteobacteria;Enterobacterales;Enterobacteriaceae;
FN500.3;ASV111;0;FN500;food waste;sorb-;5;3;Bacteria;Bacteroidota;Bacteroidia;Bacteroidales;Bacteroidaceae;Bacteroides
FN500.3;ASV113;0;FN500;food waste;sorb-;5;3;Bacteria;Firmicutes;Bacilli;Staphylococcales;Staphylococcaceae;Jeotgalicoccus
FN500.3;ASV114;0;FN500;food waste;sorb-;5;3;Bacteria;Firmicutes;Bacilli;Lactobacillales;Lactobacillaceae;Weissella
FN500.3;ASV115;0;FN500;food waste;sorb-;5;3;Bacteria;Proteobacteria;Gammaproteobacteria;Pseudomonadales;Alcanivoracaceae1;Alcanivorax
FN500.3;ASV116;0;FN500;food waste;sorb-;5;3;Bacteria;Firmicutes;Bacilli;Lactobacillales;Listeriaceae;Brochothrix
FN500.3;ASV117;0;FN500;food waste;sorb-;5;3;Bacteria;Actinobacteriota;Actinobacteria;Corynebacteriales;Corynebacteriaceae;Corynebacterium
FN500.3;ASV119;0;FN500;food waste;sorb-;5;3;Bacteria;Proteobacteria;Gammaproteobacteria;Pseudomonadales;Moraxellaceae;Psychrobacter
FN500.3;ASV120;0;FN500;food waste;sorb-;5;3;Bacteria;Proteobacteria;Gammaproteobacteria;Burkholderiales;Sutterellaceae;Parasutterella
FN500.3;ASV121;0;FN500;food waste;sorb-;5;3;Bacteria;Bacteroidota;Bacteroidia;Bacteroidales;Tannerellaceae;Parabacteroides
FN500.3;ASV122;0;FN500;food waste;sorb-;5;3;Bacteria;Proteobacteria;Gammaproteobacteria;Enterobacterales;Vibrionaceae;Photobacterium
FN500.3;ASV123;0;FN500;food waste;sorb-;5;3;Bacteria;Proteobacteria;Gammaproteobacteria;Pseudomonadales;Moraxellaceae;Acinetobacter
FN500.3;ASV126;0;FN500;food waste;sorb-;5;3;Bacteria;Proteobacteria;Gammaproteobacteria;Enterobacterales;Erwiniaceae;
FN500.3;ASV127;0;FN500;food waste;sorb-;5;3;Bacteria;Proteobacteria;Gammaproteobacteria;Pseudomonadales;Moraxellaceae;Acinetobacter
FN500.3;ASV129;0;FN500;food waste;sorb-;5;3;Bacteria;Proteobacteria;Alphaproteobacteria;Rhizobiales;Beijerinckiaceae;Methylobacterium-Methylorubrum
FN500.3;ASV130;0;FN500;food waste;sorb-;5;3;Bacteria;Proteobacteria;Alphaproteobacteria;Sphingomonadales;Sphingomonadaceae;Sphingomonas
FN500.3;ASV131;0;FN500;food waste;sorb-;5;3;Bacteria;Bacteroidota;Bacteroidia;Bacteroidales;Porphyromonadaceae;Porphyromonas
FN500.3;ASV133;0;FN500;food waste;sorb-;5;3;Bacteria;Proteobacteria;Gammaproteobacteria;Enterobacterales;Aeromonadaceae;Aeromonas
FN500.3;ASV135;0;FN500;food waste;sorb-;5;3;Bacteria;Proteobacteria;Gammaproteobacteria;Pseudomonadales;Moraxellaceae;Acinetobacter
FN500.3;ASV136;0;FN500;food waste;sorb-;5;3;Bacteria;Firmicutes;Clostridia;Oscillospirales;Ruminococcaceae;Faecalibacterium
FN500.3;ASV138;10;FN500;food waste;sorb-;5;3;Bacteria;Firmicutes;Bacilli;Bacillales;Bacillaceae;Amphibacillus
FN500.3;ASV139;0;FN500;food waste;sorb-;5;3;Bacteria;Actinobacteriota;Actinobacteria;Corynebacteriales;Corynebacteriaceae;Corynebacterium
FN500.3;ASV140;0;FN500;food waste;sorb-;5;3;Bacteria;Proteobacteria;Gammaproteobacteria;Pseudomonadales;Pseudomonadaceae;Pseudomonas
FN500.3;ASV141;0;FN500;food waste;sorb-;5;3;Bacteria;Firmicutes;Bacilli;Lactobacillales;Enterococcaceae;Tetragenococcus
FN500.3;ASV143;0;FN500;food waste;sorb-;5;3;Bacteria;Firmicutes;Bacilli;Bacillales;Bacillaceae;Bacillus
FN500.3;ASV144;0;FN500;food waste;sorb-;5;3;Bacteria;Proteobacteria;Gammaproteobacteria;Burkholderiales;Sutterellaceae;Parasutterella
FN500.3;ASV149;0;FN500;food waste;sorb-;5;3;Bacteria;Firmicutes;Bacilli;Lactobacillales;Lactobacillaceae;Lactobacillus
FN500.3;ASV150;0;FN500;food waste;sorb-;5;3;Bacteria;Proteobacteria;Gammaproteobacteria;Pseudomonadales;Moraxellaceae;Acinetobacter
FN500.3;ASV152;0;FN500;food waste;sorb-;5;3;Bacteria;Firmicutes;Clostridia;Oscillospirales;Ruminococcaceae;Subdoligranulum
FN500.3;ASV156;0;FN500;food waste;sorb-;5;3;Bacteria;Firmicutes;Bacilli;Lactobacillales;Lactobacillaceae;Lactobacillus
FN500.3;ASV157;0;FN500;food waste;sorb-;5;3;Bacteria;Proteobacteria;Gammaproteobacteria;Enterobacterales;Yersiniaceae;
FN500.3;ASV158;0;FN500;food waste;sorb-;5;3;Bacteria;Firmicutes;Bacilli;Lactobacillales;Lactobacillaceae;Leuconostoc
FN500.3;ASV160;0;FN500;food waste;sorb-;5;3;Bacteria;Proteobacteria;Gammaproteobacteria;Burkholderiales;Burkholderiaceae;Ralstonia
FN500.3;ASV161;0;FN500;food waste;sorb-;5;3;Bacteria;Proteobacteria;Gammaproteobacteria;Pseudomonadales;Moraxellaceae;Enhydrobacter
FN500.3;ASV162;0;FN500;food waste;sorb-;5;3;Bacteria;Proteobacteria;Gammaproteobacteria;Pseudomonadales;Moraxellaceae;Acinetobacter
FN500.3;ASV163;0;FN500;food waste;sorb-;5;3;Bacteria;Proteobacteria;Gammaproteobacteria;Enterobacterales;Aeromonadaceae;Aeromonas
FN500.3;ASV166;0;FN500;food waste;sorb-;5;3;Bacteria;Firmicutes;Bacilli;Lactobacillales;Lactobacillaceae;Schleiferilactobacillus
FN500.3;ASV168;0;FN500;food waste;sorb-;5;3;Bacteria;Firmicutes;Clostridia;Oscillospirales;Oscillospiraceae;Flavonifractor
FN500.3;ASV169;0;FN500;food waste;sorb-;5;3;Bacteria;Firmicutes;Clostridia;Oscillospirales;Ruminococcaceae;Faecalibacterium
FN500.3;ASV170;0;FN500;food waste;sorb-;5;3;Bacteria;Firmicutes;Bacilli;Lactobacillales;Streptococcaceae;Lactococcus
FN500.3;ASV177;0;FN500;food waste;sorb-;5;3;Bacteria;Firmicutes;Bacilli;Lactobacillales;Streptococcaceae;Lactococcus
FN500.3;ASV178;0;FN500;food waste;sorb-;5;3;Bacteria;Proteobacteria;Gammaproteobacteria;Burkholderiales;Burkholderiaceae;Burkholderia-Caballeronia-Paraburkholderia
FN500.3;ASV179;0;FN500;food waste;sorb-;5;3;Bacteria;Proteobacteria;Gammaproteobacteria;Burkholderiales;Comamonadaceae;Aquabacterium
FN500.3;ASV186;0;FN500;food waste;sorb-;5;3;Bacteria;Firmicutes;Bacilli;Paenibacillales;Paenibacillaceae;Paenibacillus
FN500.3;ASV187;0;FN500;food waste;sorb-;5;3;Bacteria;Proteobacteria;Gammaproteobacteria;Burkholderiales;Burkholderiaceae;Burkholderia-Caballeronia-Paraburkholderia
FN500.3;ASV188;0;FN500;food waste;sorb-;5;3;Bacteria;Firmicutes;Bacilli;Lactobacillales;Lactobacillaceae;Lactobacillus
FN500.3;ASV189;0;FN500;food waste;sorb-;5;3;Bacteria;Bacteroidota;Bacteroidia;Bacteroidales;Bacteroidaceae;Bacteroides
FN500.3;ASV190;0;FN500;food waste;sorb-;5;3;Bacteria;Firmicutes;Clostridia;Lachnospirales;Lachnospiraceae;Lachnospira
FN500.3;ASV199;0;FN500;food waste;sorb-;5;3;Bacteria;Firmicutes;Bacilli;Lactobacillales;Lactobacillaceae;HT002
FN500.3;ASV200;0;FN500;food waste;sorb-;5;3;Bacteria;Proteobacteria;Gammaproteobacteria;Enterobacterales;Pseudoalteromonadaceae;Pseudoalteromonas
FN500.3;ASV201;0;FN500;food waste;sorb-;5;3;Bacteria;Firmicutes;Clostridia;Lachnospirales;Lachnospiraceae;[Eubacterium] eligens group
FN500.3;ASV202;0;FN500;food waste;sorb-;5;3;Bacteria;Proteobacteria;Gammaproteobacteria;Burkholderiales;Sutterellaceae;Parasutterella
FN500.3;ASV203;0;FN500;food waste;sorb-;5;3;Bacteria;Firmicutes;Clostridia;Lachnospirales;Lachnospiraceae;[Eubacterium] eligens group
FN500.3;ASV204;0;FN500;food waste;sorb-;5;3;Bacteria;Proteobacteria;Gammaproteobacteria;Xanthomonadales;Xanthomonadaceae;
FN500.3;ASV219;0;FN500;food waste;sorb-;5;3;Bacteria;Proteobacteria;Gammaproteobacteria;Burkholderiales;Alcaligenaceae;Achromobacter
FN500.3;ASV221;0;FN500;food waste;sorb-;5;3;Bacteria;Firmicutes;Bacilli;Lactobacillales;Lactobacillaceae;Lacticaseibacillus
FN500.3;ASV222;0;FN500;food waste;sorb-;5;3;Bacteria;Proteobacteria;Gammaproteobacteria;Xanthomonadales;Xanthomonadaceae;Arenimonas
FN500.3;ASV223;0;FN500;food waste;sorb-;5;3;Bacteria;Proteobacteria;Gammaproteobacteria;Pseudomonadales;Pseudomonadaceae;Pseudomonas
FN500.3;ASV225;0;FN500;food waste;sorb-;5;3;Bacteria;Firmicutes;Bacilli;Lactobacillales;Lactobacillaceae;Weissella
FN500.3;ASV227;0;FN500;food waste;sorb-;5;3;Bacteria;Firmicutes;Bacilli;Lactobacillales;Streptococcaceae;
FN500.3;ASV228;0;FN500;food waste;sorb-;5;3;Bacteria;Firmicutes;Bacilli;Alicyclobacillales;Alicyclobacillaceae;Alicyclobacillus
FN500.3;ASV230;0;FN500;food waste;sorb-;5;3;Bacteria;Firmicutes;Clostridia;Peptostreptococcales-Tissierellales;Family XI;Anaerococcus
FN500.3;ASV232;0;FN500;food waste;sorb-;5;3;Bacteria;Firmicutes;Clostridia;Peptostreptococcales-Tissierellales;Clostridiisalibacter;
FN500.3;ASV257;0;FN500;food waste;sorb-;5;3;Bacteria;Actinobacteriota;Actinobacteria;Micrococcales;Micrococcaceae;Pseudarthrobacter
FN500.3;ASV258;0;FN500;food waste;sorb-;5;3;Bacteria;Firmicutes;Bacilli;Bacillales;Bacillaceae;Oceanobacillus
FN500.3;ASV259;0;FN500;food waste;sorb-;5;3;Bacteria;Verrucomicrobiota;Verrucomicrobiae;Pedosphaerales;Pedosphaeraceae;ADurb.Bin063-1
FN500.3;ASV261;0;FN500;food waste;sorb-;5;3;Bacteria;Proteobacteria;Gammaproteobacteria;Pseudomonadales;Moraxellaceae;Enhydrobacter
FN500.3;ASV263;0;FN500;food waste;sorb-;5;3;Bacteria;Firmicutes;Clostridia;Clostridiales;Clostridiaceae;Clostridium sensu stricto 18
FN500.3;ASV265;2;FN500;food waste;sorb-;5;3;Bacteria;Proteobacteria;Gammaproteobacteria;Enterobacterales;Pasteurellaceae;Haemophilus
FN500.3;ASV266;3;FN500;food waste;sorb-;5;3;Bacteria;Proteobacteria;Gammaproteobacteria;Burkholderiales;Comamonadaceae;
FN500.3;ASV267;2;FN500;food waste;sorb-;5;3;Bacteria;Actinobacteriota;Actinobacteria;Frankiales;Nakamurellaceae;Nakamurella
FN500.3;ASV269;0;FN500;food waste;sorb-;5;3;Bacteria;Proteobacteria;Gammaproteobacteria;Burkholderiales;Comamonadaceae;
FN500.3;ASV270;0;FN500;food waste;sorb-;5;3;Bacteria;Actinobacteriota;Actinobacteria;Streptomycetales;Streptomycetaceae;Streptomyces
FN500.3;ASV271;0;FN500;food waste;sorb-;5;3;Bacteria;Firmicutes;Bacilli;Acholeplasmatales;Acholeplasmataceae;Candidatus Phytoplasma
FN500.3;ASV272;0;FN500;food waste;sorb-;5;3;Bacteria;Bacteroidota;Bacteroidia;Bacteroidales;Tannerellaceae;Parabacteroides
FN500.3;ASV275;0;FN500;food waste;sorb-;5;3;Bacteria;Firmicutes;Negativicutes;Veillonellales-Selenomonadales;Veillonellaceae;Dialister
FN500.3;ASV277;0;FN500;food waste;sorb-;5;3;Bacteria;Firmicutes;Bacilli;Lactobacillales;Carnobacteriaceae;
FN500.3;ASV280;0;FN500;food waste;sorb-;5;3;Bacteria;Actinobacteriota;Actinobacteria;Streptomycetales;Streptomycetaceae;Streptomyces
FN500.3;ASV314;0;FN500;food waste;sorb-;5;3;Bacteria;Proteobacteria;Gammaproteobacteria;Xanthomonadales;Xanthomonadaceae;Arenimonas
FN500.3;ASV318;0;FN500;food waste;sorb-;5;3;Bacteria;Chloroflexi;Chloroflexia;Thermomicrobiales;JG30-KF-CM45;
FN500.3;ASV319;0;FN500;food waste;sorb-;5;3;Bacteria;Proteobacteria;Gammaproteobacteria;Xanthomonadales;Xanthomonadaceae;Arenimonas
FN500.3;ASV323;0;FN500;food waste;sorb-;5;3;Bacteria;Gemmatimonadota;Gemmatimonadetes;Gemmatimonadales;Gemmatimonadaceae;
FN500.3;ASV326;0;FN500;food waste;sorb-;5;3;Bacteria;Proteobacteria;Alphaproteobacteria;Rhizobiales;Rhizobiales Incertae Sedis;Nordella
FN500.3;ASV328;0;FN500;food waste;sorb-;5;3;Bacteria;Chloroflexi;Anaerolineae;Anaerolineales;Anaerolineaceae;
FN500.3;ASV329;0;FN500;food waste;sorb-;5;3;Bacteria;Proteobacteria;Gammaproteobacteria;Burkholderiales;Oxalobacteraceae;
FN500.3;ASV331;1;FN500;food waste;sorb-;5;3;Bacteria;Proteobacteria;Gammaproteobacteria;Steroidobacterales;Woeseiaceae;Woeseia
FN500.3;ASV333;0;FN500;food waste;sorb-;5;3;Bacteria;Proteobacteria;Gammaproteobacteria;Xanthomonadales;Xanthomonadaceae;
FN500.3;ASV334;0;FN500;food waste;sorb-;5;3;Bacteria;Firmicutes;Clostridia;Lachnospirales;Lachnospiraceae;
FN500.3;ASV336;0;FN500;food waste;sorb-;5;3;Bacteria;Bacteroidota;Bacteroidia;Flavobacteriales;Weeksellaceae;Empedobacter
FN500.3;ASV337;0;FN500;food waste;sorb-;5;3;Bacteria;Proteobacteria;Alphaproteobacteria;Rhizobiales;Beijerinckiaceae;Microvirga
FN500.3;ASV338;0;FN500;food waste;sorb-;5;3;Bacteria;Planctomycetota;Brocadiae;Brocadiales;Brocadiaceae;Candidatus Brocadia
FN500.3;ASV339;0;FN500;food waste;sorb-;5;3;Bacteria;Proteobacteria;Alphaproteobacteria;Rhizobiales;Beijerinckiaceae;Methylobacterium-Methylorubrum
FN500.3;ASV340;0;FN500;food waste;sorb-;5;3;Bacteria;Proteobacteria;Gammaproteobacteria;Pseudomonadales;Moraxellaceae;Acinetobacter
FN500.3;ASV342;0;FN500;food waste;sorb-;5;3;Bacteria;Planctomycetota;Brocadiae;Brocadiales;Brocadiaceae;Candidatus Brocadia
FN500.3;ASV344;0;FN500;food waste;sorb-;5;3;Bacteria;Actinobacteriota;Actinobacteria;Frankiales;Nakamurellaceae;Nakamurella
FN500.3;ASV345;0;FN500;food waste;sorb-;5;3;Bacteria;Hydrogenedentes;Hydrogenedentia;Hydrogenedentiales;Hydrogenedensaceae;
FN500.3;ASV346;0;FN500;food waste;sorb-;5;3;Bacteria;Gemmatimonadota;Gemmatimonadetes;Gemmatimonadales;Gemmatimonadaceae;
FN500.3;ASV352;0;FN500;food waste;sorb-;5;3;Bacteria;Proteobacteria;Gammaproteobacteria;Pseudomonadales;Marinobacteraceae;Marinobacter
FN500.3;ASV353;0;FN500;food waste;sorb-;5;3;Bacteria;Acidobacteriota;Vicinamibacteria;Vicinamibacterales;Vicinamibacteraceae;
FN500.3;ASV354;0;FN500;food waste;sorb-;5;3;Bacteria;Proteobacteria;Gammaproteobacteria;Pseudomonadales;Alcanivoracaceae1;Alcanivorax
FN500.3;ASV355;0;FN500;food waste;sorb-;5;3;Bacteria;Actinobacteriota;Acidimicrobiia;Microtrichales;Iamiaceae;Iamia
FN500.3;ASV360;0;FN500;food waste;sorb-;5;3;Bacteria;Actinobacteriota;Actinobacteria;Corynebacteriales;Corynebacteriaceae;
FN500.3;ASV361;0;FN500;food waste;sorb-;5;3;Bacteria;Proteobacteria;Gammaproteobacteria;Burkholderiales;Alcaligenaceae;Paenalcaligenes
FP000.1;ASV1;0;FP000;food waste;sorb+;0;1;Bacteria;Proteobacteria;Gammaproteobacteria;Enterobacterales;Morganellaceae;Providencia
FP000.1;ASV2;37;FP000;food waste;sorb+;0;1;Bacteria;Proteobacteria;Gammaproteobacteria;Enterobacterales;Enterobacteriaceae;Klebsiella
FP000.1;ASV3;0;FP000;food waste;sorb+;0;1;Bacteria;Proteobacteria;Gammaproteobacteria;Enterobacterales;Enterobacteriaceae;Enterobacter*
FP000.1;ASV4;0;FP000;food waste;sorb+;0;1;Bacteria;Firmicutes;Bacilli;Lactobacillales;Enterococcaceae;Enterococcus
FP000.1;ASV5;25286;FP000;food waste;sorb+;0;1;Bacteria;Firmicutes;Bacilli;Lactobacillales;Lactobacillaceae;Lactiplantibacillus
FP000.1;ASV6;10;FP000;food waste;sorb+;0;1;Bacteria;Firmicutes;Bacilli;Lactobacillales;Lactobacillaceae;Lactobacillus
FP000.1;ASV7;7888;FP000;food waste;sorb+;0;1;Bacteria;Firmicutes;Bacilli;Lactobacillales;Lactobacillaceae;Weissella
FP000.1;ASV8;0;FP000;food waste;sorb+;0;1;Bacteria;Firmicutes;Bacilli;Lactobacillales;Enterococcaceae;Enterococcus
FP000.1;ASV9;0;FP000;food waste;sorb+;0;1;Bacteria;Firmicutes;Bacilli;Lactobacillales;Lactobacillaceae;Levilactobacillus
FP000.1;ASV10;1069;FP000;food waste;sorb+;0;1;Bacteria;Firmicutes;Bacilli;Lactobacillales;Streptococcaceae;Lactococcus
FP000.1;ASV11;0;FP000;food waste;sorb+;0;1;Bacteria;Firmicutes;Bacilli;Lactobacillales;Lactobacillaceae;Lactobacillus
FP000.1;ASV12;3696;FP000;food waste;sorb+;0;1;Bacteria;Firmicutes;Bacilli;Lactobacillales;Lactobacillaceae;Leuconostoc
FP000.1;ASV13;0;FP000;food waste;sorb+;0;1;Bacteria;Firmicutes;Bacilli;Staphylococcales;Staphylococcaceae;Mammaliicoccus*
FP000.1;ASV14;331;FP000;food waste;sorb+;0;1;Bacteria;Firmicutes;Bacilli;Lactobacillales;Enterococcaceae;Enterococcus
FP000.1;ASV15;798;FP000;food waste;sorb+;0;1;Bacteria;Firmicutes;Bacilli;Lactobacillales;Lactobacillaceae;Lacticaseibacillus
FP000.1;ASV16;0;FP000;food waste;sorb+;0;1;Bacteria;Firmicutes;Bacilli;Lactobacillales;Carnobacteriaceae;Atopostipes
FP000.1;ASV17;5559;FP000;food waste;sorb+;0;1;Bacteria;Firmicutes;Bacilli;Lactobacillales;Lactobacillaceae;Lactiplantibacillus
FP000.1;ASV18;0;FP000;food waste;sorb+;0;1;Bacteria;Actinobacteriota;Actinobacteria;Actinomycetales;Actinomycetaceae;Actinomyces
FP000.1;ASV19;0;FP000;food waste;sorb+;0;1;Bacteria;Proteobacteria;Gammaproteobacteria;Enterobacterales;Morganellaceae;Proteus
FP000.1;ASV20;0;FP000;food waste;sorb+;0;1;Bacteria;Actinobacteriota;Actinobacteria;Corynebacteriales;Corynebacteriaceae;Corynebacterium
FP000.1;ASV21;15;FP000;food waste;sorb+;0;1;Bacteria;Firmicutes;Bacilli;Bacillales;Bacillaceae;Bacillus
FP000.1;ASV22;211;FP000;food waste;sorb+;0;1;Bacteria;Firmicutes;Bacilli;Lactobacillales;Lactobacillaceae;Lacticaseibacillus
FP000.1;ASV23;90;FP000;food waste;sorb+;0;1;Bacteria;Firmicutes;Bacilli;Lactobacillales;Lactobacillaceae;Limosilactobacillus
FP000.1;ASV24;0;FP000;food waste;sorb+;0;1;Bacteria;Proteobacteria;Gammaproteobacteria;Enterobacterales;Enterobacteriaceae;Escherichia-Shigella
FP000.1;ASV25;0;FP000;food waste;sorb+;0;1;Bacteria;Firmicutes;Bacilli;Lactobacillales;Enterococcaceae;Enterococcus
FP000.1;ASV26;1090;FP000;food waste;sorb+;0;1;Bacteria;Firmicutes;Bacilli;Lactobacillales;Lactobacillaceae;Leuconostoc
FP000.1;ASV27;0;FP000;food waste;sorb+;0;1;Bacteria;Firmicutes;Bacilli;Paenibacillales;Paenibacillaceae;Paenibacillus
FP000.1;ASV28;157;FP000;food waste;sorb+;0;1;Bacteria;Firmicutes;Bacilli;Lactobacillales;Lactobacillaceae;Lacticaseibacillus
FP000.1;ASV29;0;FP000;food waste;sorb+;0;1;Bacteria;Firmicutes;Bacilli;Bacillales;Bacillaceae;Pseudogracilibacillus
FP000.1;ASV32;0;FP000;food waste;sorb+;0;1;Bacteria;Firmicutes;Bacilli;Lactobacillales;Lactobacillaceae;Lactobacillus
FP000.1;ASV33;294;FP000;food waste;sorb+;0;1;Bacteria;Firmicutes;Bacilli;Lactobacillales;Streptococcaceae;Streptococcus
FP000.1;ASV34;0;FP000;food waste;sorb+;0;1;Bacteria;Proteobacteria;Gammaproteobacteria;Enterobacterales;Enterobacteriaceae;Klebsiella
FP000.1;ASV35;0;FP000;food waste;sorb+;0;1;Bacteria;Firmicutes;Bacilli;Lactobacillales;Lactobacillaceae;Weissella
FP000.1;ASV36;0;FP000;food waste;sorb+;0;1;Bacteria;Proteobacteria;Gammaproteobacteria;Enterobacterales;Morganellaceae;Providencia
FP000.1;ASV37;0;FP000;food waste;sorb+;0;1;Bacteria;Firmicutes;Bacilli;Lactobacillales;Lactobacillaceae;Pediococcus
FP000.1;ASV38;0;FP000;food waste;sorb+;0;1;Bacteria;Proteobacteria;Gammaproteobacteria;Enterobacterales;Enterobacteriaceae;Klebsiella
FP000.1;ASV39;0;FP000;food waste;sorb+;0;1;Bacteria;Firmicutes;Bacilli;Lactobacillales;Lactobacillaceae;Lactiplantibacillus
FP000.1;ASV40;0;FP000;food waste;sorb+;0;1;Bacteria;Actinobacteriota;Actinobacteria;Corynebacteriales;Corynebacteriaceae;Corynebacterium
FP000.1;ASV41;0;FP000;food waste;sorb+;0;1;Bacteria;Firmicutes;Clostridia;Clostridiales;Clostridiaceae;Clostridium sensu stricto 18
FP000.1;ASV42;210;FP000;food waste;sorb+;0;1;Bacteria;Firmicutes;Bacilli;Lactobacillales;Streptococcaceae;Streptococcus
FP000.1;ASV43;0;FP000;food waste;sorb+;0;1;Bacteria;Proteobacteria;Gammaproteobacteria;Enterobacterales;Enterobacteriaceae;Enterobacter*
FP000.1;ASV44;0;FP000;food waste;sorb+;0;1;Bacteria;Firmicutes;Bacilli;Lactobacillales;Enterococcaceae;Enterococcus*
FP000.1;ASV47;50;FP000;food waste;sorb+;0;1;Bacteria;Firmicutes;Bacilli;Lactobacillales;Lactobacillaceae;Lacticaseibacillus
FP000.1;ASV49;0;FP000;food waste;sorb+;0;1;Bacteria;Firmicutes;Bacilli;Bacillales;Bacillaceae;Pseudogracilibacillus
FP000.1;ASV50;1;FP000;food waste;sorb+;0;1;Bacteria;Proteobacteria;Gammaproteobacteria;Pseudomonadales;Pseudomonadaceae;Pseudomonas
FP000.1;ASV51;95;FP000;food waste;sorb+;0;1;Bacteria;Firmicutes;Bacilli;Lactobacillales;Lactobacillaceae;Leuconostoc
FP000.1;ASV52;0;FP000;food waste;sorb+;0;1;Bacteria;Firmicutes;Bacilli;Paenibacillales;Paenibacillaceae;Paenibacillus
FP000.1;ASV53;0;FP000;food waste;sorb+;0;1;Bacteria;Actinobacteriota;Actinobacteria;Corynebacteriales;Corynebacteriaceae;Corynebacterium
FP000.1;ASV54;0;FP000;food waste;sorb+;0;1;Bacteria;Firmicutes;Bacilli;Bacillales;Planococcaceae;Bacillus*
FP000.1;ASV55;8;FP000;food waste;sorb+;0;1;Bacteria;Firmicutes;Bacilli;Bacillales;Bacillaceae;Bacillus
FP000.1;ASV56;0;FP000;food waste;sorb+;0;1;Bacteria;Actinobacteriota;Actinobacteria;Corynebacteriales;Corynebacteriaceae;Corynebacterium
FP000.1;ASV57;0;FP000;food waste;sorb+;0;1;Bacteria;Proteobacteria;Gammaproteobacteria;Enterobacterales;Morganellaceae;Providencia
FP000.1;ASV58;0;FP000;food waste;sorb+;0;1;Bacteria;Actinobacteriota;Actinobacteria;Micrococcales;Brevibacteriaceae;Brevibacterium
FP000.1;ASV59;0;FP000;food waste;sorb+;0;1;Bacteria;Firmicutes;Bacilli;Bacillales;Planococcaceae;Solibacillus
FP000.1;ASV61;0;FP000;food waste;sorb+;0;1;Bacteria;Actinobacteriota;Actinobacteria;Corynebacteriales;Corynebacteriaceae;Corynebacterium
FP000.1;ASV66;19;FP000;food waste;sorb+;0;1;Bacteria;Firmicutes;Bacilli;Staphylococcales;Staphylococcaceae;Staphylococcus
FP000.1;ASV67;0;FP000;food waste;sorb+;0;1;Bacteria;Actinobacteriota;Actinobacteria;Micrococcales;Brevibacteriaceae;Brevibacterium
FP000.1;ASV68;0;FP000;food waste;sorb+;0;1;Bacteria;Actinobacteriota;Actinobacteria;Micrococcales;Promicromonosporaceae;Cellulosimicrobium
FP000.1;ASV69;0;FP000;food waste;sorb+;0;1;Bacteria;Firmicutes;Bacilli;Bacillales;Planococcaceae;Uncult. bacterium*
FP000.1;ASV70;0;FP000;food waste;sorb+;0;1;Bacteria;Proteobacteria;Gammaproteobacteria;Xanthomonadales;Xanthomonadaceae;SN8
FP000.1;ASV72;0;FP000;food waste;sorb+;0;1;Bacteria;Proteobacteria;Gammaproteobacteria;Pseudomonadales;Pseudomonadaceae;Pseudomonas
FP000.1;ASV73;0;FP000;food waste;sorb+;0;1;Bacteria;Proteobacteria;Gammaproteobacteria;Burkholderiales;Burkholderiaceae;Ralstonia
FP000.1;ASV75;0;FP000;food waste;sorb+;0;1;Bacteria;Firmicutes;Bacilli;Staphylococcales;Staphylococcaceae;
FP000.1;ASV77;0;FP000;food waste;sorb+;0;1;Bacteria;Firmicutes;Bacilli;Bacillales;Planococcaceae;Solibacillus
FP000.1;ASV78;12;FP000;food waste;sorb+;0;1;Bacteria;Firmicutes;Bacilli;Lactobacillales;Lactobacillaceae;Secundilactobacillus
FP000.1;ASV79;0;FP000;food waste;sorb+;0;1;Bacteria;Proteobacteria;Gammaproteobacteria;Enterobacterales;Enterobacteriaceae;
FP000.1;ASV80;11;FP000;food waste;sorb+;0;1;Bacteria;Firmicutes;Bacilli;Lactobacillales;Lactobacillaceae;Leuconostoc
FP000.1;ASV81;0;FP000;food waste;sorb+;0;1;Bacteria;Firmicutes;Bacilli;Lactobacillales;Lactobacillaceae;Lactobacillus
FP000.1;ASV83;0;FP000;food waste;sorb+;0;1;Bacteria;Proteobacteria;Gammaproteobacteria;Burkholderiales;Comamonadaceae;Delftia
FP000.1;ASV84;0;FP000;food waste;sorb+;0;1;Bacteria;Firmicutes;Bacilli;Lactobacillales;Lactobacillaceae;Loigolactobacillus
FP000.1;ASV87;15;FP000;food waste;sorb+;0;1;Bacteria;Firmicutes;Bacilli;Lactobacillales;Streptococcaceae;Streptococcus
FP000.1;ASV90;0;FP000;food waste;sorb+;0;1;Bacteria;Proteobacteria;Gammaproteobacteria;Xanthomonadales;Xanthomonadaceae;Stenotrophomonas
FP000.1;ASV91;0;FP000;food waste;sorb+;0;1;Bacteria;Firmicutes;Bacilli;Staphylococcales;Staphylococcaceae;Staphylococcus
FP000.1;ASV92;0;FP000;food waste;sorb+;0;1;Bacteria;Proteobacteria;Gammaproteobacteria;Enterobacterales;Yersiniaceae;Yersinia
FP000.1;ASV93;0;FP000;food waste;sorb+;0;1;Bacteria;Firmicutes;Bacilli;Bacillales;Bacillaceae;Oceanobacillus
FP000.1;ASV94;0;FP000;food waste;sorb+;0;1;Bacteria;Firmicutes;Bacilli;Lactobacillales;Lactobacillaceae;Levilactobacillus
FP000.1;ASV95;0;FP000;food waste;sorb+;0;1;Bacteria;Proteobacteria;Gammaproteobacteria;Pseudomonadales;Moraxellaceae;Psychrobacter
FP000.1;ASV96;0;FP000;food waste;sorb+;0;1;Bacteria;Firmicutes;Bacilli;Lactobacillales;Lactobacillaceae;Lactobacillus
FP000.1;ASV97;0;FP000;food waste;sorb+;0;1;Bacteria;Firmicutes;Bacilli;Lactobacillales;Lactobacillaceae;Lentilactobacillus
FP000.1;ASV99;0;FP000;food waste;sorb+;0;1;Bacteria;Proteobacteria;Alphaproteobacteria;Sphingomonadales;Sphingomonadaceae;Sphingomonas
FP000.1;ASV100;0;FP000;food waste;sorb+;0;1;Bacteria;Firmicutes;Bacilli;Lactobacillales;Lactobacillaceae;Lapidilactobacillus
FP000.1;ASV101;0;FP000;food waste;sorb+;0;1;Bacteria;Bacteroidota;Bacteroidia;Bacteroidales;Tannerellaceae;Parabacteroides
FP000.1;ASV104;0;FP000;food waste;sorb+;0;1;Bacteria;Firmicutes;Bacilli;Lactobacillales;Lactobacillaceae;Lactobacillus
FP000.1;ASV105;0;FP000;food waste;sorb+;0;1;Bacteria;Actinobacteriota;Actinobacteria;Micrococcales;Promicromonosporaceae;Cellulosimicrobium
FP000.1;ASV107;0;FP000;food waste;sorb+;0;1;Bacteria;Bacteroidota;Bacteroidia;Bacteroidales;Bacteroidaceae;Bacteroides
FP000.1;ASV110;0;FP000;food waste;sorb+;0;1;Bacteria;Proteobacteria;Gammaproteobacteria;Enterobacterales;Enterobacteriaceae;
FP000.1;ASV111;0;FP000;food waste;sorb+;0;1;Bacteria;Bacteroidota;Bacteroidia;Bacteroidales;Bacteroidaceae;Bacteroides
FP000.1;ASV113;0;FP000;food waste;sorb+;0;1;Bacteria;Firmicutes;Bacilli;Staphylococcales;Staphylococcaceae;Jeotgalicoccus
FP000.1;ASV114;0;FP000;food waste;sorb+;0;1;Bacteria;Firmicutes;Bacilli;Lactobacillales;Lactobacillaceae;Weissella
FP000.1;ASV115;0;FP000;food waste;sorb+;0;1;Bacteria;Proteobacteria;Gammaproteobacteria;Pseudomonadales;Alcanivoracaceae1;Alcanivorax
FP000.1;ASV116;0;FP000;food waste;sorb+;0;1;Bacteria;Firmicutes;Bacilli;Lactobacillales;Listeriaceae;Brochothrix
FP000.1;ASV117;0;FP000;food waste;sorb+;0;1;Bacteria;Actinobacteriota;Actinobacteria;Corynebacteriales;Corynebacteriaceae;Corynebacterium
FP000.1;ASV119;0;FP000;food waste;sorb+;0;1;Bacteria;Proteobacteria;Gammaproteobacteria;Pseudomonadales;Moraxellaceae;Psychrobacter
FP000.1;ASV120;0;FP000;food waste;sorb+;0;1;Bacteria;Proteobacteria;Gammaproteobacteria;Burkholderiales;Sutterellaceae;Parasutterella
FP000.1;ASV121;0;FP000;food waste;sorb+;0;1;Bacteria;Bacteroidota;Bacteroidia;Bacteroidales;Tannerellaceae;Parabacteroides
FP000.1;ASV122;0;FP000;food waste;sorb+;0;1;Bacteria;Proteobacteria;Gammaproteobacteria;Enterobacterales;Vibrionaceae;Photobacterium
FP000.1;ASV123;0;FP000;food waste;sorb+;0;1;Bacteria;Proteobacteria;Gammaproteobacteria;Pseudomonadales;Moraxellaceae;Acinetobacter
FP000.1;ASV126;0;FP000;food waste;sorb+;0;1;Bacteria;Proteobacteria;Gammaproteobacteria;Enterobacterales;Erwiniaceae;
FP000.1;ASV127;0;FP000;food waste;sorb+;0;1;Bacteria;Proteobacteria;Gammaproteobacteria;Pseudomonadales;Moraxellaceae;Acinetobacter
FP000.1;ASV129;0;FP000;food waste;sorb+;0;1;Bacteria;Proteobacteria;Alphaproteobacteria;Rhizobiales;Beijerinckiaceae;Methylobacterium-Methylorubrum
FP000.1;ASV130;0;FP000;food waste;sorb+;0;1;Bacteria;Proteobacteria;Alphaproteobacteria;Sphingomonadales;Sphingomonadaceae;Sphingomonas
FP000.1;ASV131;0;FP000;food waste;sorb+;0;1;Bacteria;Bacteroidota;Bacteroidia;Bacteroidales;Porphyromonadaceae;Porphyromonas
FP000.1;ASV133;0;FP000;food waste;sorb+;0;1;Bacteria;Proteobacteria;Gammaproteobacteria;Enterobacterales;Aeromonadaceae;Aeromonas
FP000.1;ASV135;0;FP000;food waste;sorb+;0;1;Bacteria;Proteobacteria;Gammaproteobacteria;Pseudomonadales;Moraxellaceae;Acinetobacter
FP000.1;ASV136;0;FP000;food waste;sorb+;0;1;Bacteria;Firmicutes;Clostridia;Oscillospirales;Ruminococcaceae;Faecalibacterium
FP000.1;ASV138;0;FP000;food waste;sorb+;0;1;Bacteria;Firmicutes;Bacilli;Bacillales;Bacillaceae;Amphibacillus
FP000.1;ASV139;0;FP000;food waste;sorb+;0;1;Bacteria;Actinobacteriota;Actinobacteria;Corynebacteriales;Corynebacteriaceae;Corynebacterium
FP000.1;ASV140;0;FP000;food waste;sorb+;0;1;Bacteria;Proteobacteria;Gammaproteobacteria;Pseudomonadales;Pseudomonadaceae;Pseudomonas
FP000.1;ASV141;0;FP000;food waste;sorb+;0;1;Bacteria;Firmicutes;Bacilli;Lactobacillales;Enterococcaceae;Tetragenococcus
FP000.1;ASV143;0;FP000;food waste;sorb+;0;1;Bacteria;Firmicutes;Bacilli;Bacillales;Bacillaceae;Bacillus
FP000.1;ASV144;0;FP000;food waste;sorb+;0;1;Bacteria;Proteobacteria;Gammaproteobacteria;Burkholderiales;Sutterellaceae;Parasutterella
FP000.1;ASV149;0;FP000;food waste;sorb+;0;1;Bacteria;Firmicutes;Bacilli;Lactobacillales;Lactobacillaceae;Lactobacillus
FP000.1;ASV150;0;FP000;food waste;sorb+;0;1;Bacteria;Proteobacteria;Gammaproteobacteria;Pseudomonadales;Moraxellaceae;Acinetobacter
FP000.1;ASV152;0;FP000;food waste;sorb+;0;1;Bacteria;Firmicutes;Clostridia;Oscillospirales;Ruminococcaceae;Subdoligranulum
FP000.1;ASV156;0;FP000;food waste;sorb+;0;1;Bacteria;Firmicutes;Bacilli;Lactobacillales;Lactobacillaceae;Lactobacillus
FP000.1;ASV157;0;FP000;food waste;sorb+;0;1;Bacteria;Proteobacteria;Gammaproteobacteria;Enterobacterales;Yersiniaceae;
FP000.1;ASV158;0;FP000;food waste;sorb+;0;1;Bacteria;Firmicutes;Bacilli;Lactobacillales;Lactobacillaceae;Leuconostoc
FP000.1;ASV160;0;FP000;food waste;sorb+;0;1;Bacteria;Proteobacteria;Gammaproteobacteria;Burkholderiales;Burkholderiaceae;Ralstonia
FP000.1;ASV161;0;FP000;food waste;sorb+;0;1;Bacteria;Proteobacteria;Gammaproteobacteria;Pseudomonadales;Moraxellaceae;Enhydrobacter
FP000.1;ASV162;0;FP000;food waste;sorb+;0;1;Bacteria;Proteobacteria;Gammaproteobacteria;Pseudomonadales;Moraxellaceae;Acinetobacter
FP000.1;ASV163;0;FP000;food waste;sorb+;0;1;Bacteria;Proteobacteria;Gammaproteobacteria;Enterobacterales;Aeromonadaceae;Aeromonas
FP000.1;ASV166;0;FP000;food waste;sorb+;0;1;Bacteria;Firmicutes;Bacilli;Lactobacillales;Lactobacillaceae;Schleiferilactobacillus
FP000.1;ASV168;0;FP000;food waste;sorb+;0;1;Bacteria;Firmicutes;Clostridia;Oscillospirales;Oscillospiraceae;Flavonifractor
FP000.1;ASV169;0;FP000;food waste;sorb+;0;1;Bacteria;Firmicutes;Clostridia;Oscillospirales;Ruminococcaceae;Faecalibacterium
FP000.1;ASV170;0;FP000;food waste;sorb+;0;1;Bacteria;Firmicutes;Bacilli;Lactobacillales;Streptococcaceae;Lactococcus
FP000.1;ASV177;0;FP000;food waste;sorb+;0;1;Bacteria;Firmicutes;Bacilli;Lactobacillales;Streptococcaceae;Lactococcus
FP000.1;ASV178;0;FP000;food waste;sorb+;0;1;Bacteria;Proteobacteria;Gammaproteobacteria;Burkholderiales;Burkholderiaceae;Burkholderia-Caballeronia-Paraburkholderia
FP000.1;ASV179;0;FP000;food waste;sorb+;0;1;Bacteria;Proteobacteria;Gammaproteobacteria;Burkholderiales;Comamonadaceae;Aquabacterium
FP000.1;ASV186;0;FP000;food waste;sorb+;0;1;Bacteria;Firmicutes;Bacilli;Paenibacillales;Paenibacillaceae;Paenibacillus
FP000.1;ASV187;0;FP000;food waste;sorb+;0;1;Bacteria;Proteobacteria;Gammaproteobacteria;Burkholderiales;Burkholderiaceae;Burkholderia-Caballeronia-Paraburkholderia
FP000.1;ASV188;4;FP000;food waste;sorb+;0;1;Bacteria;Firmicutes;Bacilli;Lactobacillales;Lactobacillaceae;Lactobacillus
FP000.1;ASV189;0;FP000;food waste;sorb+;0;1;Bacteria;Bacteroidota;Bacteroidia;Bacteroidales;Bacteroidaceae;Bacteroides
FP000.1;ASV190;0;FP000;food waste;sorb+;0;1;Bacteria;Firmicutes;Clostridia;Lachnospirales;Lachnospiraceae;Lachnospira
FP000.1;ASV199;0;FP000;food waste;sorb+;0;1;Bacteria;Firmicutes;Bacilli;Lactobacillales;Lactobacillaceae;HT002
FP000.1;ASV200;0;FP000;food waste;sorb+;0;1;Bacteria;Proteobacteria;Gammaproteobacteria;Enterobacterales;Pseudoalteromonadaceae;Pseudoalteromonas
FP000.1;ASV201;0;FP000;food waste;sorb+;0;1;Bacteria;Firmicutes;Clostridia;Lachnospirales;Lachnospiraceae;[Eubacterium] eligens group
FP000.1;ASV202;0;FP000;food waste;sorb+;0;1;Bacteria;Proteobacteria;Gammaproteobacteria;Burkholderiales;Sutterellaceae;Parasutterella
FP000.1;ASV203;0;FP000;food waste;sorb+;0;1;Bacteria;Firmicutes;Clostridia;Lachnospirales;Lachnospiraceae;[Eubacterium] eligens group
FP000.1;ASV204;0;FP000;food waste;sorb+;0;1;Bacteria;Proteobacteria;Gammaproteobacteria;Xanthomonadales;Xanthomonadaceae;
FP000.1;ASV219;0;FP000;food waste;sorb+;0;1;Bacteria;Proteobacteria;Gammaproteobacteria;Burkholderiales;Alcaligenaceae;Achromobacter
FP000.1;ASV221;0;FP000;food waste;sorb+;0;1;Bacteria;Firmicutes;Bacilli;Lactobacillales;Lactobacillaceae;Lacticaseibacillus
FP000.1;ASV222;0;FP000;food waste;sorb+;0;1;Bacteria;Proteobacteria;Gammaproteobacteria;Xanthomonadales;Xanthomonadaceae;Arenimonas
FP000.1;ASV223;0;FP000;food waste;sorb+;0;1;Bacteria;Proteobacteria;Gammaproteobacteria;Pseudomonadales;Pseudomonadaceae;Pseudomonas
FP000.1;ASV225;0;FP000;food waste;sorb+;0;1;Bacteria;Firmicutes;Bacilli;Lactobacillales;Lactobacillaceae;Weissella
FP000.1;ASV227;0;FP000;food waste;sorb+;0;1;Bacteria;Firmicutes;Bacilli;Lactobacillales;Streptococcaceae;
FP000.1;ASV228;0;FP000;food waste;sorb+;0;1;Bacteria;Firmicutes;Bacilli;Alicyclobacillales;Alicyclobacillaceae;Alicyclobacillus
FP000.1;ASV230;0;FP000;food waste;sorb+;0;1;Bacteria;Firmicutes;Clostridia;Peptostreptococcales-Tissierellales;Family XI;Anaerococcus
FP000.1;ASV232;0;FP000;food waste;sorb+;0;1;Bacteria;Firmicutes;Clostridia;Peptostreptococcales-Tissierellales;Clostridiisalibacter;
FP000.1;ASV257;0;FP000;food waste;sorb+;0;1;Bacteria;Actinobacteriota;Actinobacteria;Micrococcales;Micrococcaceae;Pseudarthrobacter
FP000.1;ASV258;0;FP000;food waste;sorb+;0;1;Bacteria;Firmicutes;Bacilli;Bacillales;Bacillaceae;Oceanobacillus
FP000.1;ASV259;0;FP000;food waste;sorb+;0;1;Bacteria;Verrucomicrobiota;Verrucomicrobiae;Pedosphaerales;Pedosphaeraceae;ADurb.Bin063-1
FP000.1;ASV261;0;FP000;food waste;sorb+;0;1;Bacteria;Proteobacteria;Gammaproteobacteria;Pseudomonadales;Moraxellaceae;Enhydrobacter
FP000.1;ASV263;0;FP000;food waste;sorb+;0;1;Bacteria;Firmicutes;Clostridia;Clostridiales;Clostridiaceae;Clostridium sensu stricto 18
FP000.1;ASV265;0;FP000;food waste;sorb+;0;1;Bacteria;Proteobacteria;Gammaproteobacteria;Enterobacterales;Pasteurellaceae;Haemophilus
FP000.1;ASV266;0;FP000;food waste;sorb+;0;1;Bacteria;Proteobacteria;Gammaproteobacteria;Burkholderiales;Comamonadaceae;
FP000.1;ASV267;0;FP000;food waste;sorb+;0;1;Bacteria;Actinobacteriota;Actinobacteria;Frankiales;Nakamurellaceae;Nakamurella
FP000.1;ASV269;0;FP000;food waste;sorb+;0;1;Bacteria;Proteobacteria;Gammaproteobacteria;Burkholderiales;Comamonadaceae;
FP000.1;ASV270;0;FP000;food waste;sorb+;0;1;Bacteria;Actinobacteriota;Actinobacteria;Streptomycetales;Streptomycetaceae;Streptomyces
FP000.1;ASV271;0;FP000;food waste;sorb+;0;1;Bacteria;Firmicutes;Bacilli;Acholeplasmatales;Acholeplasmataceae;Candidatus Phytoplasma
FP000.1;ASV272;0;FP000;food waste;sorb+;0;1;Bacteria;Bacteroidota;Bacteroidia;Bacteroidales;Tannerellaceae;Parabacteroides
FP000.1;ASV275;0;FP000;food waste;sorb+;0;1;Bacteria;Firmicutes;Negativicutes;Veillonellales-Selenomonadales;Veillonellaceae;Dialister
FP000.1;ASV277;0;FP000;food waste;sorb+;0;1;Bacteria;Firmicutes;Bacilli;Lactobacillales;Carnobacteriaceae;
FP000.1;ASV280;0;FP000;food waste;sorb+;0;1;Bacteria;Actinobacteriota;Actinobacteria;Streptomycetales;Streptomycetaceae;Streptomyces
FP000.1;ASV314;0;FP000;food waste;sorb+;0;1;Bacteria;Proteobacteria;Gammaproteobacteria;Xanthomonadales;Xanthomonadaceae;Arenimonas
FP000.1;ASV318;0;FP000;food waste;sorb+;0;1;Bacteria;Chloroflexi;Chloroflexia;Thermomicrobiales;JG30-KF-CM45;
FP000.1;ASV319;0;FP000;food waste;sorb+;0;1;Bacteria;Proteobacteria;Gammaproteobacteria;Xanthomonadales;Xanthomonadaceae;Arenimonas
FP000.1;ASV323;0;FP000;food waste;sorb+;0;1;Bacteria;Gemmatimonadota;Gemmatimonadetes;Gemmatimonadales;Gemmatimonadaceae;
FP000.1;ASV326;0;FP000;food waste;sorb+;0;1;Bacteria;Proteobacteria;Alphaproteobacteria;Rhizobiales;Rhizobiales Incertae Sedis;Nordella
FP000.1;ASV328;0;FP000;food waste;sorb+;0;1;Bacteria;Chloroflexi;Anaerolineae;Anaerolineales;Anaerolineaceae;
FP000.1;ASV329;0;FP000;food waste;sorb+;0;1;Bacteria;Proteobacteria;Gammaproteobacteria;Burkholderiales;Oxalobacteraceae;
FP000.1;ASV331;0;FP000;food waste;sorb+;0;1;Bacteria;Proteobacteria;Gammaproteobacteria;Steroidobacterales;Woeseiaceae;Woeseia
FP000.1;ASV333;3;FP000;food waste;sorb+;0;1;Bacteria;Proteobacteria;Gammaproteobacteria;Xanthomonadales;Xanthomonadaceae;
FP000.1;ASV334;2;FP000;food waste;sorb+;0;1;Bacteria;Firmicutes;Clostridia;Lachnospirales;Lachnospiraceae;
FP000.1;ASV336;0;FP000;food waste;sorb+;0;1;Bacteria;Bacteroidota;Bacteroidia;Flavobacteriales;Weeksellaceae;Empedobacter
FP000.1;ASV337;0;FP000;food waste;sorb+;0;1;Bacteria;Proteobacteria;Alphaproteobacteria;Rhizobiales;Beijerinckiaceae;Microvirga
FP000.1;ASV338;0;FP000;food waste;sorb+;0;1;Bacteria;Planctomycetota;Brocadiae;Brocadiales;Brocadiaceae;Candidatus Brocadia
FP000.1;ASV339;0;FP000;food waste;sorb+;0;1;Bacteria;Proteobacteria;Alphaproteobacteria;Rhizobiales;Beijerinckiaceae;Methylobacterium-Methylorubrum
FP000.1;ASV340;0;FP000;food waste;sorb+;0;1;Bacteria;Proteobacteria;Gammaproteobacteria;Pseudomonadales;Moraxellaceae;Acinetobacter
FP000.1;ASV342;0;FP000;food waste;sorb+;0;1;Bacteria;Planctomycetota;Brocadiae;Brocadiales;Brocadiaceae;Candidatus Brocadia
FP000.1;ASV344;0;FP000;food waste;sorb+;0;1;Bacteria;Actinobacteriota;Actinobacteria;Frankiales;Nakamurellaceae;Nakamurella
FP000.1;ASV345;0;FP000;food waste;sorb+;0;1;Bacteria;Hydrogenedentes;Hydrogenedentia;Hydrogenedentiales;Hydrogenedensaceae;
FP000.1;ASV346;0;FP000;food waste;sorb+;0;1;Bacteria;Gemmatimonadota;Gemmatimonadetes;Gemmatimonadales;Gemmatimonadaceae;
FP000.1;ASV352;0;FP000;food waste;sorb+;0;1;Bacteria;Proteobacteria;Gammaproteobacteria;Pseudomonadales;Marinobacteraceae;Marinobacter
FP000.1;ASV353;0;FP000;food waste;sorb+;0;1;Bacteria;Acidobacteriota;Vicinamibacteria;Vicinamibacterales;Vicinamibacteraceae;
FP000.1;ASV354;0;FP000;food waste;sorb+;0;1;Bacteria;Proteobacteria;Gammaproteobacteria;Pseudomonadales;Alcanivoracaceae1;Alcanivorax
FP000.1;ASV355;0;FP000;food waste;sorb+;0;1;Bacteria;Actinobacteriota;Acidimicrobiia;Microtrichales;Iamiaceae;Iamia
FP000.1;ASV360;0;FP000;food waste;sorb+;0;1;Bacteria;Actinobacteriota;Actinobacteria;Corynebacteriales;Corynebacteriaceae;
FP000.1;ASV361;0;FP000;food waste;sorb+;0;1;Bacteria;Proteobacteria;Gammaproteobacteria;Burkholderiales;Alcaligenaceae;Paenalcaligenes
FP000.2;ASV1;5;FP000;food waste;sorb+;0;2;Bacteria;Proteobacteria;Gammaproteobacteria;Enterobacterales;Morganellaceae;Providencia
FP000.2;ASV2;135;FP000;food waste;sorb+;0;2;Bacteria;Proteobacteria;Gammaproteobacteria;Enterobacterales;Enterobacteriaceae;Klebsiella
FP000.2;ASV3;0;FP000;food waste;sorb+;0;2;Bacteria;Proteobacteria;Gammaproteobacteria;Enterobacterales;Enterobacteriaceae;Enterobacter*
FP000.2;ASV4;0;FP000;food waste;sorb+;0;2;Bacteria;Firmicutes;Bacilli;Lactobacillales;Enterococcaceae;Enterococcus
FP000.2;ASV5;21723;FP000;food waste;sorb+;0;2;Bacteria;Firmicutes;Bacilli;Lactobacillales;Lactobacillaceae;Lactiplantibacillus
FP000.2;ASV6;30;FP000;food waste;sorb+;0;2;Bacteria;Firmicutes;Bacilli;Lactobacillales;Lactobacillaceae;Lactobacillus
FP000.2;ASV7;9520;FP000;food waste;sorb+;0;2;Bacteria;Firmicutes;Bacilli;Lactobacillales;Lactobacillaceae;Weissella
FP000.2;ASV8;0;FP000;food waste;sorb+;0;2;Bacteria;Firmicutes;Bacilli;Lactobacillales;Enterococcaceae;Enterococcus
FP000.2;ASV9;0;FP000;food waste;sorb+;0;2;Bacteria;Firmicutes;Bacilli;Lactobacillales;Lactobacillaceae;Levilactobacillus
FP000.2;ASV10;1590;FP000;food waste;sorb+;0;2;Bacteria;Firmicutes;Bacilli;Lactobacillales;Streptococcaceae;Lactococcus
FP000.2;ASV11;9;FP000;food waste;sorb+;0;2;Bacteria;Firmicutes;Bacilli;Lactobacillales;Lactobacillaceae;Lactobacillus
FP000.2;ASV12;4848;FP000;food waste;sorb+;0;2;Bacteria;Firmicutes;Bacilli;Lactobacillales;Lactobacillaceae;Leuconostoc
FP000.2;ASV13;0;FP000;food waste;sorb+;0;2;Bacteria;Firmicutes;Bacilli;Staphylococcales;Staphylococcaceae;Mammaliicoccus*
FP000.2;ASV14;402;FP000;food waste;sorb+;0;2;Bacteria;Firmicutes;Bacilli;Lactobacillales;Enterococcaceae;Enterococcus
FP000.2;ASV15;907;FP000;food waste;sorb+;0;2;Bacteria;Firmicutes;Bacilli;Lactobacillales;Lactobacillaceae;Lacticaseibacillus
FP000.2;ASV16;0;FP000;food waste;sorb+;0;2;Bacteria;Firmicutes;Bacilli;Lactobacillales;Carnobacteriaceae;Atopostipes
FP000.2;ASV17;4990;FP000;food waste;sorb+;0;2;Bacteria;Firmicutes;Bacilli;Lactobacillales;Lactobacillaceae;Lactiplantibacillus
FP000.2;ASV18;0;FP000;food waste;sorb+;0;2;Bacteria;Actinobacteriota;Actinobacteria;Actinomycetales;Actinomycetaceae;Actinomyces
FP000.2;ASV19;0;FP000;food waste;sorb+;0;2;Bacteria;Proteobacteria;Gammaproteobacteria;Enterobacterales;Morganellaceae;Proteus
FP000.2;ASV20;0;FP000;food waste;sorb+;0;2;Bacteria;Actinobacteriota;Actinobacteria;Corynebacteriales;Corynebacteriaceae;Corynebacterium
FP000.2;ASV21;20;FP000;food waste;sorb+;0;2;Bacteria;Firmicutes;Bacilli;Bacillales;Bacillaceae;Bacillus
FP000.2;ASV22;235;FP000;food waste;sorb+;0;2;Bacteria;Firmicutes;Bacilli;Lactobacillales;Lactobacillaceae;Lacticaseibacillus
FP000.2;ASV23;120;FP000;food waste;sorb+;0;2;Bacteria;Firmicutes;Bacilli;Lactobacillales;Lactobacillaceae;Limosilactobacillus
FP000.2;ASV24;0;FP000;food waste;sorb+;0;2;Bacteria;Proteobacteria;Gammaproteobacteria;Enterobacterales;Enterobacteriaceae;Escherichia-Shigella
FP000.2;ASV25;0;FP000;food waste;sorb+;0;2;Bacteria;Firmicutes;Bacilli;Lactobacillales;Enterococcaceae;Enterococcus
FP000.2;ASV26;1286;FP000;food waste;sorb+;0;2;Bacteria;Firmicutes;Bacilli;Lactobacillales;Lactobacillaceae;Leuconostoc
FP000.2;ASV27;0;FP000;food waste;sorb+;0;2;Bacteria;Firmicutes;Bacilli;Paenibacillales;Paenibacillaceae;Paenibacillus
FP000.2;ASV28;192;FP000;food waste;sorb+;0;2;Bacteria;Firmicutes;Bacilli;Lactobacillales;Lactobacillaceae;Lacticaseibacillus
FP000.2;ASV29;0;FP000;food waste;sorb+;0;2;Bacteria;Firmicutes;Bacilli;Bacillales;Bacillaceae;Pseudogracilibacillus
FP000.2;ASV32;0;FP000;food waste;sorb+;0;2;Bacteria;Firmicutes;Bacilli;Lactobacillales;Lactobacillaceae;Lactobacillus
FP000.2;ASV33;395;FP000;food waste;sorb+;0;2;Bacteria;Firmicutes;Bacilli;Lactobacillales;Streptococcaceae;Streptococcus
FP000.2;ASV34;0;FP000;food waste;sorb+;0;2;Bacteria;Proteobacteria;Gammaproteobacteria;Enterobacterales;Enterobacteriaceae;Klebsiella
FP000.2;ASV35;0;FP000;food waste;sorb+;0;2;Bacteria;Firmicutes;Bacilli;Lactobacillales;Lactobacillaceae;Weissella
FP000.2;ASV36;0;FP000;food waste;sorb+;0;2;Bacteria;Proteobacteria;Gammaproteobacteria;Enterobacterales;Morganellaceae;Providencia
FP000.2;ASV37;0;FP000;food waste;sorb+;0;2;Bacteria;Firmicutes;Bacilli;Lactobacillales;Lactobacillaceae;Pediococcus
FP000.2;ASV38;0;FP000;food waste;sorb+;0;2;Bacteria;Proteobacteria;Gammaproteobacteria;Enterobacterales;Enterobacteriaceae;Klebsiella
FP000.2;ASV39;0;FP000;food waste;sorb+;0;2;Bacteria;Firmicutes;Bacilli;Lactobacillales;Lactobacillaceae;Lactiplantibacillus
FP000.2;ASV40;0;FP000;food waste;sorb+;0;2;Bacteria;Actinobacteriota;Actinobacteria;Corynebacteriales;Corynebacteriaceae;Corynebacterium
FP000.2;ASV41;0;FP000;food waste;sorb+;0;2;Bacteria;Firmicutes;Clostridia;Clostridiales;Clostridiaceae;Clostridium sensu stricto 18
FP000.2;ASV42;226;FP000;food waste;sorb+;0;2;Bacteria;Firmicutes;Bacilli;Lactobacillales;Streptococcaceae;Streptococcus
FP000.2;ASV43;0;FP000;food waste;sorb+;0;2;Bacteria;Proteobacteria;Gammaproteobacteria;Enterobacterales;Enterobacteriaceae;Enterobacter*
FP000.2;ASV44;0;FP000;food waste;sorb+;0;2;Bacteria;Firmicutes;Bacilli;Lactobacillales;Enterococcaceae;Enterococcus*
FP000.2;ASV47;50;FP000;food waste;sorb+;0;2;Bacteria;Firmicutes;Bacilli;Lactobacillales;Lactobacillaceae;Lacticaseibacillus
FP000.2;ASV49;0;FP000;food waste;sorb+;0;2;Bacteria;Firmicutes;Bacilli;Bacillales;Bacillaceae;Pseudogracilibacillus
FP000.2;ASV50;13;FP000;food waste;sorb+;0;2;Bacteria;Proteobacteria;Gammaproteobacteria;Pseudomonadales;Pseudomonadaceae;Pseudomonas
FP000.2;ASV51;116;FP000;food waste;sorb+;0;2;Bacteria;Firmicutes;Bacilli;Lactobacillales;Lactobacillaceae;Leuconostoc
FP000.2;ASV52;0;FP000;food waste;sorb+;0;2;Bacteria;Firmicutes;Bacilli;Paenibacillales;Paenibacillaceae;Paenibacillus
FP000.2;ASV53;0;FP000;food waste;sorb+;0;2;Bacteria;Actinobacteriota;Actinobacteria;Corynebacteriales;Corynebacteriaceae;Corynebacterium
FP000.2;ASV54;0;FP000;food waste;sorb+;0;2;Bacteria;Firmicutes;Bacilli;Bacillales;Planococcaceae;Bacillus*
FP000.2;ASV55;5;FP000;food waste;sorb+;0;2;Bacteria;Firmicutes;Bacilli;Bacillales;Bacillaceae;Bacillus
FP000.2;ASV56;0;FP000;food waste;sorb+;0;2;Bacteria;Actinobacteriota;Actinobacteria;Corynebacteriales;Corynebacteriaceae;Corynebacterium
FP000.2;ASV57;0;FP000;food waste;sorb+;0;2;Bacteria;Proteobacteria;Gammaproteobacteria;Enterobacterales;Morganellaceae;Providencia
FP000.2;ASV58;0;FP000;food waste;sorb+;0;2;Bacteria;Actinobacteriota;Actinobacteria;Micrococcales;Brevibacteriaceae;Brevibacterium
FP000.2;ASV59;0;FP000;food waste;sorb+;0;2;Bacteria;Firmicutes;Bacilli;Bacillales;Planococcaceae;Solibacillus
FP000.2;ASV61;0;FP000;food waste;sorb+;0;2;Bacteria;Actinobacteriota;Actinobacteria;Corynebacteriales;Corynebacteriaceae;Corynebacterium
FP000.2;ASV66;32;FP000;food waste;sorb+;0;2;Bacteria;Firmicutes;Bacilli;Staphylococcales;Staphylococcaceae;Staphylococcus
FP000.2;ASV67;0;FP000;food waste;sorb+;0;2;Bacteria;Actinobacteriota;Actinobacteria;Micrococcales;Brevibacteriaceae;Brevibacterium
FP000.2;ASV68;0;FP000;food waste;sorb+;0;2;Bacteria;Actinobacteriota;Actinobacteria;Micrococcales;Promicromonosporaceae;Cellulosimicrobium
FP000.2;ASV69;0;FP000;food waste;sorb+;0;2;Bacteria;Firmicutes;Bacilli;Bacillales;Planococcaceae;Uncult. bacterium*
FP000.2;ASV70;0;FP000;food waste;sorb+;0;2;Bacteria;Proteobacteria;Gammaproteobacteria;Xanthomonadales;Xanthomonadaceae;SN8
FP000.2;ASV72;37;FP000;food waste;sorb+;0;2;Bacteria;Proteobacteria;Gammaproteobacteria;Pseudomonadales;Pseudomonadaceae;Pseudomonas
FP000.2;ASV73;0;FP000;food waste;sorb+;0;2;Bacteria;Proteobacteria;Gammaproteobacteria;Burkholderiales;Burkholderiaceae;Ralstonia
FP000.2;ASV75;0;FP000;food waste;sorb+;0;2;Bacteria;Firmicutes;Bacilli;Staphylococcales;Staphylococcaceae;
FP000.2;ASV77;0;FP000;food waste;sorb+;0;2;Bacteria;Firmicutes;Bacilli;Bacillales;Planococcaceae;Solibacillus
FP000.2;ASV78;0;FP000;food waste;sorb+;0;2;Bacteria;Firmicutes;Bacilli;Lactobacillales;Lactobacillaceae;Secundilactobacillus
FP000.2;ASV79;0;FP000;food waste;sorb+;0;2;Bacteria;Proteobacteria;Gammaproteobacteria;Enterobacterales;Enterobacteriaceae;
FP000.2;ASV80;18;FP000;food waste;sorb+;0;2;Bacteria;Firmicutes;Bacilli;Lactobacillales;Lactobacillaceae;Leuconostoc
FP000.2;ASV81;0;FP000;food waste;sorb+;0;2;Bacteria;Firmicutes;Bacilli;Lactobacillales;Lactobacillaceae;Lactobacillus
FP000.2;ASV83;0;FP000;food waste;sorb+;0;2;Bacteria;Proteobacteria;Gammaproteobacteria;Burkholderiales;Comamonadaceae;Delftia
FP000.2;ASV84;0;FP000;food waste;sorb+;0;2;Bacteria;Firmicutes;Bacilli;Lactobacillales;Lactobacillaceae;Loigolactobacillus
FP000.2;ASV87;17;FP000;food waste;sorb+;0;2;Bacteria;Firmicutes;Bacilli;Lactobacillales;Streptococcaceae;Streptococcus
FP000.2;ASV90;0;FP000;food waste;sorb+;0;2;Bacteria;Proteobacteria;Gammaproteobacteria;Xanthomonadales;Xanthomonadaceae;Stenotrophomonas
FP000.2;ASV91;0;FP000;food waste;sorb+;0;2;Bacteria;Firmicutes;Bacilli;Staphylococcales;Staphylococcaceae;Staphylococcus
FP000.2;ASV92;0;FP000;food waste;sorb+;0;2;Bacteria;Proteobacteria;Gammaproteobacteria;Enterobacterales;Yersiniaceae;Yersinia
FP000.2;ASV93;0;FP000;food waste;sorb+;0;2;Bacteria;Firmicutes;Bacilli;Bacillales;Bacillaceae;Oceanobacillus
FP000.2;ASV94;0;FP000;food waste;sorb+;0;2;Bacteria;Firmicutes;Bacilli;Lactobacillales;Lactobacillaceae;Levilactobacillus
FP000.2;ASV95;0;FP000;food waste;sorb+;0;2;Bacteria;Proteobacteria;Gammaproteobacteria;Pseudomonadales;Moraxellaceae;Psychrobacter
FP000.2;ASV96;0;FP000;food waste;sorb+;0;2;Bacteria;Firmicutes;Bacilli;Lactobacillales;Lactobacillaceae;Lactobacillus
FP000.2;ASV97;0;FP000;food waste;sorb+;0;2;Bacteria;Firmicutes;Bacilli;Lactobacillales;Lactobacillaceae;Lentilactobacillus
FP000.2;ASV99;0;FP000;food waste;sorb+;0;2;Bacteria;Proteobacteria;Alphaproteobacteria;Sphingomonadales;Sphingomonadaceae;Sphingomonas
FP000.2;ASV100;0;FP000;food waste;sorb+;0;2;Bacteria;Firmicutes;Bacilli;Lactobacillales;Lactobacillaceae;Lapidilactobacillus
FP000.2;ASV101;0;FP000;food waste;sorb+;0;2;Bacteria;Bacteroidota;Bacteroidia;Bacteroidales;Tannerellaceae;Parabacteroides
FP000.2;ASV104;0;FP000;food waste;sorb+;0;2;Bacteria;Firmicutes;Bacilli;Lactobacillales;Lactobacillaceae;Lactobacillus
FP000.2;ASV105;0;FP000;food waste;sorb+;0;2;Bacteria;Actinobacteriota;Actinobacteria;Micrococcales;Promicromonosporaceae;Cellulosimicrobium
FP000.2;ASV107;0;FP000;food waste;sorb+;0;2;Bacteria;Bacteroidota;Bacteroidia;Bacteroidales;Bacteroidaceae;Bacteroides
FP000.2;ASV110;0;FP000;food waste;sorb+;0;2;Bacteria;Proteobacteria;Gammaproteobacteria;Enterobacterales;Enterobacteriaceae;
FP000.2;ASV111;0;FP000;food waste;sorb+;0;2;Bacteria;Bacteroidota;Bacteroidia;Bacteroidales;Bacteroidaceae;Bacteroides
FP000.2;ASV113;0;FP000;food waste;sorb+;0;2;Bacteria;Firmicutes;Bacilli;Staphylococcales;Staphylococcaceae;Jeotgalicoccus
FP000.2;ASV114;0;FP000;food waste;sorb+;0;2;Bacteria;Firmicutes;Bacilli;Lactobacillales;Lactobacillaceae;Weissella
FP000.2;ASV115;0;FP000;food waste;sorb+;0;2;Bacteria;Proteobacteria;Gammaproteobacteria;Pseudomonadales;Alcanivoracaceae1;Alcanivorax
FP000.2;ASV116;9;FP000;food waste;sorb+;0;2;Bacteria;Firmicutes;Bacilli;Lactobacillales;Listeriaceae;Brochothrix
FP000.2;ASV117;0;FP000;food waste;sorb+;0;2;Bacteria;Actinobacteriota;Actinobacteria;Corynebacteriales;Corynebacteriaceae;Corynebacterium
FP000.2;ASV119;7;FP000;food waste;sorb+;0;2;Bacteria;Proteobacteria;Gammaproteobacteria;Pseudomonadales;Moraxellaceae;Psychrobacter
FP000.2;ASV120;0;FP000;food waste;sorb+;0;2;Bacteria;Proteobacteria;Gammaproteobacteria;Burkholderiales;Sutterellaceae;Parasutterella
FP000.2;ASV121;0;FP000;food waste;sorb+;0;2;Bacteria;Bacteroidota;Bacteroidia;Bacteroidales;Tannerellaceae;Parabacteroides
FP000.2;ASV122;0;FP000;food waste;sorb+;0;2;Bacteria;Proteobacteria;Gammaproteobacteria;Enterobacterales;Vibrionaceae;Photobacterium
FP000.2;ASV123;0;FP000;food waste;sorb+;0;2;Bacteria;Proteobacteria;Gammaproteobacteria;Pseudomonadales;Moraxellaceae;Acinetobacter
FP000.2;ASV126;0;FP000;food waste;sorb+;0;2;Bacteria;Proteobacteria;Gammaproteobacteria;Enterobacterales;Erwiniaceae;
FP000.2;ASV127;0;FP000;food waste;sorb+;0;2;Bacteria;Proteobacteria;Gammaproteobacteria;Pseudomonadales;Moraxellaceae;Acinetobacter
FP000.2;ASV129;0;FP000;food waste;sorb+;0;2;Bacteria;Proteobacteria;Alphaproteobacteria;Rhizobiales;Beijerinckiaceae;Methylobacterium-Methylorubrum
FP000.2;ASV130;0;FP000;food waste;sorb+;0;2;Bacteria;Proteobacteria;Alphaproteobacteria;Sphingomonadales;Sphingomonadaceae;Sphingomonas
FP000.2;ASV131;0;FP000;food waste;sorb+;0;2;Bacteria;Bacteroidota;Bacteroidia;Bacteroidales;Porphyromonadaceae;Porphyromonas
FP000.2;ASV133;0;FP000;food waste;sorb+;0;2;Bacteria;Proteobacteria;Gammaproteobacteria;Enterobacterales;Aeromonadaceae;Aeromonas
FP000.2;ASV135;6;FP000;food waste;sorb+;0;2;Bacteria;Proteobacteria;Gammaproteobacteria;Pseudomonadales;Moraxellaceae;Acinetobacter
FP000.2;ASV136;0;FP000;food waste;sorb+;0;2;Bacteria;Firmicutes;Clostridia;Oscillospirales;Ruminococcaceae;Faecalibacterium
FP000.2;ASV138;0;FP000;food waste;sorb+;0;2;Bacteria;Firmicutes;Bacilli;Bacillales;Bacillaceae;Amphibacillus
FP000.2;ASV139;0;FP000;food waste;sorb+;0;2;Bacteria;Actinobacteriota;Actinobacteria;Corynebacteriales;Corynebacteriaceae;Corynebacterium
FP000.2;ASV140;0;FP000;food waste;sorb+;0;2;Bacteria;Proteobacteria;Gammaproteobacteria;Pseudomonadales;Pseudomonadaceae;Pseudomonas
FP000.2;ASV141;0;FP000;food waste;sorb+;0;2;Bacteria;Firmicutes;Bacilli;Lactobacillales;Enterococcaceae;Tetragenococcus
FP000.2;ASV143;0;FP000;food waste;sorb+;0;2;Bacteria;Firmicutes;Bacilli;Bacillales;Bacillaceae;Bacillus
FP000.2;ASV144;0;FP000;food waste;sorb+;0;2;Bacteria;Proteobacteria;Gammaproteobacteria;Burkholderiales;Sutterellaceae;Parasutterella
FP000.2;ASV149;0;FP000;food waste;sorb+;0;2;Bacteria;Firmicutes;Bacilli;Lactobacillales;Lactobacillaceae;Lactobacillus
FP000.2;ASV150;6;FP000;food waste;sorb+;0;2;Bacteria;Proteobacteria;Gammaproteobacteria;Pseudomonadales;Moraxellaceae;Acinetobacter
FP000.2;ASV152;0;FP000;food waste;sorb+;0;2;Bacteria;Firmicutes;Clostridia;Oscillospirales;Ruminococcaceae;Subdoligranulum
FP000.2;ASV156;0;FP000;food waste;sorb+;0;2;Bacteria;Firmicutes;Bacilli;Lactobacillales;Lactobacillaceae;Lactobacillus
FP000.2;ASV157;0;FP000;food waste;sorb+;0;2;Bacteria;Proteobacteria;Gammaproteobacteria;Enterobacterales;Yersiniaceae;
FP000.2;ASV158;0;FP000;food waste;sorb+;0;2;Bacteria;Firmicutes;Bacilli;Lactobacillales;Lactobacillaceae;Leuconostoc
FP000.2;ASV160;0;FP000;food waste;sorb+;0;2;Bacteria;Proteobacteria;Gammaproteobacteria;Burkholderiales;Burkholderiaceae;Ralstonia
FP000.2;ASV161;0;FP000;food waste;sorb+;0;2;Bacteria;Proteobacteria;Gammaproteobacteria;Pseudomonadales;Moraxellaceae;Enhydrobacter
FP000.2;ASV162;0;FP000;food waste;sorb+;0;2;Bacteria;Proteobacteria;Gammaproteobacteria;Pseudomonadales;Moraxellaceae;Acinetobacter
FP000.2;ASV163;0;FP000;food waste;sorb+;0;2;Bacteria;Proteobacteria;Gammaproteobacteria;Enterobacterales;Aeromonadaceae;Aeromonas
FP000.2;ASV166;0;FP000;food waste;sorb+;0;2;Bacteria;Firmicutes;Bacilli;Lactobacillales;Lactobacillaceae;Schleiferilactobacillus
FP000.2;ASV168;0;FP000;food waste;sorb+;0;2;Bacteria;Firmicutes;Clostridia;Oscillospirales;Oscillospiraceae;Flavonifractor
FP000.2;ASV169;0;FP000;food waste;sorb+;0;2;Bacteria;Firmicutes;Clostridia;Oscillospirales;Ruminococcaceae;Faecalibacterium
FP000.2;ASV170;0;FP000;food waste;sorb+;0;2;Bacteria;Firmicutes;Bacilli;Lactobacillales;Streptococcaceae;Lactococcus
FP000.2;ASV177;0;FP000;food waste;sorb+;0;2;Bacteria;Firmicutes;Bacilli;Lactobacillales;Streptococcaceae;Lactococcus
FP000.2;ASV178;0;FP000;food waste;sorb+;0;2;Bacteria;Proteobacteria;Gammaproteobacteria;Burkholderiales;Burkholderiaceae;Burkholderia-Caballeronia-Paraburkholderia
FP000.2;ASV179;0;FP000;food waste;sorb+;0;2;Bacteria;Proteobacteria;Gammaproteobacteria;Burkholderiales;Comamonadaceae;Aquabacterium
FP000.2;ASV186;0;FP000;food waste;sorb+;0;2;Bacteria;Firmicutes;Bacilli;Paenibacillales;Paenibacillaceae;Paenibacillus
FP000.2;ASV187;0;FP000;food waste;sorb+;0;2;Bacteria;Proteobacteria;Gammaproteobacteria;Burkholderiales;Burkholderiaceae;Burkholderia-Caballeronia-Paraburkholderia
FP000.2;ASV188;0;FP000;food waste;sorb+;0;2;Bacteria;Firmicutes;Bacilli;Lactobacillales;Lactobacillaceae;Lactobacillus
FP000.2;ASV189;0;FP000;food waste;sorb+;0;2;Bacteria;Bacteroidota;Bacteroidia;Bacteroidales;Bacteroidaceae;Bacteroides
FP000.2;ASV190;0;FP000;food waste;sorb+;0;2;Bacteria;Firmicutes;Clostridia;Lachnospirales;Lachnospiraceae;Lachnospira
FP000.2;ASV199;0;FP000;food waste;sorb+;0;2;Bacteria;Firmicutes;Bacilli;Lactobacillales;Lactobacillaceae;HT002
FP000.2;ASV200;0;FP000;food waste;sorb+;0;2;Bacteria;Proteobacteria;Gammaproteobacteria;Enterobacterales;Pseudoalteromonadaceae;Pseudoalteromonas
FP000.2;ASV201;0;FP000;food waste;sorb+;0;2;Bacteria;Firmicutes;Clostridia;Lachnospirales;Lachnospiraceae;[Eubacterium] eligens group
FP000.2;ASV202;0;FP000;food waste;sorb+;0;2;Bacteria;Proteobacteria;Gammaproteobacteria;Burkholderiales;Sutterellaceae;Parasutterella
FP000.2;ASV203;0;FP000;food waste;sorb+;0;2;Bacteria;Firmicutes;Clostridia;Lachnospirales;Lachnospiraceae;[Eubacterium] eligens group
FP000.2;ASV204;0;FP000;food waste;sorb+;0;2;Bacteria;Proteobacteria;Gammaproteobacteria;Xanthomonadales;Xanthomonadaceae;
FP000.2;ASV219;2;FP000;food waste;sorb+;0;2;Bacteria;Proteobacteria;Gammaproteobacteria;Burkholderiales;Alcaligenaceae;Achromobacter
FP000.2;ASV221;0;FP000;food waste;sorb+;0;2;Bacteria;Firmicutes;Bacilli;Lactobacillales;Lactobacillaceae;Lacticaseibacillus
FP000.2;ASV222;0;FP000;food waste;sorb+;0;2;Bacteria;Proteobacteria;Gammaproteobacteria;Xanthomonadales;Xanthomonadaceae;Arenimonas
FP000.2;ASV223;0;FP000;food waste;sorb+;0;2;Bacteria;Proteobacteria;Gammaproteobacteria;Pseudomonadales;Pseudomonadaceae;Pseudomonas
FP000.2;ASV225;1;FP000;food waste;sorb+;0;2;Bacteria;Firmicutes;Bacilli;Lactobacillales;Lactobacillaceae;Weissella
FP000.2;ASV227;0;FP000;food waste;sorb+;0;2;Bacteria;Firmicutes;Bacilli;Lactobacillales;Streptococcaceae;
FP000.2;ASV228;0;FP000;food waste;sorb+;0;2;Bacteria;Firmicutes;Bacilli;Alicyclobacillales;Alicyclobacillaceae;Alicyclobacillus
FP000.2;ASV230;0;FP000;food waste;sorb+;0;2;Bacteria;Firmicutes;Clostridia;Peptostreptococcales-Tissierellales;Family XI;Anaerococcus
FP000.2;ASV232;0;FP000;food waste;sorb+;0;2;Bacteria;Firmicutes;Clostridia;Peptostreptococcales-Tissierellales;Clostridiisalibacter;
FP000.2;ASV257;0;FP000;food waste;sorb+;0;2;Bacteria;Actinobacteriota;Actinobacteria;Micrococcales;Micrococcaceae;Pseudarthrobacter
FP000.2;ASV258;0;FP000;food waste;sorb+;0;2;Bacteria;Firmicutes;Bacilli;Bacillales;Bacillaceae;Oceanobacillus
FP000.2;ASV259;0;FP000;food waste;sorb+;0;2;Bacteria;Verrucomicrobiota;Verrucomicrobiae;Pedosphaerales;Pedosphaeraceae;ADurb.Bin063-1
FP000.2;ASV261;0;FP000;food waste;sorb+;0;2;Bacteria;Proteobacteria;Gammaproteobacteria;Pseudomonadales;Moraxellaceae;Enhydrobacter
FP000.2;ASV263;0;FP000;food waste;sorb+;0;2;Bacteria;Firmicutes;Clostridia;Clostridiales;Clostridiaceae;Clostridium sensu stricto 18
FP000.2;ASV265;0;FP000;food waste;sorb+;0;2;Bacteria;Proteobacteria;Gammaproteobacteria;Enterobacterales;Pasteurellaceae;Haemophilus
FP000.2;ASV266;0;FP000;food waste;sorb+;0;2;Bacteria;Proteobacteria;Gammaproteobacteria;Burkholderiales;Comamonadaceae;
FP000.2;ASV267;0;FP000;food waste;sorb+;0;2;Bacteria;Actinobacteriota;Actinobacteria;Frankiales;Nakamurellaceae;Nakamurella
FP000.2;ASV269;2;FP000;food waste;sorb+;0;2;Bacteria;Proteobacteria;Gammaproteobacteria;Burkholderiales;Comamonadaceae;
FP000.2;ASV270;0;FP000;food waste;sorb+;0;2;Bacteria;Actinobacteriota;Actinobacteria;Streptomycetales;Streptomycetaceae;Streptomyces
FP000.2;ASV271;0;FP000;food waste;sorb+;0;2;Bacteria;Firmicutes;Bacilli;Acholeplasmatales;Acholeplasmataceae;Candidatus Phytoplasma
FP000.2;ASV272;0;FP000;food waste;sorb+;0;2;Bacteria;Bacteroidota;Bacteroidia;Bacteroidales;Tannerellaceae;Parabacteroides
FP000.2;ASV275;0;FP000;food waste;sorb+;0;2;Bacteria;Firmicutes;Negativicutes;Veillonellales-Selenomonadales;Veillonellaceae;Dialister
FP000.2;ASV277;0;FP000;food waste;sorb+;0;2;Bacteria;Firmicutes;Bacilli;Lactobacillales;Carnobacteriaceae;
FP000.2;ASV280;0;FP000;food waste;sorb+;0;2;Bacteria;Actinobacteriota;Actinobacteria;Streptomycetales;Streptomycetaceae;Streptomyces
FP000.2;ASV314;0;FP000;food waste;sorb+;0;2;Bacteria;Proteobacteria;Gammaproteobacteria;Xanthomonadales;Xanthomonadaceae;Arenimonas
FP000.2;ASV318;0;FP000;food waste;sorb+;0;2;Bacteria;Chloroflexi;Chloroflexia;Thermomicrobiales;JG30-KF-CM45;
FP000.2;ASV319;0;FP000;food waste;sorb+;0;2;Bacteria;Proteobacteria;Gammaproteobacteria;Xanthomonadales;Xanthomonadaceae;Arenimonas
FP000.2;ASV323;0;FP000;food waste;sorb+;0;2;Bacteria;Gemmatimonadota;Gemmatimonadetes;Gemmatimonadales;Gemmatimonadaceae;
FP000.2;ASV326;0;FP000;food waste;sorb+;0;2;Bacteria;Proteobacteria;Alphaproteobacteria;Rhizobiales;Rhizobiales Incertae Sedis;Nordella
FP000.2;ASV328;0;FP000;food waste;sorb+;0;2;Bacteria;Chloroflexi;Anaerolineae;Anaerolineales;Anaerolineaceae;
FP000.2;ASV329;0;FP000;food waste;sorb+;0;2;Bacteria;Proteobacteria;Gammaproteobacteria;Burkholderiales;Oxalobacteraceae;
FP000.2;ASV331;0;FP000;food waste;sorb+;0;2;Bacteria;Proteobacteria;Gammaproteobacteria;Steroidobacterales;Woeseiaceae;Woeseia
FP000.2;ASV333;0;FP000;food waste;sorb+;0;2;Bacteria;Proteobacteria;Gammaproteobacteria;Xanthomonadales;Xanthomonadaceae;
FP000.2;ASV334;0;FP000;food waste;sorb+;0;2;Bacteria;Firmicutes;Clostridia;Lachnospirales;Lachnospiraceae;
FP000.2;ASV336;1;FP000;food waste;sorb+;0;2;Bacteria;Bacteroidota;Bacteroidia;Flavobacteriales;Weeksellaceae;Empedobacter
FP000.2;ASV337;1;FP000;food waste;sorb+;0;2;Bacteria;Proteobacteria;Alphaproteobacteria;Rhizobiales;Beijerinckiaceae;Microvirga
FP000.2;ASV338;1;FP000;food waste;sorb+;0;2;Bacteria;Planctomycetota;Brocadiae;Brocadiales;Brocadiaceae;Candidatus Brocadia
FP000.2;ASV339;4;FP000;food waste;sorb+;0;2;Bacteria;Proteobacteria;Alphaproteobacteria;Rhizobiales;Beijerinckiaceae;Methylobacterium-Methylorubrum
FP000.2;ASV340;0;FP000;food waste;sorb+;0;2;Bacteria;Proteobacteria;Gammaproteobacteria;Pseudomonadales;Moraxellaceae;Acinetobacter
FP000.2;ASV342;0;FP000;food waste;sorb+;0;2;Bacteria;Planctomycetota;Brocadiae;Brocadiales;Brocadiaceae;Candidatus Brocadia
FP000.2;ASV344;0;FP000;food waste;sorb+;0;2;Bacteria;Actinobacteriota;Actinobacteria;Frankiales;Nakamurellaceae;Nakamurella
FP000.2;ASV345;0;FP000;food waste;sorb+;0;2;Bacteria;Hydrogenedentes;Hydrogenedentia;Hydrogenedentiales;Hydrogenedensaceae;
FP000.2;ASV346;0;FP000;food waste;sorb+;0;2;Bacteria;Gemmatimonadota;Gemmatimonadetes;Gemmatimonadales;Gemmatimonadaceae;
FP000.2;ASV352;0;FP000;food waste;sorb+;0;2;Bacteria;Proteobacteria;Gammaproteobacteria;Pseudomonadales;Marinobacteraceae;Marinobacter
FP000.2;ASV353;0;FP000;food waste;sorb+;0;2;Bacteria;Acidobacteriota;Vicinamibacteria;Vicinamibacterales;Vicinamibacteraceae;
FP000.2;ASV354;0;FP000;food waste;sorb+;0;2;Bacteria;Proteobacteria;Gammaproteobacteria;Pseudomonadales;Alcanivoracaceae1;Alcanivorax
FP000.2;ASV355;0;FP000;food waste;sorb+;0;2;Bacteria;Actinobacteriota;Acidimicrobiia;Microtrichales;Iamiaceae;Iamia
FP000.2;ASV360;0;FP000;food waste;sorb+;0;2;Bacteria;Actinobacteriota;Actinobacteria;Corynebacteriales;Corynebacteriaceae;
FP000.2;ASV361;0;FP000;food waste;sorb+;0;2;Bacteria;Proteobacteria;Gammaproteobacteria;Burkholderiales;Alcaligenaceae;Paenalcaligenes
FP000.3;ASV1;10;FP000;food waste;sorb+;0;3;Bacteria;Proteobacteria;Gammaproteobacteria;Enterobacterales;Morganellaceae;Providencia
FP000.3;ASV2;57;FP000;food waste;sorb+;0;3;Bacteria;Proteobacteria;Gammaproteobacteria;Enterobacterales;Enterobacteriaceae;Klebsiella
FP000.3;ASV3;0;FP000;food waste;sorb+;0;3;Bacteria;Proteobacteria;Gammaproteobacteria;Enterobacterales;Enterobacteriaceae;Enterobacter*
FP000.3;ASV4;0;FP000;food waste;sorb+;0;3;Bacteria;Firmicutes;Bacilli;Lactobacillales;Enterococcaceae;Enterococcus
FP000.3;ASV5;23084;FP000;food waste;sorb+;0;3;Bacteria;Firmicutes;Bacilli;Lactobacillales;Lactobacillaceae;Lactiplantibacillus
FP000.3;ASV6;5;FP000;food waste;sorb+;0;3;Bacteria;Firmicutes;Bacilli;Lactobacillales;Lactobacillaceae;Lactobacillus
FP000.3;ASV7;11129;FP000;food waste;sorb+;0;3;Bacteria;Firmicutes;Bacilli;Lactobacillales;Lactobacillaceae;Weissella
FP000.3;ASV8;0;FP000;food waste;sorb+;0;3;Bacteria;Firmicutes;Bacilli;Lactobacillales;Enterococcaceae;Enterococcus
FP000.3;ASV9;0;FP000;food waste;sorb+;0;3;Bacteria;Firmicutes;Bacilli;Lactobacillales;Lactobacillaceae;Levilactobacillus
FP000.3;ASV10;902;FP000;food waste;sorb+;0;3;Bacteria;Firmicutes;Bacilli;Lactobacillales;Streptococcaceae;Lactococcus
FP000.3;ASV11;0;FP000;food waste;sorb+;0;3;Bacteria;Firmicutes;Bacilli;Lactobacillales;Lactobacillaceae;Lactobacillus
FP000.3;ASV12;3231;FP000;food waste;sorb+;0;3;Bacteria;Firmicutes;Bacilli;Lactobacillales;Lactobacillaceae;Leuconostoc
FP000.3;ASV13;0;FP000;food waste;sorb+;0;3;Bacteria;Firmicutes;Bacilli;Staphylococcales;Staphylococcaceae;Mammaliicoccus*
FP000.3;ASV14;319;FP000;food waste;sorb+;0;3;Bacteria;Firmicutes;Bacilli;Lactobacillales;Enterococcaceae;Enterococcus
FP000.3;ASV15;619;FP000;food waste;sorb+;0;3;Bacteria;Firmicutes;Bacilli;Lactobacillales;Lactobacillaceae;Lacticaseibacillus
FP000.3;ASV16;0;FP000;food waste;sorb+;0;3;Bacteria;Firmicutes;Bacilli;Lactobacillales;Carnobacteriaceae;Atopostipes
FP000.3;ASV17;5557;FP000;food waste;sorb+;0;3;Bacteria;Firmicutes;Bacilli;Lactobacillales;Lactobacillaceae;Lactiplantibacillus
FP000.3;ASV18;0;FP000;food waste;sorb+;0;3;Bacteria;Actinobacteriota;Actinobacteria;Actinomycetales;Actinomycetaceae;Actinomyces
FP000.3;ASV19;0;FP000;food waste;sorb+;0;3;Bacteria;Proteobacteria;Gammaproteobacteria;Enterobacterales;Morganellaceae;Proteus
FP000.3;ASV20;0;FP000;food waste;sorb+;0;3;Bacteria;Actinobacteriota;Actinobacteria;Corynebacteriales;Corynebacteriaceae;Corynebacterium
FP000.3;ASV21;9;FP000;food waste;sorb+;0;3;Bacteria;Firmicutes;Bacilli;Bacillales;Bacillaceae;Bacillus
FP000.3;ASV22;164;FP000;food waste;sorb+;0;3;Bacteria;Firmicutes;Bacilli;Lactobacillales;Lactobacillaceae;Lacticaseibacillus
FP000.3;ASV23;136;FP000;food waste;sorb+;0;3;Bacteria;Firmicutes;Bacilli;Lactobacillales;Lactobacillaceae;Limosilactobacillus
FP000.3;ASV24;0;FP000;food waste;sorb+;0;3;Bacteria;Proteobacteria;Gammaproteobacteria;Enterobacterales;Enterobacteriaceae;Escherichia-Shigella
FP000.3;ASV25;0;FP000;food waste;sorb+;0;3;Bacteria;Firmicutes;Bacilli;Lactobacillales;Enterococcaceae;Enterococcus
FP000.3;ASV26;1044;FP000;food waste;sorb+;0;3;Bacteria;Firmicutes;Bacilli;Lactobacillales;Lactobacillaceae;Leuconostoc
FP000.3;ASV27;0;FP000;food waste;sorb+;0;3;Bacteria;Firmicutes;Bacilli;Paenibacillales;Paenibacillaceae;Paenibacillus
FP000.3;ASV28;123;FP000;food waste;sorb+;0;3;Bacteria;Firmicutes;Bacilli;Lactobacillales;Lactobacillaceae;Lacticaseibacillus
FP000.3;ASV29;0;FP000;food waste;sorb+;0;3;Bacteria;Firmicutes;Bacilli;Bacillales;Bacillaceae;Pseudogracilibacillus
FP000.3;ASV32;0;FP000;food waste;sorb+;0;3;Bacteria;Firmicutes;Bacilli;Lactobacillales;Lactobacillaceae;Lactobacillus
FP000.3;ASV33;241;FP000;food waste;sorb+;0;3;Bacteria;Firmicutes;Bacilli;Lactobacillales;Streptococcaceae;Streptococcus
FP000.3;ASV34;0;FP000;food waste;sorb+;0;3;Bacteria;Proteobacteria;Gammaproteobacteria;Enterobacterales;Enterobacteriaceae;Klebsiella
FP000.3;ASV35;0;FP000;food waste;sorb+;0;3;Bacteria;Firmicutes;Bacilli;Lactobacillales;Lactobacillaceae;Weissella
FP000.3;ASV36;0;FP000;food waste;sorb+;0;3;Bacteria;Proteobacteria;Gammaproteobacteria;Enterobacterales;Morganellaceae;Providencia
FP000.3;ASV37;0;FP000;food waste;sorb+;0;3;Bacteria;Firmicutes;Bacilli;Lactobacillales;Lactobacillaceae;Pediococcus
FP000.3;ASV38;0;FP000;food waste;sorb+;0;3;Bacteria;Proteobacteria;Gammaproteobacteria;Enterobacterales;Enterobacteriaceae;Klebsiella
FP000.3;ASV39;0;FP000;food waste;sorb+;0;3;Bacteria;Firmicutes;Bacilli;Lactobacillales;Lactobacillaceae;Lactiplantibacillus
FP000.3;ASV40;0;FP000;food waste;sorb+;0;3;Bacteria;Actinobacteriota;Actinobacteria;Corynebacteriales;Corynebacteriaceae;Corynebacterium
FP000.3;ASV41;0;FP000;food waste;sorb+;0;3;Bacteria;Firmicutes;Clostridia;Clostridiales;Clostridiaceae;Clostridium sensu stricto 18
FP000.3;ASV42;146;FP000;food waste;sorb+;0;3;Bacteria;Firmicutes;Bacilli;Lactobacillales;Streptococcaceae;Streptococcus
FP000.3;ASV43;0;FP000;food waste;sorb+;0;3;Bacteria;Proteobacteria;Gammaproteobacteria;Enterobacterales;Enterobacteriaceae;Enterobacter*
FP000.3;ASV44;0;FP000;food waste;sorb+;0;3;Bacteria;Firmicutes;Bacilli;Lactobacillales;Enterococcaceae;Enterococcus*
FP000.3;ASV47;38;FP000;food waste;sorb+;0;3;Bacteria;Firmicutes;Bacilli;Lactobacillales;Lactobacillaceae;Lacticaseibacillus
FP000.3;ASV49;0;FP000;food waste;sorb+;0;3;Bacteria;Firmicutes;Bacilli;Bacillales;Bacillaceae;Pseudogracilibacillus
FP000.3;ASV50;0;FP000;food waste;sorb+;0;3;Bacteria;Proteobacteria;Gammaproteobacteria;Pseudomonadales;Pseudomonadaceae;Pseudomonas
FP000.3;ASV51;98;FP000;food waste;sorb+;0;3;Bacteria;Firmicutes;Bacilli;Lactobacillales;Lactobacillaceae;Leuconostoc
FP000.3;ASV52;0;FP000;food waste;sorb+;0;3;Bacteria;Firmicutes;Bacilli;Paenibacillales;Paenibacillaceae;Paenibacillus
FP000.3;ASV53;0;FP000;food waste;sorb+;0;3;Bacteria;Actinobacteriota;Actinobacteria;Corynebacteriales;Corynebacteriaceae;Corynebacterium
FP000.3;ASV54;0;FP000;food waste;sorb+;0;3;Bacteria;Firmicutes;Bacilli;Bacillales;Planococcaceae;Bacillus*
FP000.3;ASV55;1;FP000;food waste;sorb+;0;3;Bacteria;Firmicutes;Bacilli;Bacillales;Bacillaceae;Bacillus
FP000.3;ASV56;0;FP000;food waste;sorb+;0;3;Bacteria;Actinobacteriota;Actinobacteria;Corynebacteriales;Corynebacteriaceae;Corynebacterium
FP000.3;ASV57;0;FP000;food waste;sorb+;0;3;Bacteria;Proteobacteria;Gammaproteobacteria;Enterobacterales;Morganellaceae;Providencia
FP000.3;ASV58;0;FP000;food waste;sorb+;0;3;Bacteria;Actinobacteriota;Actinobacteria;Micrococcales;Brevibacteriaceae;Brevibacterium
FP000.3;ASV59;0;FP000;food waste;sorb+;0;3;Bacteria;Firmicutes;Bacilli;Bacillales;Planococcaceae;Solibacillus
FP000.3;ASV61;0;FP000;food waste;sorb+;0;3;Bacteria;Actinobacteriota;Actinobacteria;Corynebacteriales;Corynebacteriaceae;Corynebacterium
FP000.3;ASV66;21;FP000;food waste;sorb+;0;3;Bacteria;Firmicutes;Bacilli;Staphylococcales;Staphylococcaceae;Staphylococcus
FP000.3;ASV67;0;FP000;food waste;sorb+;0;3;Bacteria;Actinobacteriota;Actinobacteria;Micrococcales;Brevibacteriaceae;Brevibacterium
FP000.3;ASV68;0;FP000;food waste;sorb+;0;3;Bacteria;Actinobacteriota;Actinobacteria;Micrococcales;Promicromonosporaceae;Cellulosimicrobium
FP000.3;ASV69;0;FP000;food waste;sorb+;0;3;Bacteria;Firmicutes;Bacilli;Bacillales;Planococcaceae;Uncult. bacterium*
FP000.3;ASV70;0;FP000;food waste;sorb+;0;3;Bacteria;Proteobacteria;Gammaproteobacteria;Xanthomonadales;Xanthomonadaceae;SN8
FP000.3;ASV72;0;FP000;food waste;sorb+;0;3;Bacteria;Proteobacteria;Gammaproteobacteria;Pseudomonadales;Pseudomonadaceae;Pseudomonas
FP000.3;ASV73;0;FP000;food waste;sorb+;0;3;Bacteria;Proteobacteria;Gammaproteobacteria;Burkholderiales;Burkholderiaceae;Ralstonia
FP000.3;ASV75;0;FP000;food waste;sorb+;0;3;Bacteria;Firmicutes;Bacilli;Staphylococcales;Staphylococcaceae;
FP000.3;ASV77;0;FP000;food waste;sorb+;0;3;Bacteria;Firmicutes;Bacilli;Bacillales;Planococcaceae;Solibacillus
FP000.3;ASV78;0;FP000;food waste;sorb+;0;3;Bacteria;Firmicutes;Bacilli;Lactobacillales;Lactobacillaceae;Secundilactobacillus
FP000.3;ASV79;0;FP000;food waste;sorb+;0;3;Bacteria;Proteobacteria;Gammaproteobacteria;Enterobacterales;Enterobacteriaceae;
FP000.3;ASV80;7;FP000;food waste;sorb+;0;3;Bacteria;Firmicutes;Bacilli;Lactobacillales;Lactobacillaceae;Leuconostoc
FP000.3;ASV81;12;FP000;food waste;sorb+;0;3;Bacteria;Firmicutes;Bacilli;Lactobacillales;Lactobacillaceae;Lactobacillus
FP000.3;ASV83;0;FP000;food waste;sorb+;0;3;Bacteria;Proteobacteria;Gammaproteobacteria;Burkholderiales;Comamonadaceae;Delftia
FP000.3;ASV84;0;FP000;food waste;sorb+;0;3;Bacteria;Firmicutes;Bacilli;Lactobacillales;Lactobacillaceae;Loigolactobacillus
FP000.3;ASV87;6;FP000;food waste;sorb+;0;3;Bacteria;Firmicutes;Bacilli;Lactobacillales;Streptococcaceae;Streptococcus
FP000.3;ASV90;0;FP000;food waste;sorb+;0;3;Bacteria;Proteobacteria;Gammaproteobacteria;Xanthomonadales;Xanthomonadaceae;Stenotrophomonas
FP000.3;ASV91;0;FP000;food waste;sorb+;0;3;Bacteria;Firmicutes;Bacilli;Staphylococcales;Staphylococcaceae;Staphylococcus
FP000.3;ASV92;0;FP000;food waste;sorb+;0;3;Bacteria;Proteobacteria;Gammaproteobacteria;Enterobacterales;Yersiniaceae;Yersinia
FP000.3;ASV93;0;FP000;food waste;sorb+;0;3;Bacteria;Firmicutes;Bacilli;Bacillales;Bacillaceae;Oceanobacillus
FP000.3;ASV94;0;FP000;food waste;sorb+;0;3;Bacteria;Firmicutes;Bacilli;Lactobacillales;Lactobacillaceae;Levilactobacillus
FP000.3;ASV95;0;FP000;food waste;sorb+;0;3;Bacteria;Proteobacteria;Gammaproteobacteria;Pseudomonadales;Moraxellaceae;Psychrobacter
FP000.3;ASV96;0;FP000;food waste;sorb+;0;3;Bacteria;Firmicutes;Bacilli;Lactobacillales;Lactobacillaceae;Lactobacillus
FP000.3;ASV97;0;FP000;food waste;sorb+;0;3;Bacteria;Firmicutes;Bacilli;Lactobacillales;Lactobacillaceae;Lentilactobacillus
FP000.3;ASV99;0;FP000;food waste;sorb+;0;3;Bacteria;Proteobacteria;Alphaproteobacteria;Sphingomonadales;Sphingomonadaceae;Sphingomonas
FP000.3;ASV100;0;FP000;food waste;sorb+;0;3;Bacteria;Firmicutes;Bacilli;Lactobacillales;Lactobacillaceae;Lapidilactobacillus
FP000.3;ASV101;0;FP000;food waste;sorb+;0;3;Bacteria;Bacteroidota;Bacteroidia;Bacteroidales;Tannerellaceae;Parabacteroides
FP000.3;ASV104;0;FP000;food waste;sorb+;0;3;Bacteria;Firmicutes;Bacilli;Lactobacillales;Lactobacillaceae;Lactobacillus
FP000.3;ASV105;0;FP000;food waste;sorb+;0;3;Bacteria;Actinobacteriota;Actinobacteria;Micrococcales;Promicromonosporaceae;Cellulosimicrobium
FP000.3;ASV107;0;FP000;food waste;sorb+;0;3;Bacteria;Bacteroidota;Bacteroidia;Bacteroidales;Bacteroidaceae;Bacteroides
FP000.3;ASV110;0;FP000;food waste;sorb+;0;3;Bacteria;Proteobacteria;Gammaproteobacteria;Enterobacterales;Enterobacteriaceae;
FP000.3;ASV111;0;FP000;food waste;sorb+;0;3;Bacteria;Bacteroidota;Bacteroidia;Bacteroidales;Bacteroidaceae;Bacteroides
FP000.3;ASV113;0;FP000;food waste;sorb+;0;3;Bacteria;Firmicutes;Bacilli;Staphylococcales;Staphylococcaceae;Jeotgalicoccus
FP000.3;ASV114;0;FP000;food waste;sorb+;0;3;Bacteria;Firmicutes;Bacilli;Lactobacillales;Lactobacillaceae;Weissella
FP000.3;ASV115;0;FP000;food waste;sorb+;0;3;Bacteria;Proteobacteria;Gammaproteobacteria;Pseudomonadales;Alcanivoracaceae1;Alcanivorax
FP000.3;ASV116;0;FP000;food waste;sorb+;0;3;Bacteria;Firmicutes;Bacilli;Lactobacillales;Listeriaceae;Brochothrix
FP000.3;ASV117;0;FP000;food waste;sorb+;0;3;Bacteria;Actinobacteriota;Actinobacteria;Corynebacteriales;Corynebacteriaceae;Corynebacterium
FP000.3;ASV119;0;FP000;food waste;sorb+;0;3;Bacteria;Proteobacteria;Gammaproteobacteria;Pseudomonadales;Moraxellaceae;Psychrobacter
FP000.3;ASV120;0;FP000;food waste;sorb+;0;3;Bacteria;Proteobacteria;Gammaproteobacteria;Burkholderiales;Sutterellaceae;Parasutterella
FP000.3;ASV121;0;FP000;food waste;sorb+;0;3;Bacteria;Bacteroidota;Bacteroidia;Bacteroidales;Tannerellaceae;Parabacteroides
FP000.3;ASV122;0;FP000;food waste;sorb+;0;3;Bacteria;Proteobacteria;Gammaproteobacteria;Enterobacterales;Vibrionaceae;Photobacterium
FP000.3;ASV123;0;FP000;food waste;sorb+;0;3;Bacteria;Proteobacteria;Gammaproteobacteria;Pseudomonadales;Moraxellaceae;Acinetobacter
FP000.3;ASV126;0;FP000;food waste;sorb+;0;3;Bacteria;Proteobacteria;Gammaproteobacteria;Enterobacterales;Erwiniaceae;
FP000.3;ASV127;2;FP000;food waste;sorb+;0;3;Bacteria;Proteobacteria;Gammaproteobacteria;Pseudomonadales;Moraxellaceae;Acinetobacter
FP000.3;ASV129;0;FP000;food waste;sorb+;0;3;Bacteria;Proteobacteria;Alphaproteobacteria;Rhizobiales;Beijerinckiaceae;Methylobacterium-Methylorubrum
FP000.3;ASV130;0;FP000;food waste;sorb+;0;3;Bacteria;Proteobacteria;Alphaproteobacteria;Sphingomonadales;Sphingomonadaceae;Sphingomonas
FP000.3;ASV131;0;FP000;food waste;sorb+;0;3;Bacteria;Bacteroidota;Bacteroidia;Bacteroidales;Porphyromonadaceae;Porphyromonas
FP000.3;ASV133;0;FP000;food waste;sorb+;0;3;Bacteria;Proteobacteria;Gammaproteobacteria;Enterobacterales;Aeromonadaceae;Aeromonas
FP000.3;ASV135;0;FP000;food waste;sorb+;0;3;Bacteria;Proteobacteria;Gammaproteobacteria;Pseudomonadales;Moraxellaceae;Acinetobacter
FP000.3;ASV136;0;FP000;food waste;sorb+;0;3;Bacteria;Firmicutes;Clostridia;Oscillospirales;Ruminococcaceae;Faecalibacterium
FP000.3;ASV138;0;FP000;food waste;sorb+;0;3;Bacteria;Firmicutes;Bacilli;Bacillales;Bacillaceae;Amphibacillus
FP000.3;ASV139;0;FP000;food waste;sorb+;0;3;Bacteria;Actinobacteriota;Actinobacteria;Corynebacteriales;Corynebacteriaceae;Corynebacterium
FP000.3;ASV140;0;FP000;food waste;sorb+;0;3;Bacteria;Proteobacteria;Gammaproteobacteria;Pseudomonadales;Pseudomonadaceae;Pseudomonas
FP000.3;ASV141;0;FP000;food waste;sorb+;0;3;Bacteria;Firmicutes;Bacilli;Lactobacillales;Enterococcaceae;Tetragenococcus
FP000.3;ASV143;0;FP000;food waste;sorb+;0;3;Bacteria;Firmicutes;Bacilli;Bacillales;Bacillaceae;Bacillus
FP000.3;ASV144;0;FP000;food waste;sorb+;0;3;Bacteria;Proteobacteria;Gammaproteobacteria;Burkholderiales;Sutterellaceae;Parasutterella
FP000.3;ASV149;0;FP000;food waste;sorb+;0;3;Bacteria;Firmicutes;Bacilli;Lactobacillales;Lactobacillaceae;Lactobacillus
FP000.3;ASV150;0;FP000;food waste;sorb+;0;3;Bacteria;Proteobacteria;Gammaproteobacteria;Pseudomonadales;Moraxellaceae;Acinetobacter
FP000.3;ASV152;0;FP000;food waste;sorb+;0;3;Bacteria;Firmicutes;Clostridia;Oscillospirales;Ruminococcaceae;Subdoligranulum
FP000.3;ASV156;0;FP000;food waste;sorb+;0;3;Bacteria;Firmicutes;Bacilli;Lactobacillales;Lactobacillaceae;Lactobacillus
FP000.3;ASV157;0;FP000;food waste;sorb+;0;3;Bacteria;Proteobacteria;Gammaproteobacteria;Enterobacterales;Yersiniaceae;
FP000.3;ASV158;0;FP000;food waste;sorb+;0;3;Bacteria;Firmicutes;Bacilli;Lactobacillales;Lactobacillaceae;Leuconostoc
FP000.3;ASV160;0;FP000;food waste;sorb+;0;3;Bacteria;Proteobacteria;Gammaproteobacteria;Burkholderiales;Burkholderiaceae;Ralstonia
FP000.3;ASV161;0;FP000;food waste;sorb+;0;3;Bacteria;Proteobacteria;Gammaproteobacteria;Pseudomonadales;Moraxellaceae;Enhydrobacter
FP000.3;ASV162;0;FP000;food waste;sorb+;0;3;Bacteria;Proteobacteria;Gammaproteobacteria;Pseudomonadales;Moraxellaceae;Acinetobacter
FP000.3;ASV163;0;FP000;food waste;sorb+;0;3;Bacteria;Proteobacteria;Gammaproteobacteria;Enterobacterales;Aeromonadaceae;Aeromonas
FP000.3;ASV166;0;FP000;food waste;sorb+;0;3;Bacteria;Firmicutes;Bacilli;Lactobacillales;Lactobacillaceae;Schleiferilactobacillus
FP000.3;ASV168;0;FP000;food waste;sorb+;0;3;Bacteria;Firmicutes;Clostridia;Oscillospirales;Oscillospiraceae;Flavonifractor
FP000.3;ASV169;0;FP000;food waste;sorb+;0;3;Bacteria;Firmicutes;Clostridia;Oscillospirales;Ruminococcaceae;Faecalibacterium
FP000.3;ASV170;0;FP000;food waste;sorb+;0;3;Bacteria;Firmicutes;Bacilli;Lactobacillales;Streptococcaceae;Lactococcus
FP000.3;ASV177;0;FP000;food waste;sorb+;0;3;Bacteria;Firmicutes;Bacilli;Lactobacillales;Streptococcaceae;Lactococcus
FP000.3;ASV178;0;FP000;food waste;sorb+;0;3;Bacteria;Proteobacteria;Gammaproteobacteria;Burkholderiales;Burkholderiaceae;Burkholderia-Caballeronia-Paraburkholderia
FP000.3;ASV179;0;FP000;food waste;sorb+;0;3;Bacteria;Proteobacteria;Gammaproteobacteria;Burkholderiales;Comamonadaceae;Aquabacterium
FP000.3;ASV186;0;FP000;food waste;sorb+;0;3;Bacteria;Firmicutes;Bacilli;Paenibacillales;Paenibacillaceae;Paenibacillus
FP000.3;ASV187;0;FP000;food waste;sorb+;0;3;Bacteria;Proteobacteria;Gammaproteobacteria;Burkholderiales;Burkholderiaceae;Burkholderia-Caballeronia-Paraburkholderia
FP000.3;ASV188;0;FP000;food waste;sorb+;0;3;Bacteria;Firmicutes;Bacilli;Lactobacillales;Lactobacillaceae;Lactobacillus
FP000.3;ASV189;0;FP000;food waste;sorb+;0;3;Bacteria;Bacteroidota;Bacteroidia;Bacteroidales;Bacteroidaceae;Bacteroides
FP000.3;ASV190;0;FP000;food waste;sorb+;0;3;Bacteria;Firmicutes;Clostridia;Lachnospirales;Lachnospiraceae;Lachnospira
FP000.3;ASV199;0;FP000;food waste;sorb+;0;3;Bacteria;Firmicutes;Bacilli;Lactobacillales;Lactobacillaceae;HT002
FP000.3;ASV200;0;FP000;food waste;sorb+;0;3;Bacteria;Proteobacteria;Gammaproteobacteria;Enterobacterales;Pseudoalteromonadaceae;Pseudoalteromonas
FP000.3;ASV201;0;FP000;food waste;sorb+;0;3;Bacteria;Firmicutes;Clostridia;Lachnospirales;Lachnospiraceae;[Eubacterium] eligens group
FP000.3;ASV202;0;FP000;food waste;sorb+;0;3;Bacteria;Proteobacteria;Gammaproteobacteria;Burkholderiales;Sutterellaceae;Parasutterella
FP000.3;ASV203;0;FP000;food waste;sorb+;0;3;Bacteria;Firmicutes;Clostridia;Lachnospirales;Lachnospiraceae;[Eubacterium] eligens group
FP000.3;ASV204;0;FP000;food waste;sorb+;0;3;Bacteria;Proteobacteria;Gammaproteobacteria;Xanthomonadales;Xanthomonadaceae;
FP000.3;ASV219;0;FP000;food waste;sorb+;0;3;Bacteria;Proteobacteria;Gammaproteobacteria;Burkholderiales;Alcaligenaceae;Achromobacter
FP000.3;ASV221;0;FP000;food waste;sorb+;0;3;Bacteria;Firmicutes;Bacilli;Lactobacillales;Lactobacillaceae;Lacticaseibacillus
FP000.3;ASV222;0;FP000;food waste;sorb+;0;3;Bacteria;Proteobacteria;Gammaproteobacteria;Xanthomonadales;Xanthomonadaceae;Arenimonas
FP000.3;ASV223;0;FP000;food waste;sorb+;0;3;Bacteria;Proteobacteria;Gammaproteobacteria;Pseudomonadales;Pseudomonadaceae;Pseudomonas
FP000.3;ASV225;0;FP000;food waste;sorb+;0;3;Bacteria;Firmicutes;Bacilli;Lactobacillales;Lactobacillaceae;Weissella
FP000.3;ASV227;0;FP000;food waste;sorb+;0;3;Bacteria;Firmicutes;Bacilli;Lactobacillales;Streptococcaceae;
FP000.3;ASV228;0;FP000;food waste;sorb+;0;3;Bacteria;Firmicutes;Bacilli;Alicyclobacillales;Alicyclobacillaceae;Alicyclobacillus
FP000.3;ASV230;0;FP000;food waste;sorb+;0;3;Bacteria;Firmicutes;Clostridia;Peptostreptococcales-Tissierellales;Family XI;Anaerococcus
FP000.3;ASV232;0;FP000;food waste;sorb+;0;3;Bacteria;Firmicutes;Clostridia;Peptostreptococcales-Tissierellales;Clostridiisalibacter;
FP000.3;ASV257;0;FP000;food waste;sorb+;0;3;Bacteria;Actinobacteriota;Actinobacteria;Micrococcales;Micrococcaceae;Pseudarthrobacter
FP000.3;ASV258;0;FP000;food waste;sorb+;0;3;Bacteria;Firmicutes;Bacilli;Bacillales;Bacillaceae;Oceanobacillus
FP000.3;ASV259;0;FP000;food waste;sorb+;0;3;Bacteria;Verrucomicrobiota;Verrucomicrobiae;Pedosphaerales;Pedosphaeraceae;ADurb.Bin063-1
FP000.3;ASV261;0;FP000;food waste;sorb+;0;3;Bacteria;Proteobacteria;Gammaproteobacteria;Pseudomonadales;Moraxellaceae;Enhydrobacter
FP000.3;ASV263;0;FP000;food waste;sorb+;0;3;Bacteria;Firmicutes;Clostridia;Clostridiales;Clostridiaceae;Clostridium sensu stricto 18
FP000.3;ASV265;0;FP000;food waste;sorb+;0;3;Bacteria;Proteobacteria;Gammaproteobacteria;Enterobacterales;Pasteurellaceae;Haemophilus
FP000.3;ASV266;0;FP000;food waste;sorb+;0;3;Bacteria;Proteobacteria;Gammaproteobacteria;Burkholderiales;Comamonadaceae;
FP000.3;ASV267;0;FP000;food waste;sorb+;0;3;Bacteria;Actinobacteriota;Actinobacteria;Frankiales;Nakamurellaceae;Nakamurella
FP000.3;ASV269;0;FP000;food waste;sorb+;0;3;Bacteria;Proteobacteria;Gammaproteobacteria;Burkholderiales;Comamonadaceae;
FP000.3;ASV270;0;FP000;food waste;sorb+;0;3;Bacteria;Actinobacteriota;Actinobacteria;Streptomycetales;Streptomycetaceae;Streptomyces
FP000.3;ASV271;0;FP000;food waste;sorb+;0;3;Bacteria;Firmicutes;Bacilli;Acholeplasmatales;Acholeplasmataceae;Candidatus Phytoplasma
FP000.3;ASV272;0;FP000;food waste;sorb+;0;3;Bacteria;Bacteroidota;Bacteroidia;Bacteroidales;Tannerellaceae;Parabacteroides
FP000.3;ASV275;0;FP000;food waste;sorb+;0;3;Bacteria;Firmicutes;Negativicutes;Veillonellales-Selenomonadales;Veillonellaceae;Dialister
FP000.3;ASV277;0;FP000;food waste;sorb+;0;3;Bacteria;Firmicutes;Bacilli;Lactobacillales;Carnobacteriaceae;
FP000.3;ASV280;0;FP000;food waste;sorb+;0;3;Bacteria;Actinobacteriota;Actinobacteria;Streptomycetales;Streptomycetaceae;Streptomyces
FP000.3;ASV314;0;FP000;food waste;sorb+;0;3;Bacteria;Proteobacteria;Gammaproteobacteria;Xanthomonadales;Xanthomonadaceae;Arenimonas
FP000.3;ASV318;0;FP000;food waste;sorb+;0;3;Bacteria;Chloroflexi;Chloroflexia;Thermomicrobiales;JG30-KF-CM45;
FP000.3;ASV319;0;FP000;food waste;sorb+;0;3;Bacteria;Proteobacteria;Gammaproteobacteria;Xanthomonadales;Xanthomonadaceae;Arenimonas
FP000.3;ASV323;0;FP000;food waste;sorb+;0;3;Bacteria;Gemmatimonadota;Gemmatimonadetes;Gemmatimonadales;Gemmatimonadaceae;
FP000.3;ASV326;0;FP000;food waste;sorb+;0;3;Bacteria;Proteobacteria;Alphaproteobacteria;Rhizobiales;Rhizobiales Incertae Sedis;Nordella
FP000.3;ASV328;0;FP000;food waste;sorb+;0;3;Bacteria;Chloroflexi;Anaerolineae;Anaerolineales;Anaerolineaceae;
FP000.3;ASV329;0;FP000;food waste;sorb+;0;3;Bacteria;Proteobacteria;Gammaproteobacteria;Burkholderiales;Oxalobacteraceae;
FP000.3;ASV331;0;FP000;food waste;sorb+;0;3;Bacteria;Proteobacteria;Gammaproteobacteria;Steroidobacterales;Woeseiaceae;Woeseia
FP000.3;ASV333;0;FP000;food waste;sorb+;0;3;Bacteria;Proteobacteria;Gammaproteobacteria;Xanthomonadales;Xanthomonadaceae;
FP000.3;ASV334;0;FP000;food waste;sorb+;0;3;Bacteria;Firmicutes;Clostridia;Lachnospirales;Lachnospiraceae;
FP000.3;ASV336;0;FP000;food waste;sorb+;0;3;Bacteria;Bacteroidota;Bacteroidia;Flavobacteriales;Weeksellaceae;Empedobacter
FP000.3;ASV337;0;FP000;food waste;sorb+;0;3;Bacteria;Proteobacteria;Alphaproteobacteria;Rhizobiales;Beijerinckiaceae;Microvirga
FP000.3;ASV338;0;FP000;food waste;sorb+;0;3;Bacteria;Planctomycetota;Brocadiae;Brocadiales;Brocadiaceae;Candidatus Brocadia
FP000.3;ASV339;0;FP000;food waste;sorb+;0;3;Bacteria;Proteobacteria;Alphaproteobacteria;Rhizobiales;Beijerinckiaceae;Methylobacterium-Methylorubrum
FP000.3;ASV340;0;FP000;food waste;sorb+;0;3;Bacteria;Proteobacteria;Gammaproteobacteria;Pseudomonadales;Moraxellaceae;Acinetobacter
FP000.3;ASV342;0;FP000;food waste;sorb+;0;3;Bacteria;Planctomycetota;Brocadiae;Brocadiales;Brocadiaceae;Candidatus Brocadia
FP000.3;ASV344;0;FP000;food waste;sorb+;0;3;Bacteria;Actinobacteriota;Actinobacteria;Frankiales;Nakamurellaceae;Nakamurella
FP000.3;ASV345;0;FP000;food waste;sorb+;0;3;Bacteria;Hydrogenedentes;Hydrogenedentia;Hydrogenedentiales;Hydrogenedensaceae;
FP000.3;ASV346;0;FP000;food waste;sorb+;0;3;Bacteria;Gemmatimonadota;Gemmatimonadetes;Gemmatimonadales;Gemmatimonadaceae;
FP000.3;ASV352;0;FP000;food waste;sorb+;0;3;Bacteria;Proteobacteria;Gammaproteobacteria;Pseudomonadales;Marinobacteraceae;Marinobacter
FP000.3;ASV353;0;FP000;food waste;sorb+;0;3;Bacteria;Acidobacteriota;Vicinamibacteria;Vicinamibacterales;Vicinamibacteraceae;
FP000.3;ASV354;0;FP000;food waste;sorb+;0;3;Bacteria;Proteobacteria;Gammaproteobacteria;Pseudomonadales;Alcanivoracaceae1;Alcanivorax
FP000.3;ASV355;0;FP000;food waste;sorb+;0;3;Bacteria;Actinobacteriota;Acidimicrobiia;Microtrichales;Iamiaceae;Iamia
FP000.3;ASV360;0;FP000;food waste;sorb+;0;3;Bacteria;Actinobacteriota;Actinobacteria;Corynebacteriales;Corynebacteriaceae;
FP000.3;ASV361;0;FP000;food waste;sorb+;0;3;Bacteria;Proteobacteria;Gammaproteobacteria;Burkholderiales;Alcaligenaceae;Paenalcaligenes
FP125.1;ASV1;4744;FP125;food waste;sorb+;1.25;1;Bacteria;Proteobacteria;Gammaproteobacteria;Enterobacterales;Morganellaceae;Providencia
FP125.1;ASV2;11804;FP125;food waste;sorb+;1.25;1;Bacteria;Proteobacteria;Gammaproteobacteria;Enterobacterales;Enterobacteriaceae;Klebsiella
FP125.1;ASV3;0;FP125;food waste;sorb+;1.25;1;Bacteria;Proteobacteria;Gammaproteobacteria;Enterobacterales;Enterobacteriaceae;Enterobacter*
FP125.1;ASV4;3380;FP125;food waste;sorb+;1.25;1;Bacteria;Firmicutes;Bacilli;Lactobacillales;Enterococcaceae;Enterococcus
FP125.1;ASV5;9310;FP125;food waste;sorb+;1.25;1;Bacteria;Firmicutes;Bacilli;Lactobacillales;Lactobacillaceae;Lactiplantibacillus
FP125.1;ASV6;2;FP125;food waste;sorb+;1.25;1;Bacteria;Firmicutes;Bacilli;Lactobacillales;Lactobacillaceae;Lactobacillus
FP125.1;ASV7;806;FP125;food waste;sorb+;1.25;1;Bacteria;Firmicutes;Bacilli;Lactobacillales;Lactobacillaceae;Weissella
FP125.1;ASV8;2851;FP125;food waste;sorb+;1.25;1;Bacteria;Firmicutes;Bacilli;Lactobacillales;Enterococcaceae;Enterococcus
FP125.1;ASV9;5175;FP125;food waste;sorb+;1.25;1;Bacteria;Firmicutes;Bacilli;Lactobacillales;Lactobacillaceae;Levilactobacillus
FP125.1;ASV10;379;FP125;food waste;sorb+;1.25;1;Bacteria;Firmicutes;Bacilli;Lactobacillales;Streptococcaceae;Lactococcus
FP125.1;ASV11;0;FP125;food waste;sorb+;1.25;1;Bacteria;Firmicutes;Bacilli;Lactobacillales;Lactobacillaceae;Lactobacillus
FP125.1;ASV12;144;FP125;food waste;sorb+;1.25;1;Bacteria;Firmicutes;Bacilli;Lactobacillales;Lactobacillaceae;Leuconostoc
FP125.1;ASV13;0;FP125;food waste;sorb+;1.25;1;Bacteria;Firmicutes;Bacilli;Staphylococcales;Staphylococcaceae;Mammaliicoccus*
FP125.1;ASV14;130;FP125;food waste;sorb+;1.25;1;Bacteria;Firmicutes;Bacilli;Lactobacillales;Enterococcaceae;Enterococcus
FP125.1;ASV15;927;FP125;food waste;sorb+;1.25;1;Bacteria;Firmicutes;Bacilli;Lactobacillales;Lactobacillaceae;Lacticaseibacillus
FP125.1;ASV16;0;FP125;food waste;sorb+;1.25;1;Bacteria;Firmicutes;Bacilli;Lactobacillales;Carnobacteriaceae;Atopostipes
FP125.1;ASV17;1608;FP125;food waste;sorb+;1.25;1;Bacteria;Firmicutes;Bacilli;Lactobacillales;Lactobacillaceae;Lactiplantibacillus
FP125.1;ASV18;0;FP125;food waste;sorb+;1.25;1;Bacteria;Actinobacteriota;Actinobacteria;Actinomycetales;Actinomycetaceae;Actinomyces
FP125.1;ASV19;0;FP125;food waste;sorb+;1.25;1;Bacteria;Proteobacteria;Gammaproteobacteria;Enterobacterales;Morganellaceae;Proteus
FP125.1;ASV20;0;FP125;food waste;sorb+;1.25;1;Bacteria;Actinobacteriota;Actinobacteria;Corynebacteriales;Corynebacteriaceae;Corynebacterium
FP125.1;ASV21;169;FP125;food waste;sorb+;1.25;1;Bacteria;Firmicutes;Bacilli;Bacillales;Bacillaceae;Bacillus
FP125.1;ASV22;255;FP125;food waste;sorb+;1.25;1;Bacteria;Firmicutes;Bacilli;Lactobacillales;Lactobacillaceae;Lacticaseibacillus
FP125.1;ASV23;151;FP125;food waste;sorb+;1.25;1;Bacteria;Firmicutes;Bacilli;Lactobacillales;Lactobacillaceae;Limosilactobacillus
FP125.1;ASV24;43;FP125;food waste;sorb+;1.25;1;Bacteria;Proteobacteria;Gammaproteobacteria;Enterobacterales;Enterobacteriaceae;Escherichia-Shigella
FP125.1;ASV25;0;FP125;food waste;sorb+;1.25;1;Bacteria;Firmicutes;Bacilli;Lactobacillales;Enterococcaceae;Enterococcus
FP125.1;ASV26;162;FP125;food waste;sorb+;1.25;1;Bacteria;Firmicutes;Bacilli;Lactobacillales;Lactobacillaceae;Leuconostoc
FP125.1;ASV27;0;FP125;food waste;sorb+;1.25;1;Bacteria;Firmicutes;Bacilli;Paenibacillales;Paenibacillaceae;Paenibacillus
FP125.1;ASV28;70;FP125;food waste;sorb+;1.25;1;Bacteria;Firmicutes;Bacilli;Lactobacillales;Lactobacillaceae;Lacticaseibacillus
FP125.1;ASV29;0;FP125;food waste;sorb+;1.25;1;Bacteria;Firmicutes;Bacilli;Bacillales;Bacillaceae;Pseudogracilibacillus
FP125.1;ASV32;0;FP125;food waste;sorb+;1.25;1;Bacteria;Firmicutes;Bacilli;Lactobacillales;Lactobacillaceae;Lactobacillus
FP125.1;ASV33;21;FP125;food waste;sorb+;1.25;1;Bacteria;Firmicutes;Bacilli;Lactobacillales;Streptococcaceae;Streptococcus
FP125.1;ASV34;0;FP125;food waste;sorb+;1.25;1;Bacteria;Proteobacteria;Gammaproteobacteria;Enterobacterales;Enterobacteriaceae;Klebsiella
FP125.1;ASV35;145;FP125;food waste;sorb+;1.25;1;Bacteria;Firmicutes;Bacilli;Lactobacillales;Lactobacillaceae;Weissella
FP125.1;ASV36;0;FP125;food waste;sorb+;1.25;1;Bacteria;Proteobacteria;Gammaproteobacteria;Enterobacterales;Morganellaceae;Providencia
FP125.1;ASV37;41;FP125;food waste;sorb+;1.25;1;Bacteria;Firmicutes;Bacilli;Lactobacillales;Lactobacillaceae;Pediococcus
FP125.1;ASV38;2465;FP125;food waste;sorb+;1.25;1;Bacteria;Proteobacteria;Gammaproteobacteria;Enterobacterales;Enterobacteriaceae;Klebsiella
FP125.1;ASV39;2004;FP125;food waste;sorb+;1.25;1;Bacteria;Firmicutes;Bacilli;Lactobacillales;Lactobacillaceae;Lactiplantibacillus
FP125.1;ASV40;153;FP125;food waste;sorb+;1.25;1;Bacteria;Actinobacteriota;Actinobacteria;Corynebacteriales;Corynebacteriaceae;Corynebacterium
FP125.1;ASV41;0;FP125;food waste;sorb+;1.25;1;Bacteria;Firmicutes;Clostridia;Clostridiales;Clostridiaceae;Clostridium sensu stricto 18
FP125.1;ASV42;2;FP125;food waste;sorb+;1.25;1;Bacteria;Firmicutes;Bacilli;Lactobacillales;Streptococcaceae;Streptococcus
FP125.1;ASV43;0;FP125;food waste;sorb+;1.25;1;Bacteria;Proteobacteria;Gammaproteobacteria;Enterobacterales;Enterobacteriaceae;Enterobacter*
FP125.1;ASV44;0;FP125;food waste;sorb+;1.25;1;Bacteria;Firmicutes;Bacilli;Lactobacillales;Enterococcaceae;Enterococcus*
FP125.1;ASV47;0;FP125;food waste;sorb+;1.25;1;Bacteria;Firmicutes;Bacilli;Lactobacillales;Lactobacillaceae;Lacticaseibacillus
FP125.1;ASV49;0;FP125;food waste;sorb+;1.25;1;Bacteria;Firmicutes;Bacilli;Bacillales;Bacillaceae;Pseudogracilibacillus
FP125.1;ASV50;7;FP125;food waste;sorb+;1.25;1;Bacteria;Proteobacteria;Gammaproteobacteria;Pseudomonadales;Pseudomonadaceae;Pseudomonas
FP125.1;ASV51;0;FP125;food waste;sorb+;1.25;1;Bacteria;Firmicutes;Bacilli;Lactobacillales;Lactobacillaceae;Leuconostoc
FP125.1;ASV52;0;FP125;food waste;sorb+;1.25;1;Bacteria;Firmicutes;Bacilli;Paenibacillales;Paenibacillaceae;Paenibacillus
FP125.1;ASV53;0;FP125;food waste;sorb+;1.25;1;Bacteria;Actinobacteriota;Actinobacteria;Corynebacteriales;Corynebacteriaceae;Corynebacterium
FP125.1;ASV54;0;FP125;food waste;sorb+;1.25;1;Bacteria;Firmicutes;Bacilli;Bacillales;Planococcaceae;Bacillus*
FP125.1;ASV55;0;FP125;food waste;sorb+;1.25;1;Bacteria;Firmicutes;Bacilli;Bacillales;Bacillaceae;Bacillus
FP125.1;ASV56;0;FP125;food waste;sorb+;1.25;1;Bacteria;Actinobacteriota;Actinobacteria;Corynebacteriales;Corynebacteriaceae;Corynebacterium
FP125.1;ASV57;0;FP125;food waste;sorb+;1.25;1;Bacteria;Proteobacteria;Gammaproteobacteria;Enterobacterales;Morganellaceae;Providencia
FP125.1;ASV58;0;FP125;food waste;sorb+;1.25;1;Bacteria;Actinobacteriota;Actinobacteria;Micrococcales;Brevibacteriaceae;Brevibacterium
FP125.1;ASV59;0;FP125;food waste;sorb+;1.25;1;Bacteria;Firmicutes;Bacilli;Bacillales;Planococcaceae;Solibacillus
FP125.1;ASV61;0;FP125;food waste;sorb+;1.25;1;Bacteria;Actinobacteriota;Actinobacteria;Corynebacteriales;Corynebacteriaceae;Corynebacterium
FP125.1;ASV66;8;FP125;food waste;sorb+;1.25;1;Bacteria;Firmicutes;Bacilli;Staphylococcales;Staphylococcaceae;Staphylococcus
FP125.1;ASV67;0;FP125;food waste;sorb+;1.25;1;Bacteria;Actinobacteriota;Actinobacteria;Micrococcales;Brevibacteriaceae;Brevibacterium
FP125.1;ASV68;0;FP125;food waste;sorb+;1.25;1;Bacteria;Actinobacteriota;Actinobacteria;Micrococcales;Promicromonosporaceae;Cellulosimicrobium
FP125.1;ASV69;0;FP125;food waste;sorb+;1.25;1;Bacteria;Firmicutes;Bacilli;Bacillales;Planococcaceae;Uncult. bacterium*
FP125.1;ASV70;0;FP125;food waste;sorb+;1.25;1;Bacteria;Proteobacteria;Gammaproteobacteria;Xanthomonadales;Xanthomonadaceae;SN8
FP125.1;ASV72;0;FP125;food waste;sorb+;1.25;1;Bacteria;Proteobacteria;Gammaproteobacteria;Pseudomonadales;Pseudomonadaceae;Pseudomonas
FP125.1;ASV73;1;FP125;food waste;sorb+;1.25;1;Bacteria;Proteobacteria;Gammaproteobacteria;Burkholderiales;Burkholderiaceae;Ralstonia
FP125.1;ASV75;0;FP125;food waste;sorb+;1.25;1;Bacteria;Firmicutes;Bacilli;Staphylococcales;Staphylococcaceae;
FP125.1;ASV77;0;FP125;food waste;sorb+;1.25;1;Bacteria;Firmicutes;Bacilli;Bacillales;Planococcaceae;Solibacillus
FP125.1;ASV78;0;FP125;food waste;sorb+;1.25;1;Bacteria;Firmicutes;Bacilli;Lactobacillales;Lactobacillaceae;Secundilactobacillus
FP125.1;ASV79;0;FP125;food waste;sorb+;1.25;1;Bacteria;Proteobacteria;Gammaproteobacteria;Enterobacterales;Enterobacteriaceae;
FP125.1;ASV80;0;FP125;food waste;sorb+;1.25;1;Bacteria;Firmicutes;Bacilli;Lactobacillales;Lactobacillaceae;Leuconostoc
FP125.1;ASV81;0;FP125;food waste;sorb+;1.25;1;Bacteria;Firmicutes;Bacilli;Lactobacillales;Lactobacillaceae;Lactobacillus
FP125.1;ASV83;1;FP125;food waste;sorb+;1.25;1;Bacteria;Proteobacteria;Gammaproteobacteria;Burkholderiales;Comamonadaceae;Delftia
FP125.1;ASV84;0;FP125;food waste;sorb+;1.25;1;Bacteria;Firmicutes;Bacilli;Lactobacillales;Lactobacillaceae;Loigolactobacillus
FP125.1;ASV87;0;FP125;food waste;sorb+;1.25;1;Bacteria;Firmicutes;Bacilli;Lactobacillales;Streptococcaceae;Streptococcus
FP125.1;ASV90;0;FP125;food waste;sorb+;1.25;1;Bacteria;Proteobacteria;Gammaproteobacteria;Xanthomonadales;Xanthomonadaceae;Stenotrophomonas
FP125.1;ASV91;0;FP125;food waste;sorb+;1.25;1;Bacteria;Firmicutes;Bacilli;Staphylococcales;Staphylococcaceae;Staphylococcus
FP125.1;ASV92;0;FP125;food waste;sorb+;1.25;1;Bacteria;Proteobacteria;Gammaproteobacteria;Enterobacterales;Yersiniaceae;Yersinia
FP125.1;ASV93;0;FP125;food waste;sorb+;1.25;1;Bacteria;Firmicutes;Bacilli;Bacillales;Bacillaceae;Oceanobacillus
FP125.1;ASV94;0;FP125;food waste;sorb+;1.25;1;Bacteria;Firmicutes;Bacilli;Lactobacillales;Lactobacillaceae;Levilactobacillus
FP125.1;ASV95;0;FP125;food waste;sorb+;1.25;1;Bacteria;Proteobacteria;Gammaproteobacteria;Pseudomonadales;Moraxellaceae;Psychrobacter
FP125.1;ASV96;0;FP125;food waste;sorb+;1.25;1;Bacteria;Firmicutes;Bacilli;Lactobacillales;Lactobacillaceae;Lactobacillus
FP125.1;ASV97;0;FP125;food waste;sorb+;1.25;1;Bacteria;Firmicutes;Bacilli;Lactobacillales;Lactobacillaceae;Lentilactobacillus
FP125.1;ASV99;0;FP125;food waste;sorb+;1.25;1;Bacteria;Proteobacteria;Alphaproteobacteria;Sphingomonadales;Sphingomonadaceae;Sphingomonas
FP125.1;ASV100;0;FP125;food waste;sorb+;1.25;1;Bacteria;Firmicutes;Bacilli;Lactobacillales;Lactobacillaceae;Lapidilactobacillus
FP125.1;ASV101;0;FP125;food waste;sorb+;1.25;1;Bacteria;Bacteroidota;Bacteroidia;Bacteroidales;Tannerellaceae;Parabacteroides
FP125.1;ASV104;0;FP125;food waste;sorb+;1.25;1;Bacteria;Firmicutes;Bacilli;Lactobacillales;Lactobacillaceae;Lactobacillus
FP125.1;ASV105;0;FP125;food waste;sorb+;1.25;1;Bacteria;Actinobacteriota;Actinobacteria;Micrococcales;Promicromonosporaceae;Cellulosimicrobium
FP125.1;ASV107;0;FP125;food waste;sorb+;1.25;1;Bacteria;Bacteroidota;Bacteroidia;Bacteroidales;Bacteroidaceae;Bacteroides
FP125.1;ASV110;0;FP125;food waste;sorb+;1.25;1;Bacteria;Proteobacteria;Gammaproteobacteria;Enterobacterales;Enterobacteriaceae;
FP125.1;ASV111;0;FP125;food waste;sorb+;1.25;1;Bacteria;Bacteroidota;Bacteroidia;Bacteroidales;Bacteroidaceae;Bacteroides
FP125.1;ASV113;0;FP125;food waste;sorb+;1.25;1;Bacteria;Firmicutes;Bacilli;Staphylococcales;Staphylococcaceae;Jeotgalicoccus
FP125.1;ASV114;0;FP125;food waste;sorb+;1.25;1;Bacteria;Firmicutes;Bacilli;Lactobacillales;Lactobacillaceae;Weissella
FP125.1;ASV115;0;FP125;food waste;sorb+;1.25;1;Bacteria;Proteobacteria;Gammaproteobacteria;Pseudomonadales;Alcanivoracaceae1;Alcanivorax
FP125.1;ASV116;0;FP125;food waste;sorb+;1.25;1;Bacteria;Firmicutes;Bacilli;Lactobacillales;Listeriaceae;Brochothrix
FP125.1;ASV117;0;FP125;food waste;sorb+;1.25;1;Bacteria;Actinobacteriota;Actinobacteria;Corynebacteriales;Corynebacteriaceae;Corynebacterium
FP125.1;ASV119;0;FP125;food waste;sorb+;1.25;1;Bacteria;Proteobacteria;Gammaproteobacteria;Pseudomonadales;Moraxellaceae;Psychrobacter
FP125.1;ASV120;0;FP125;food waste;sorb+;1.25;1;Bacteria;Proteobacteria;Gammaproteobacteria;Burkholderiales;Sutterellaceae;Parasutterella
FP125.1;ASV121;0;FP125;food waste;sorb+;1.25;1;Bacteria;Bacteroidota;Bacteroidia;Bacteroidales;Tannerellaceae;Parabacteroides
FP125.1;ASV122;0;FP125;food waste;sorb+;1.25;1;Bacteria;Proteobacteria;Gammaproteobacteria;Enterobacterales;Vibrionaceae;Photobacterium
FP125.1;ASV123;0;FP125;food waste;sorb+;1.25;1;Bacteria;Proteobacteria;Gammaproteobacteria;Pseudomonadales;Moraxellaceae;Acinetobacter
FP125.1;ASV126;0;FP125;food waste;sorb+;1.25;1;Bacteria;Proteobacteria;Gammaproteobacteria;Enterobacterales;Erwiniaceae;
FP125.1;ASV127;0;FP125;food waste;sorb+;1.25;1;Bacteria;Proteobacteria;Gammaproteobacteria;Pseudomonadales;Moraxellaceae;Acinetobacter
FP125.1;ASV129;0;FP125;food waste;sorb+;1.25;1;Bacteria;Proteobacteria;Alphaproteobacteria;Rhizobiales;Beijerinckiaceae;Methylobacterium-Methylorubrum
FP125.1;ASV130;0;FP125;food waste;sorb+;1.25;1;Bacteria;Proteobacteria;Alphaproteobacteria;Sphingomonadales;Sphingomonadaceae;Sphingomonas
FP125.1;ASV131;0;FP125;food waste;sorb+;1.25;1;Bacteria;Bacteroidota;Bacteroidia;Bacteroidales;Porphyromonadaceae;Porphyromonas
FP125.1;ASV133;0;FP125;food waste;sorb+;1.25;1;Bacteria;Proteobacteria;Gammaproteobacteria;Enterobacterales;Aeromonadaceae;Aeromonas
FP125.1;ASV135;0;FP125;food waste;sorb+;1.25;1;Bacteria;Proteobacteria;Gammaproteobacteria;Pseudomonadales;Moraxellaceae;Acinetobacter
FP125.1;ASV136;0;FP125;food waste;sorb+;1.25;1;Bacteria;Firmicutes;Clostridia;Oscillospirales;Ruminococcaceae;Faecalibacterium
FP125.1;ASV138;0;FP125;food waste;sorb+;1.25;1;Bacteria;Firmicutes;Bacilli;Bacillales;Bacillaceae;Amphibacillus
FP125.1;ASV139;0;FP125;food waste;sorb+;1.25;1;Bacteria;Actinobacteriota;Actinobacteria;Corynebacteriales;Corynebacteriaceae;Corynebacterium
FP125.1;ASV140;0;FP125;food waste;sorb+;1.25;1;Bacteria;Proteobacteria;Gammaproteobacteria;Pseudomonadales;Pseudomonadaceae;Pseudomonas
FP125.1;ASV141;0;FP125;food waste;sorb+;1.25;1;Bacteria;Firmicutes;Bacilli;Lactobacillales;Enterococcaceae;Tetragenococcus
FP125.1;ASV143;0;FP125;food waste;sorb+;1.25;1;Bacteria;Firmicutes;Bacilli;Bacillales;Bacillaceae;Bacillus
FP125.1;ASV144;0;FP125;food waste;sorb+;1.25;1;Bacteria;Proteobacteria;Gammaproteobacteria;Burkholderiales;Sutterellaceae;Parasutterella
FP125.1;ASV149;0;FP125;food waste;sorb+;1.25;1;Bacteria;Firmicutes;Bacilli;Lactobacillales;Lactobacillaceae;Lactobacillus
FP125.1;ASV150;0;FP125;food waste;sorb+;1.25;1;Bacteria;Proteobacteria;Gammaproteobacteria;Pseudomonadales;Moraxellaceae;Acinetobacter
FP125.1;ASV152;0;FP125;food waste;sorb+;1.25;1;Bacteria;Firmicutes;Clostridia;Oscillospirales;Ruminococcaceae;Subdoligranulum
FP125.1;ASV156;0;FP125;food waste;sorb+;1.25;1;Bacteria;Firmicutes;Bacilli;Lactobacillales;Lactobacillaceae;Lactobacillus
FP125.1;ASV157;0;FP125;food waste;sorb+;1.25;1;Bacteria;Proteobacteria;Gammaproteobacteria;Enterobacterales;Yersiniaceae;
FP125.1;ASV158;0;FP125;food waste;sorb+;1.25;1;Bacteria;Firmicutes;Bacilli;Lactobacillales;Lactobacillaceae;Leuconostoc
FP125.1;ASV160;0;FP125;food waste;sorb+;1.25;1;Bacteria;Proteobacteria;Gammaproteobacteria;Burkholderiales;Burkholderiaceae;Ralstonia
FP125.1;ASV161;0;FP125;food waste;sorb+;1.25;1;Bacteria;Proteobacteria;Gammaproteobacteria;Pseudomonadales;Moraxellaceae;Enhydrobacter
FP125.1;ASV162;0;FP125;food waste;sorb+;1.25;1;Bacteria;Proteobacteria;Gammaproteobacteria;Pseudomonadales;Moraxellaceae;Acinetobacter
FP125.1;ASV163;0;FP125;food waste;sorb+;1.25;1;Bacteria;Proteobacteria;Gammaproteobacteria;Enterobacterales;Aeromonadaceae;Aeromonas
FP125.1;ASV166;0;FP125;food waste;sorb+;1.25;1;Bacteria;Firmicutes;Bacilli;Lactobacillales;Lactobacillaceae;Schleiferilactobacillus
FP125.1;ASV168;0;FP125;food waste;sorb+;1.25;1;Bacteria;Firmicutes;Clostridia;Oscillospirales;Oscillospiraceae;Flavonifractor
FP125.1;ASV169;0;FP125;food waste;sorb+;1.25;1;Bacteria;Firmicutes;Clostridia;Oscillospirales;Ruminococcaceae;Faecalibacterium
FP125.1;ASV170;0;FP125;food waste;sorb+;1.25;1;Bacteria;Firmicutes;Bacilli;Lactobacillales;Streptococcaceae;Lactococcus
FP125.1;ASV177;0;FP125;food waste;sorb+;1.25;1;Bacteria;Firmicutes;Bacilli;Lactobacillales;Streptococcaceae;Lactococcus
FP125.1;ASV178;0;FP125;food waste;sorb+;1.25;1;Bacteria;Proteobacteria;Gammaproteobacteria;Burkholderiales;Burkholderiaceae;Burkholderia-Caballeronia-Paraburkholderia
FP125.1;ASV179;0;FP125;food waste;sorb+;1.25;1;Bacteria;Proteobacteria;Gammaproteobacteria;Burkholderiales;Comamonadaceae;Aquabacterium
FP125.1;ASV186;0;FP125;food waste;sorb+;1.25;1;Bacteria;Firmicutes;Bacilli;Paenibacillales;Paenibacillaceae;Paenibacillus
FP125.1;ASV187;0;FP125;food waste;sorb+;1.25;1;Bacteria;Proteobacteria;Gammaproteobacteria;Burkholderiales;Burkholderiaceae;Burkholderia-Caballeronia-Paraburkholderia
FP125.1;ASV188;0;FP125;food waste;sorb+;1.25;1;Bacteria;Firmicutes;Bacilli;Lactobacillales;Lactobacillaceae;Lactobacillus
FP125.1;ASV189;0;FP125;food waste;sorb+;1.25;1;Bacteria;Bacteroidota;Bacteroidia;Bacteroidales;Bacteroidaceae;Bacteroides
FP125.1;ASV190;0;FP125;food waste;sorb+;1.25;1;Bacteria;Firmicutes;Clostridia;Lachnospirales;Lachnospiraceae;Lachnospira
FP125.1;ASV199;0;FP125;food waste;sorb+;1.25;1;Bacteria;Firmicutes;Bacilli;Lactobacillales;Lactobacillaceae;HT002
FP125.1;ASV200;0;FP125;food waste;sorb+;1.25;1;Bacteria;Proteobacteria;Gammaproteobacteria;Enterobacterales;Pseudoalteromonadaceae;Pseudoalteromonas
FP125.1;ASV201;0;FP125;food waste;sorb+;1.25;1;Bacteria;Firmicutes;Clostridia;Lachnospirales;Lachnospiraceae;[Eubacterium] eligens group
FP125.1;ASV202;0;FP125;food waste;sorb+;1.25;1;Bacteria;Proteobacteria;Gammaproteobacteria;Burkholderiales;Sutterellaceae;Parasutterella
FP125.1;ASV203;0;FP125;food waste;sorb+;1.25;1;Bacteria;Firmicutes;Clostridia;Lachnospirales;Lachnospiraceae;[Eubacterium] eligens group
FP125.1;ASV204;0;FP125;food waste;sorb+;1.25;1;Bacteria;Proteobacteria;Gammaproteobacteria;Xanthomonadales;Xanthomonadaceae;
FP125.1;ASV219;0;FP125;food waste;sorb+;1.25;1;Bacteria;Proteobacteria;Gammaproteobacteria;Burkholderiales;Alcaligenaceae;Achromobacter
FP125.1;ASV221;0;FP125;food waste;sorb+;1.25;1;Bacteria;Firmicutes;Bacilli;Lactobacillales;Lactobacillaceae;Lacticaseibacillus
FP125.1;ASV222;0;FP125;food waste;sorb+;1.25;1;Bacteria;Proteobacteria;Gammaproteobacteria;Xanthomonadales;Xanthomonadaceae;Arenimonas
FP125.1;ASV223;0;FP125;food waste;sorb+;1.25;1;Bacteria;Proteobacteria;Gammaproteobacteria;Pseudomonadales;Pseudomonadaceae;Pseudomonas
FP125.1;ASV225;0;FP125;food waste;sorb+;1.25;1;Bacteria;Firmicutes;Bacilli;Lactobacillales;Lactobacillaceae;Weissella
FP125.1;ASV227;0;FP125;food waste;sorb+;1.25;1;Bacteria;Firmicutes;Bacilli;Lactobacillales;Streptococcaceae;
FP125.1;ASV228;0;FP125;food waste;sorb+;1.25;1;Bacteria;Firmicutes;Bacilli;Alicyclobacillales;Alicyclobacillaceae;Alicyclobacillus
FP125.1;ASV230;0;FP125;food waste;sorb+;1.25;1;Bacteria;Firmicutes;Clostridia;Peptostreptococcales-Tissierellales;Family XI;Anaerococcus
FP125.1;ASV232;0;FP125;food waste;sorb+;1.25;1;Bacteria;Firmicutes;Clostridia;Peptostreptococcales-Tissierellales;Clostridiisalibacter;
FP125.1;ASV257;0;FP125;food waste;sorb+;1.25;1;Bacteria;Actinobacteriota;Actinobacteria;Micrococcales;Micrococcaceae;Pseudarthrobacter
FP125.1;ASV258;0;FP125;food waste;sorb+;1.25;1;Bacteria;Firmicutes;Bacilli;Bacillales;Bacillaceae;Oceanobacillus
FP125.1;ASV259;0;FP125;food waste;sorb+;1.25;1;Bacteria;Verrucomicrobiota;Verrucomicrobiae;Pedosphaerales;Pedosphaeraceae;ADurb.Bin063-1
FP125.1;ASV261;0;FP125;food waste;sorb+;1.25;1;Bacteria;Proteobacteria;Gammaproteobacteria;Pseudomonadales;Moraxellaceae;Enhydrobacter
FP125.1;ASV263;0;FP125;food waste;sorb+;1.25;1;Bacteria;Firmicutes;Clostridia;Clostridiales;Clostridiaceae;Clostridium sensu stricto 18
FP125.1;ASV265;0;FP125;food waste;sorb+;1.25;1;Bacteria;Proteobacteria;Gammaproteobacteria;Enterobacterales;Pasteurellaceae;Haemophilus
FP125.1;ASV266;0;FP125;food waste;sorb+;1.25;1;Bacteria;Proteobacteria;Gammaproteobacteria;Burkholderiales;Comamonadaceae;
FP125.1;ASV267;0;FP125;food waste;sorb+;1.25;1;Bacteria;Actinobacteriota;Actinobacteria;Frankiales;Nakamurellaceae;Nakamurella
FP125.1;ASV269;0;FP125;food waste;sorb+;1.25;1;Bacteria;Proteobacteria;Gammaproteobacteria;Burkholderiales;Comamonadaceae;
FP125.1;ASV270;2;FP125;food waste;sorb+;1.25;1;Bacteria;Actinobacteriota;Actinobacteria;Streptomycetales;Streptomycetaceae;Streptomyces
FP125.1;ASV271;0;FP125;food waste;sorb+;1.25;1;Bacteria;Firmicutes;Bacilli;Acholeplasmatales;Acholeplasmataceae;Candidatus Phytoplasma
FP125.1;ASV272;0;FP125;food waste;sorb+;1.25;1;Bacteria;Bacteroidota;Bacteroidia;Bacteroidales;Tannerellaceae;Parabacteroides
FP125.1;ASV275;0;FP125;food waste;sorb+;1.25;1;Bacteria;Firmicutes;Negativicutes;Veillonellales-Selenomonadales;Veillonellaceae;Dialister
FP125.1;ASV277;0;FP125;food waste;sorb+;1.25;1;Bacteria;Firmicutes;Bacilli;Lactobacillales;Carnobacteriaceae;
FP125.1;ASV280;0;FP125;food waste;sorb+;1.25;1;Bacteria;Actinobacteriota;Actinobacteria;Streptomycetales;Streptomycetaceae;Streptomyces
FP125.1;ASV314;0;FP125;food waste;sorb+;1.25;1;Bacteria;Proteobacteria;Gammaproteobacteria;Xanthomonadales;Xanthomonadaceae;Arenimonas
FP125.1;ASV318;0;FP125;food waste;sorb+;1.25;1;Bacteria;Chloroflexi;Chloroflexia;Thermomicrobiales;JG30-KF-CM45;
FP125.1;ASV319;0;FP125;food waste;sorb+;1.25;1;Bacteria;Proteobacteria;Gammaproteobacteria;Xanthomonadales;Xanthomonadaceae;Arenimonas
FP125.1;ASV323;0;FP125;food waste;sorb+;1.25;1;Bacteria;Gemmatimonadota;Gemmatimonadetes;Gemmatimonadales;Gemmatimonadaceae;
FP125.1;ASV326;0;FP125;food waste;sorb+;1.25;1;Bacteria;Proteobacteria;Alphaproteobacteria;Rhizobiales;Rhizobiales Incertae Sedis;Nordella
FP125.1;ASV328;0;FP125;food waste;sorb+;1.25;1;Bacteria;Chloroflexi;Anaerolineae;Anaerolineales;Anaerolineaceae;
FP125.1;ASV329;0;FP125;food waste;sorb+;1.25;1;Bacteria;Proteobacteria;Gammaproteobacteria;Burkholderiales;Oxalobacteraceae;
FP125.1;ASV331;0;FP125;food waste;sorb+;1.25;1;Bacteria;Proteobacteria;Gammaproteobacteria;Steroidobacterales;Woeseiaceae;Woeseia
FP125.1;ASV333;0;FP125;food waste;sorb+;1.25;1;Bacteria;Proteobacteria;Gammaproteobacteria;Xanthomonadales;Xanthomonadaceae;
FP125.1;ASV334;0;FP125;food waste;sorb+;1.25;1;Bacteria;Firmicutes;Clostridia;Lachnospirales;Lachnospiraceae;
FP125.1;ASV336;0;FP125;food waste;sorb+;1.25;1;Bacteria;Bacteroidota;Bacteroidia;Flavobacteriales;Weeksellaceae;Empedobacter
FP125.1;ASV337;0;FP125;food waste;sorb+;1.25;1;Bacteria;Proteobacteria;Alphaproteobacteria;Rhizobiales;Beijerinckiaceae;Microvirga
FP125.1;ASV338;0;FP125;food waste;sorb+;1.25;1;Bacteria;Planctomycetota;Brocadiae;Brocadiales;Brocadiaceae;Candidatus Brocadia
FP125.1;ASV339;0;FP125;food waste;sorb+;1.25;1;Bacteria;Proteobacteria;Alphaproteobacteria;Rhizobiales;Beijerinckiaceae;Methylobacterium-Methylorubrum
FP125.1;ASV340;1;FP125;food waste;sorb+;1.25;1;Bacteria;Proteobacteria;Gammaproteobacteria;Pseudomonadales;Moraxellaceae;Acinetobacter
FP125.1;ASV342;0;FP125;food waste;sorb+;1.25;1;Bacteria;Planctomycetota;Brocadiae;Brocadiales;Brocadiaceae;Candidatus Brocadia
FP125.1;ASV344;0;FP125;food waste;sorb+;1.25;1;Bacteria;Actinobacteriota;Actinobacteria;Frankiales;Nakamurellaceae;Nakamurella
FP125.1;ASV345;0;FP125;food waste;sorb+;1.25;1;Bacteria;Hydrogenedentes;Hydrogenedentia;Hydrogenedentiales;Hydrogenedensaceae;
FP125.1;ASV346;0;FP125;food waste;sorb+;1.25;1;Bacteria;Gemmatimonadota;Gemmatimonadetes;Gemmatimonadales;Gemmatimonadaceae;
FP125.1;ASV352;0;FP125;food waste;sorb+;1.25;1;Bacteria;Proteobacteria;Gammaproteobacteria;Pseudomonadales;Marinobacteraceae;Marinobacter
FP125.1;ASV353;0;FP125;food waste;sorb+;1.25;1;Bacteria;Acidobacteriota;Vicinamibacteria;Vicinamibacterales;Vicinamibacteraceae;
FP125.1;ASV354;0;FP125;food waste;sorb+;1.25;1;Bacteria;Proteobacteria;Gammaproteobacteria;Pseudomonadales;Alcanivoracaceae1;Alcanivorax
FP125.1;ASV355;0;FP125;food waste;sorb+;1.25;1;Bacteria;Actinobacteriota;Acidimicrobiia;Microtrichales;Iamiaceae;Iamia
FP125.1;ASV360;0;FP125;food waste;sorb+;1.25;1;Bacteria;Actinobacteriota;Actinobacteria;Corynebacteriales;Corynebacteriaceae;
FP125.1;ASV361;0;FP125;food waste;sorb+;1.25;1;Bacteria;Proteobacteria;Gammaproteobacteria;Burkholderiales;Alcaligenaceae;Paenalcaligenes
FP125.2;ASV1;6451;FP125;food waste;sorb+;1.25;2;Bacteria;Proteobacteria;Gammaproteobacteria;Enterobacterales;Morganellaceae;Providencia
FP125.2;ASV2;12564;FP125;food waste;sorb+;1.25;2;Bacteria;Proteobacteria;Gammaproteobacteria;Enterobacterales;Enterobacteriaceae;Klebsiella
FP125.2;ASV3;0;FP125;food waste;sorb+;1.25;2;Bacteria;Proteobacteria;Gammaproteobacteria;Enterobacterales;Enterobacteriaceae;Enterobacter*
FP125.2;ASV4;4613;FP125;food waste;sorb+;1.25;2;Bacteria;Firmicutes;Bacilli;Lactobacillales;Enterococcaceae;Enterococcus
FP125.2;ASV5;8166;FP125;food waste;sorb+;1.25;2;Bacteria;Firmicutes;Bacilli;Lactobacillales;Lactobacillaceae;Lactiplantibacillus
FP125.2;ASV6;4;FP125;food waste;sorb+;1.25;2;Bacteria;Firmicutes;Bacilli;Lactobacillales;Lactobacillaceae;Lactobacillus
FP125.2;ASV7;701;FP125;food waste;sorb+;1.25;2;Bacteria;Firmicutes;Bacilli;Lactobacillales;Lactobacillaceae;Weissella
FP125.2;ASV8;2750;FP125;food waste;sorb+;1.25;2;Bacteria;Firmicutes;Bacilli;Lactobacillales;Enterococcaceae;Enterococcus
FP125.2;ASV9;6634;FP125;food waste;sorb+;1.25;2;Bacteria;Firmicutes;Bacilli;Lactobacillales;Lactobacillaceae;Levilactobacillus
FP125.2;ASV10;194;FP125;food waste;sorb+;1.25;2;Bacteria;Firmicutes;Bacilli;Lactobacillales;Streptococcaceae;Lactococcus
FP125.2;ASV11;0;FP125;food waste;sorb+;1.25;2;Bacteria;Firmicutes;Bacilli;Lactobacillales;Lactobacillaceae;Lactobacillus
FP125.2;ASV12;93;FP125;food waste;sorb+;1.25;2;Bacteria;Firmicutes;Bacilli;Lactobacillales;Lactobacillaceae;Leuconostoc
FP125.2;ASV13;2;FP125;food waste;sorb+;1.25;2;Bacteria;Firmicutes;Bacilli;Staphylococcales;Staphylococcaceae;Mammaliicoccus*
FP125.2;ASV14;1619;FP125;food waste;sorb+;1.25;2;Bacteria;Firmicutes;Bacilli;Lactobacillales;Enterococcaceae;Enterococcus
FP125.2;ASV15;997;FP125;food waste;sorb+;1.25;2;Bacteria;Firmicutes;Bacilli;Lactobacillales;Lactobacillaceae;Lacticaseibacillus
FP125.2;ASV16;0;FP125;food waste;sorb+;1.25;2;Bacteria;Firmicutes;Bacilli;Lactobacillales;Carnobacteriaceae;Atopostipes
FP125.2;ASV17;1121;FP125;food waste;sorb+;1.25;2;Bacteria;Firmicutes;Bacilli;Lactobacillales;Lactobacillaceae;Lactiplantibacillus
FP125.2;ASV18;0;FP125;food waste;sorb+;1.25;2;Bacteria;Actinobacteriota;Actinobacteria;Actinomycetales;Actinomycetaceae;Actinomyces
FP125.2;ASV19;5;FP125;food waste;sorb+;1.25;2;Bacteria;Proteobacteria;Gammaproteobacteria;Enterobacterales;Morganellaceae;Proteus
FP125.2;ASV20;0;FP125;food waste;sorb+;1.25;2;Bacteria;Actinobacteriota;Actinobacteria;Corynebacteriales;Corynebacteriaceae;Corynebacterium
FP125.2;ASV21;232;FP125;food waste;sorb+;1.25;2;Bacteria;Firmicutes;Bacilli;Bacillales;Bacillaceae;Bacillus
FP125.2;ASV22;310;FP125;food waste;sorb+;1.25;2;Bacteria;Firmicutes;Bacilli;Lactobacillales;Lactobacillaceae;Lacticaseibacillus
FP125.2;ASV23;91;FP125;food waste;sorb+;1.25;2;Bacteria;Firmicutes;Bacilli;Lactobacillales;Lactobacillaceae;Limosilactobacillus
FP125.2;ASV24;2;FP125;food waste;sorb+;1.25;2;Bacteria;Proteobacteria;Gammaproteobacteria;Enterobacterales;Enterobacteriaceae;Escherichia-Shigella
FP125.2;ASV25;0;FP125;food waste;sorb+;1.25;2;Bacteria;Firmicutes;Bacilli;Lactobacillales;Enterococcaceae;Enterococcus
FP125.2;ASV26;88;FP125;food waste;sorb+;1.25;2;Bacteria;Firmicutes;Bacilli;Lactobacillales;Lactobacillaceae;Leuconostoc
FP125.2;ASV27;0;FP125;food waste;sorb+;1.25;2;Bacteria;Firmicutes;Bacilli;Paenibacillales;Paenibacillaceae;Paenibacillus
FP125.2;ASV28;38;FP125;food waste;sorb+;1.25;2;Bacteria;Firmicutes;Bacilli;Lactobacillales;Lactobacillaceae;Lacticaseibacillus
FP125.2;ASV29;0;FP125;food waste;sorb+;1.25;2;Bacteria;Firmicutes;Bacilli;Bacillales;Bacillaceae;Pseudogracilibacillus
FP125.2;ASV32;0;FP125;food waste;sorb+;1.25;2;Bacteria;Firmicutes;Bacilli;Lactobacillales;Lactobacillaceae;Lactobacillus
FP125.2;ASV33;33;FP125;food waste;sorb+;1.25;2;Bacteria;Firmicutes;Bacilli;Lactobacillales;Streptococcaceae;Streptococcus
FP125.2;ASV34;0;FP125;food waste;sorb+;1.25;2;Bacteria;Proteobacteria;Gammaproteobacteria;Enterobacterales;Enterobacteriaceae;Klebsiella
FP125.2;ASV35;110;FP125;food waste;sorb+;1.25;2;Bacteria;Firmicutes;Bacilli;Lactobacillales;Lactobacillaceae;Weissella
FP125.2;ASV36;0;FP125;food waste;sorb+;1.25;2;Bacteria;Proteobacteria;Gammaproteobacteria;Enterobacterales;Morganellaceae;Providencia
FP125.2;ASV37;29;FP125;food waste;sorb+;1.25;2;Bacteria;Firmicutes;Bacilli;Lactobacillales;Lactobacillaceae;Pediococcus
FP125.2;ASV38;0;FP125;food waste;sorb+;1.25;2;Bacteria;Proteobacteria;Gammaproteobacteria;Enterobacterales;Enterobacteriaceae;Klebsiella
FP125.2;ASV39;0;FP125;food waste;sorb+;1.25;2;Bacteria;Firmicutes;Bacilli;Lactobacillales;Lactobacillaceae;Lactiplantibacillus
FP125.2;ASV40;78;FP125;food waste;sorb+;1.25;2;Bacteria;Actinobacteriota;Actinobacteria;Corynebacteriales;Corynebacteriaceae;Corynebacterium
FP125.2;ASV41;0;FP125;food waste;sorb+;1.25;2;Bacteria;Firmicutes;Clostridia;Clostridiales;Clostridiaceae;Clostridium sensu stricto 18
FP125.2;ASV42;7;FP125;food waste;sorb+;1.25;2;Bacteria;Firmicutes;Bacilli;Lactobacillales;Streptococcaceae;Streptococcus
FP125.2;ASV43;0;FP125;food waste;sorb+;1.25;2;Bacteria;Proteobacteria;Gammaproteobacteria;Enterobacterales;Enterobacteriaceae;Enterobacter*
FP125.2;ASV44;0;FP125;food waste;sorb+;1.25;2;Bacteria;Firmicutes;Bacilli;Lactobacillales;Enterococcaceae;Enterococcus*
FP125.2;ASV47;0;FP125;food waste;sorb+;1.25;2;Bacteria;Firmicutes;Bacilli;Lactobacillales;Lactobacillaceae;Lacticaseibacillus
FP125.2;ASV49;0;FP125;food waste;sorb+;1.25;2;Bacteria;Firmicutes;Bacilli;Bacillales;Bacillaceae;Pseudogracilibacillus
FP125.2;ASV50;5;FP125;food waste;sorb+;1.25;2;Bacteria;Proteobacteria;Gammaproteobacteria;Pseudomonadales;Pseudomonadaceae;Pseudomonas
FP125.2;ASV51;0;FP125;food waste;sorb+;1.25;2;Bacteria;Firmicutes;Bacilli;Lactobacillales;Lactobacillaceae;Leuconostoc
FP125.2;ASV52;0;FP125;food waste;sorb+;1.25;2;Bacteria;Firmicutes;Bacilli;Paenibacillales;Paenibacillaceae;Paenibacillus
FP125.2;ASV53;0;FP125;food waste;sorb+;1.25;2;Bacteria;Actinobacteriota;Actinobacteria;Corynebacteriales;Corynebacteriaceae;Corynebacterium
FP125.2;ASV54;0;FP125;food waste;sorb+;1.25;2;Bacteria;Firmicutes;Bacilli;Bacillales;Planococcaceae;Bacillus*
FP125.2;ASV55;0;FP125;food waste;sorb+;1.25;2;Bacteria;Firmicutes;Bacilli;Bacillales;Bacillaceae;Bacillus
FP125.2;ASV56;0;FP125;food waste;sorb+;1.25;2;Bacteria;Actinobacteriota;Actinobacteria;Corynebacteriales;Corynebacteriaceae;Corynebacterium
FP125.2;ASV57;0;FP125;food waste;sorb+;1.25;2;Bacteria;Proteobacteria;Gammaproteobacteria;Enterobacterales;Morganellaceae;Providencia
FP125.2;ASV58;0;FP125;food waste;sorb+;1.25;2;Bacteria;Actinobacteriota;Actinobacteria;Micrococcales;Brevibacteriaceae;Brevibacterium
FP125.2;ASV59;0;FP125;food waste;sorb+;1.25;2;Bacteria;Firmicutes;Bacilli;Bacillales;Planococcaceae;Solibacillus
FP125.2;ASV61;0;FP125;food waste;sorb+;1.25;2;Bacteria;Actinobacteriota;Actinobacteria;Corynebacteriales;Corynebacteriaceae;Corynebacterium
FP125.2;ASV66;0;FP125;food waste;sorb+;1.25;2;Bacteria;Firmicutes;Bacilli;Staphylococcales;Staphylococcaceae;Staphylococcus
FP125.2;ASV67;0;FP125;food waste;sorb+;1.25;2;Bacteria;Actinobacteriota;Actinobacteria;Micrococcales;Brevibacteriaceae;Brevibacterium
FP125.2;ASV68;0;FP125;food waste;sorb+;1.25;2;Bacteria;Actinobacteriota;Actinobacteria;Micrococcales;Promicromonosporaceae;Cellulosimicrobium
FP125.2;ASV69;0;FP125;food waste;sorb+;1.25;2;Bacteria;Firmicutes;Bacilli;Bacillales;Planococcaceae;Uncult. bacterium*
FP125.2;ASV70;0;FP125;food waste;sorb+;1.25;2;Bacteria;Proteobacteria;Gammaproteobacteria;Xanthomonadales;Xanthomonadaceae;SN8
FP125.2;ASV72;0;FP125;food waste;sorb+;1.25;2;Bacteria;Proteobacteria;Gammaproteobacteria;Pseudomonadales;Pseudomonadaceae;Pseudomonas
FP125.2;ASV73;0;FP125;food waste;sorb+;1.25;2;Bacteria;Proteobacteria;Gammaproteobacteria;Burkholderiales;Burkholderiaceae;Ralstonia
FP125.2;ASV75;0;FP125;food waste;sorb+;1.25;2;Bacteria;Firmicutes;Bacilli;Staphylococcales;Staphylococcaceae;
FP125.2;ASV77;0;FP125;food waste;sorb+;1.25;2;Bacteria;Firmicutes;Bacilli;Bacillales;Planococcaceae;Solibacillus
FP125.2;ASV78;6;FP125;food waste;sorb+;1.25;2;Bacteria;Firmicutes;Bacilli;Lactobacillales;Lactobacillaceae;Secundilactobacillus
FP125.2;ASV79;0;FP125;food waste;sorb+;1.25;2;Bacteria;Proteobacteria;Gammaproteobacteria;Enterobacterales;Enterobacteriaceae;
FP125.2;ASV80;0;FP125;food waste;sorb+;1.25;2;Bacteria;Firmicutes;Bacilli;Lactobacillales;Lactobacillaceae;Leuconostoc
FP125.2;ASV81;1;FP125;food waste;sorb+;1.25;2;Bacteria;Firmicutes;Bacilli;Lactobacillales;Lactobacillaceae;Lactobacillus
FP125.2;ASV83;0;FP125;food waste;sorb+;1.25;2;Bacteria;Proteobacteria;Gammaproteobacteria;Burkholderiales;Comamonadaceae;Delftia
FP125.2;ASV84;0;FP125;food waste;sorb+;1.25;2;Bacteria;Firmicutes;Bacilli;Lactobacillales;Lactobacillaceae;Loigolactobacillus
FP125.2;ASV87;0;FP125;food waste;sorb+;1.25;2;Bacteria;Firmicutes;Bacilli;Lactobacillales;Streptococcaceae;Streptococcus
FP125.2;ASV90;0;FP125;food waste;sorb+;1.25;2;Bacteria;Proteobacteria;Gammaproteobacteria;Xanthomonadales;Xanthomonadaceae;Stenotrophomonas
FP125.2;ASV91;0;FP125;food waste;sorb+;1.25;2;Bacteria;Firmicutes;Bacilli;Staphylococcales;Staphylococcaceae;Staphylococcus
FP125.2;ASV92;1;FP125;food waste;sorb+;1.25;2;Bacteria;Proteobacteria;Gammaproteobacteria;Enterobacterales;Yersiniaceae;Yersinia
FP125.2;ASV93;0;FP125;food waste;sorb+;1.25;2;Bacteria;Firmicutes;Bacilli;Bacillales;Bacillaceae;Oceanobacillus
FP125.2;ASV94;0;FP125;food waste;sorb+;1.25;2;Bacteria;Firmicutes;Bacilli;Lactobacillales;Lactobacillaceae;Levilactobacillus
FP125.2;ASV95;0;FP125;food waste;sorb+;1.25;2;Bacteria;Proteobacteria;Gammaproteobacteria;Pseudomonadales;Moraxellaceae;Psychrobacter
FP125.2;ASV96;0;FP125;food waste;sorb+;1.25;2;Bacteria;Firmicutes;Bacilli;Lactobacillales;Lactobacillaceae;Lactobacillus
FP125.2;ASV97;0;FP125;food waste;sorb+;1.25;2;Bacteria;Firmicutes;Bacilli;Lactobacillales;Lactobacillaceae;Lentilactobacillus
FP125.2;ASV99;0;FP125;food waste;sorb+;1.25;2;Bacteria;Proteobacteria;Alphaproteobacteria;Sphingomonadales;Sphingomonadaceae;Sphingomonas
FP125.2;ASV100;6;FP125;food waste;sorb+;1.25;2;Bacteria;Firmicutes;Bacilli;Lactobacillales;Lactobacillaceae;Lapidilactobacillus
FP125.2;ASV101;0;FP125;food waste;sorb+;1.25;2;Bacteria;Bacteroidota;Bacteroidia;Bacteroidales;Tannerellaceae;Parabacteroides
FP125.2;ASV104;0;FP125;food waste;sorb+;1.25;2;Bacteria;Firmicutes;Bacilli;Lactobacillales;Lactobacillaceae;Lactobacillus
FP125.2;ASV105;0;FP125;food waste;sorb+;1.25;2;Bacteria;Actinobacteriota;Actinobacteria;Micrococcales;Promicromonosporaceae;Cellulosimicrobium
FP125.2;ASV107;0;FP125;food waste;sorb+;1.25;2;Bacteria;Bacteroidota;Bacteroidia;Bacteroidales;Bacteroidaceae;Bacteroides
FP125.2;ASV110;0;FP125;food waste;sorb+;1.25;2;Bacteria;Proteobacteria;Gammaproteobacteria;Enterobacterales;Enterobacteriaceae;
FP125.2;ASV111;0;FP125;food waste;sorb+;1.25;2;Bacteria;Bacteroidota;Bacteroidia;Bacteroidales;Bacteroidaceae;Bacteroides
FP125.2;ASV113;0;FP125;food waste;sorb+;1.25;2;Bacteria;Firmicutes;Bacilli;Staphylococcales;Staphylococcaceae;Jeotgalicoccus
FP125.2;ASV114;0;FP125;food waste;sorb+;1.25;2;Bacteria;Firmicutes;Bacilli;Lactobacillales;Lactobacillaceae;Weissella
FP125.2;ASV115;0;FP125;food waste;sorb+;1.25;2;Bacteria;Proteobacteria;Gammaproteobacteria;Pseudomonadales;Alcanivoracaceae1;Alcanivorax
FP125.2;ASV116;0;FP125;food waste;sorb+;1.25;2;Bacteria;Firmicutes;Bacilli;Lactobacillales;Listeriaceae;Brochothrix
FP125.2;ASV117;0;FP125;food waste;sorb+;1.25;2;Bacteria;Actinobacteriota;Actinobacteria;Corynebacteriales;Corynebacteriaceae;Corynebacterium
FP125.2;ASV119;0;FP125;food waste;sorb+;1.25;2;Bacteria;Proteobacteria;Gammaproteobacteria;Pseudomonadales;Moraxellaceae;Psychrobacter
FP125.2;ASV120;0;FP125;food waste;sorb+;1.25;2;Bacteria;Proteobacteria;Gammaproteobacteria;Burkholderiales;Sutterellaceae;Parasutterella
FP125.2;ASV121;0;FP125;food waste;sorb+;1.25;2;Bacteria;Bacteroidota;Bacteroidia;Bacteroidales;Tannerellaceae;Parabacteroides
FP125.2;ASV122;0;FP125;food waste;sorb+;1.25;2;Bacteria;Proteobacteria;Gammaproteobacteria;Enterobacterales;Vibrionaceae;Photobacterium
FP125.2;ASV123;0;FP125;food waste;sorb+;1.25;2;Bacteria;Proteobacteria;Gammaproteobacteria;Pseudomonadales;Moraxellaceae;Acinetobacter
FP125.2;ASV126;0;FP125;food waste;sorb+;1.25;2;Bacteria;Proteobacteria;Gammaproteobacteria;Enterobacterales;Erwiniaceae;
FP125.2;ASV127;0;FP125;food waste;sorb+;1.25;2;Bacteria;Proteobacteria;Gammaproteobacteria;Pseudomonadales;Moraxellaceae;Acinetobacter
FP125.2;ASV129;0;FP125;food waste;sorb+;1.25;2;Bacteria;Proteobacteria;Alphaproteobacteria;Rhizobiales;Beijerinckiaceae;Methylobacterium-Methylorubrum
FP125.2;ASV130;1;FP125;food waste;sorb+;1.25;2;Bacteria;Proteobacteria;Alphaproteobacteria;Sphingomonadales;Sphingomonadaceae;Sphingomonas
FP125.2;ASV131;0;FP125;food waste;sorb+;1.25;2;Bacteria;Bacteroidota;Bacteroidia;Bacteroidales;Porphyromonadaceae;Porphyromonas
FP125.2;ASV133;0;FP125;food waste;sorb+;1.25;2;Bacteria;Proteobacteria;Gammaproteobacteria;Enterobacterales;Aeromonadaceae;Aeromonas
FP125.2;ASV135;0;FP125;food waste;sorb+;1.25;2;Bacteria;Proteobacteria;Gammaproteobacteria;Pseudomonadales;Moraxellaceae;Acinetobacter
FP125.2;ASV136;0;FP125;food waste;sorb+;1.25;2;Bacteria;Firmicutes;Clostridia;Oscillospirales;Ruminococcaceae;Faecalibacterium
FP125.2;ASV138;0;FP125;food waste;sorb+;1.25;2;Bacteria;Firmicutes;Bacilli;Bacillales;Bacillaceae;Amphibacillus
FP125.2;ASV139;0;FP125;food waste;sorb+;1.25;2;Bacteria;Actinobacteriota;Actinobacteria;Corynebacteriales;Corynebacteriaceae;Corynebacterium
FP125.2;ASV140;0;FP125;food waste;sorb+;1.25;2;Bacteria;Proteobacteria;Gammaproteobacteria;Pseudomonadales;Pseudomonadaceae;Pseudomonas
FP125.2;ASV141;0;FP125;food waste;sorb+;1.25;2;Bacteria;Firmicutes;Bacilli;Lactobacillales;Enterococcaceae;Tetragenococcus
FP125.2;ASV143;0;FP125;food waste;sorb+;1.25;2;Bacteria;Firmicutes;Bacilli;Bacillales;Bacillaceae;Bacillus
FP125.2;ASV144;0;FP125;food waste;sorb+;1.25;2;Bacteria;Proteobacteria;Gammaproteobacteria;Burkholderiales;Sutterellaceae;Parasutterella
FP125.2;ASV149;0;FP125;food waste;sorb+;1.25;2;Bacteria;Firmicutes;Bacilli;Lactobacillales;Lactobacillaceae;Lactobacillus
FP125.2;ASV150;0;FP125;food waste;sorb+;1.25;2;Bacteria;Proteobacteria;Gammaproteobacteria;Pseudomonadales;Moraxellaceae;Acinetobacter
FP125.2;ASV152;0;FP125;food waste;sorb+;1.25;2;Bacteria;Firmicutes;Clostridia;Oscillospirales;Ruminococcaceae;Subdoligranulum
FP125.2;ASV156;0;FP125;food waste;sorb+;1.25;2;Bacteria;Firmicutes;Bacilli;Lactobacillales;Lactobacillaceae;Lactobacillus
FP125.2;ASV157;0;FP125;food waste;sorb+;1.25;2;Bacteria;Proteobacteria;Gammaproteobacteria;Enterobacterales;Yersiniaceae;
FP125.2;ASV158;0;FP125;food waste;sorb+;1.25;2;Bacteria;Firmicutes;Bacilli;Lactobacillales;Lactobacillaceae;Leuconostoc
FP125.2;ASV160;0;FP125;food waste;sorb+;1.25;2;Bacteria;Proteobacteria;Gammaproteobacteria;Burkholderiales;Burkholderiaceae;Ralstonia
FP125.2;ASV161;0;FP125;food waste;sorb+;1.25;2;Bacteria;Proteobacteria;Gammaproteobacteria;Pseudomonadales;Moraxellaceae;Enhydrobacter
FP125.2;ASV162;0;FP125;food waste;sorb+;1.25;2;Bacteria;Proteobacteria;Gammaproteobacteria;Pseudomonadales;Moraxellaceae;Acinetobacter
FP125.2;ASV163;0;FP125;food waste;sorb+;1.25;2;Bacteria;Proteobacteria;Gammaproteobacteria;Enterobacterales;Aeromonadaceae;Aeromonas
FP125.2;ASV166;0;FP125;food waste;sorb+;1.25;2;Bacteria;Firmicutes;Bacilli;Lactobacillales;Lactobacillaceae;Schleiferilactobacillus
FP125.2;ASV168;0;FP125;food waste;sorb+;1.25;2;Bacteria;Firmicutes;Clostridia;Oscillospirales;Oscillospiraceae;Flavonifractor
FP125.2;ASV169;0;FP125;food waste;sorb+;1.25;2;Bacteria;Firmicutes;Clostridia;Oscillospirales;Ruminococcaceae;Faecalibacterium
FP125.2;ASV170;0;FP125;food waste;sorb+;1.25;2;Bacteria;Firmicutes;Bacilli;Lactobacillales;Streptococcaceae;Lactococcus
FP125.2;ASV177;0;FP125;food waste;sorb+;1.25;2;Bacteria;Firmicutes;Bacilli;Lactobacillales;Streptococcaceae;Lactococcus
FP125.2;ASV178;0;FP125;food waste;sorb+;1.25;2;Bacteria;Proteobacteria;Gammaproteobacteria;Burkholderiales;Burkholderiaceae;Burkholderia-Caballeronia-Paraburkholderia
FP125.2;ASV179;0;FP125;food waste;sorb+;1.25;2;Bacteria;Proteobacteria;Gammaproteobacteria;Burkholderiales;Comamonadaceae;Aquabacterium
FP125.2;ASV186;0;FP125;food waste;sorb+;1.25;2;Bacteria;Firmicutes;Bacilli;Paenibacillales;Paenibacillaceae;Paenibacillus
FP125.2;ASV187;0;FP125;food waste;sorb+;1.25;2;Bacteria;Proteobacteria;Gammaproteobacteria;Burkholderiales;Burkholderiaceae;Burkholderia-Caballeronia-Paraburkholderia
FP125.2;ASV188;0;FP125;food waste;sorb+;1.25;2;Bacteria;Firmicutes;Bacilli;Lactobacillales;Lactobacillaceae;Lactobacillus
FP125.2;ASV189;0;FP125;food waste;sorb+;1.25;2;Bacteria;Bacteroidota;Bacteroidia;Bacteroidales;Bacteroidaceae;Bacteroides
FP125.2;ASV190;0;FP125;food waste;sorb+;1.25;2;Bacteria;Firmicutes;Clostridia;Lachnospirales;Lachnospiraceae;Lachnospira
FP125.2;ASV199;0;FP125;food waste;sorb+;1.25;2;Bacteria;Firmicutes;Bacilli;Lactobacillales;Lactobacillaceae;HT002
FP125.2;ASV200;0;FP125;food waste;sorb+;1.25;2;Bacteria;Proteobacteria;Gammaproteobacteria;Enterobacterales;Pseudoalteromonadaceae;Pseudoalteromonas
FP125.2;ASV201;2;FP125;food waste;sorb+;1.25;2;Bacteria;Firmicutes;Clostridia;Lachnospirales;Lachnospiraceae;[Eubacterium] eligens group
FP125.2;ASV202;0;FP125;food waste;sorb+;1.25;2;Bacteria;Proteobacteria;Gammaproteobacteria;Burkholderiales;Sutterellaceae;Parasutterella
FP125.2;ASV203;0;FP125;food waste;sorb+;1.25;2;Bacteria;Firmicutes;Clostridia;Lachnospirales;Lachnospiraceae;[Eubacterium] eligens group
FP125.2;ASV204;0;FP125;food waste;sorb+;1.25;2;Bacteria;Proteobacteria;Gammaproteobacteria;Xanthomonadales;Xanthomonadaceae;
FP125.2;ASV219;0;FP125;food waste;sorb+;1.25;2;Bacteria;Proteobacteria;Gammaproteobacteria;Burkholderiales;Alcaligenaceae;Achromobacter
FP125.2;ASV221;0;FP125;food waste;sorb+;1.25;2;Bacteria;Firmicutes;Bacilli;Lactobacillales;Lactobacillaceae;Lacticaseibacillus
FP125.2;ASV222;0;FP125;food waste;sorb+;1.25;2;Bacteria;Proteobacteria;Gammaproteobacteria;Xanthomonadales;Xanthomonadaceae;Arenimonas
FP125.2;ASV223;0;FP125;food waste;sorb+;1.25;2;Bacteria;Proteobacteria;Gammaproteobacteria;Pseudomonadales;Pseudomonadaceae;Pseudomonas
FP125.2;ASV225;0;FP125;food waste;sorb+;1.25;2;Bacteria;Firmicutes;Bacilli;Lactobacillales;Lactobacillaceae;Weissella
FP125.2;ASV227;0;FP125;food waste;sorb+;1.25;2;Bacteria;Firmicutes;Bacilli;Lactobacillales;Streptococcaceae;
FP125.2;ASV228;0;FP125;food waste;sorb+;1.25;2;Bacteria;Firmicutes;Bacilli;Alicyclobacillales;Alicyclobacillaceae;Alicyclobacillus
FP125.2;ASV230;0;FP125;food waste;sorb+;1.25;2;Bacteria;Firmicutes;Clostridia;Peptostreptococcales-Tissierellales;Family XI;Anaerococcus
FP125.2;ASV232;0;FP125;food waste;sorb+;1.25;2;Bacteria;Firmicutes;Clostridia;Peptostreptococcales-Tissierellales;Clostridiisalibacter;
FP125.2;ASV257;0;FP125;food waste;sorb+;1.25;2;Bacteria;Actinobacteriota;Actinobacteria;Micrococcales;Micrococcaceae;Pseudarthrobacter
FP125.2;ASV258;0;FP125;food waste;sorb+;1.25;2;Bacteria;Firmicutes;Bacilli;Bacillales;Bacillaceae;Oceanobacillus
FP125.2;ASV259;0;FP125;food waste;sorb+;1.25;2;Bacteria;Verrucomicrobiota;Verrucomicrobiae;Pedosphaerales;Pedosphaeraceae;ADurb.Bin063-1
FP125.2;ASV261;0;FP125;food waste;sorb+;1.25;2;Bacteria;Proteobacteria;Gammaproteobacteria;Pseudomonadales;Moraxellaceae;Enhydrobacter
FP125.2;ASV263;0;FP125;food waste;sorb+;1.25;2;Bacteria;Firmicutes;Clostridia;Clostridiales;Clostridiaceae;Clostridium sensu stricto 18
FP125.2;ASV265;0;FP125;food waste;sorb+;1.25;2;Bacteria;Proteobacteria;Gammaproteobacteria;Enterobacterales;Pasteurellaceae;Haemophilus
FP125.2;ASV266;0;FP125;food waste;sorb+;1.25;2;Bacteria;Proteobacteria;Gammaproteobacteria;Burkholderiales;Comamonadaceae;
FP125.2;ASV267;0;FP125;food waste;sorb+;1.25;2;Bacteria;Actinobacteriota;Actinobacteria;Frankiales;Nakamurellaceae;Nakamurella
FP125.2;ASV269;0;FP125;food waste;sorb+;1.25;2;Bacteria;Proteobacteria;Gammaproteobacteria;Burkholderiales;Comamonadaceae;
FP125.2;ASV270;0;FP125;food waste;sorb+;1.25;2;Bacteria;Actinobacteriota;Actinobacteria;Streptomycetales;Streptomycetaceae;Streptomyces
FP125.2;ASV271;1;FP125;food waste;sorb+;1.25;2;Bacteria;Firmicutes;Bacilli;Acholeplasmatales;Acholeplasmataceae;Candidatus Phytoplasma
FP125.2;ASV272;5;FP125;food waste;sorb+;1.25;2;Bacteria;Bacteroidota;Bacteroidia;Bacteroidales;Tannerellaceae;Parabacteroides
FP125.2;ASV275;0;FP125;food waste;sorb+;1.25;2;Bacteria;Firmicutes;Negativicutes;Veillonellales-Selenomonadales;Veillonellaceae;Dialister
FP125.2;ASV277;0;FP125;food waste;sorb+;1.25;2;Bacteria;Firmicutes;Bacilli;Lactobacillales;Carnobacteriaceae;
FP125.2;ASV280;0;FP125;food waste;sorb+;1.25;2;Bacteria;Actinobacteriota;Actinobacteria;Streptomycetales;Streptomycetaceae;Streptomyces
FP125.2;ASV314;0;FP125;food waste;sorb+;1.25;2;Bacteria;Proteobacteria;Gammaproteobacteria;Xanthomonadales;Xanthomonadaceae;Arenimonas
FP125.2;ASV318;0;FP125;food waste;sorb+;1.25;2;Bacteria;Chloroflexi;Chloroflexia;Thermomicrobiales;JG30-KF-CM45;
FP125.2;ASV319;0;FP125;food waste;sorb+;1.25;2;Bacteria;Proteobacteria;Gammaproteobacteria;Xanthomonadales;Xanthomonadaceae;Arenimonas
FP125.2;ASV323;0;FP125;food waste;sorb+;1.25;2;Bacteria;Gemmatimonadota;Gemmatimonadetes;Gemmatimonadales;Gemmatimonadaceae;
FP125.2;ASV326;0;FP125;food waste;sorb+;1.25;2;Bacteria;Proteobacteria;Alphaproteobacteria;Rhizobiales;Rhizobiales Incertae Sedis;Nordella
FP125.2;ASV328;0;FP125;food waste;sorb+;1.25;2;Bacteria;Chloroflexi;Anaerolineae;Anaerolineales;Anaerolineaceae;
FP125.2;ASV329;0;FP125;food waste;sorb+;1.25;2;Bacteria;Proteobacteria;Gammaproteobacteria;Burkholderiales;Oxalobacteraceae;
FP125.2;ASV331;0;FP125;food waste;sorb+;1.25;2;Bacteria;Proteobacteria;Gammaproteobacteria;Steroidobacterales;Woeseiaceae;Woeseia
FP125.2;ASV333;0;FP125;food waste;sorb+;1.25;2;Bacteria;Proteobacteria;Gammaproteobacteria;Xanthomonadales;Xanthomonadaceae;
FP125.2;ASV334;0;FP125;food waste;sorb+;1.25;2;Bacteria;Firmicutes;Clostridia;Lachnospirales;Lachnospiraceae;
FP125.2;ASV336;0;FP125;food waste;sorb+;1.25;2;Bacteria;Bacteroidota;Bacteroidia;Flavobacteriales;Weeksellaceae;Empedobacter
FP125.2;ASV337;0;FP125;food waste;sorb+;1.25;2;Bacteria;Proteobacteria;Alphaproteobacteria;Rhizobiales;Beijerinckiaceae;Microvirga
FP125.2;ASV338;0;FP125;food waste;sorb+;1.25;2;Bacteria;Planctomycetota;Brocadiae;Brocadiales;Brocadiaceae;Candidatus Brocadia
FP125.2;ASV339;0;FP125;food waste;sorb+;1.25;2;Bacteria;Proteobacteria;Alphaproteobacteria;Rhizobiales;Beijerinckiaceae;Methylobacterium-Methylorubrum
FP125.2;ASV340;0;FP125;food waste;sorb+;1.25;2;Bacteria;Proteobacteria;Gammaproteobacteria;Pseudomonadales;Moraxellaceae;Acinetobacter
FP125.2;ASV342;1;FP125;food waste;sorb+;1.25;2;Bacteria;Planctomycetota;Brocadiae;Brocadiales;Brocadiaceae;Candidatus Brocadia
FP125.2;ASV344;0;FP125;food waste;sorb+;1.25;2;Bacteria;Actinobacteriota;Actinobacteria;Frankiales;Nakamurellaceae;Nakamurella
FP125.2;ASV345;0;FP125;food waste;sorb+;1.25;2;Bacteria;Hydrogenedentes;Hydrogenedentia;Hydrogenedentiales;Hydrogenedensaceae;
FP125.2;ASV346;0;FP125;food waste;sorb+;1.25;2;Bacteria;Gemmatimonadota;Gemmatimonadetes;Gemmatimonadales;Gemmatimonadaceae;
FP125.2;ASV352;0;FP125;food waste;sorb+;1.25;2;Bacteria;Proteobacteria;Gammaproteobacteria;Pseudomonadales;Marinobacteraceae;Marinobacter
FP125.2;ASV353;0;FP125;food waste;sorb+;1.25;2;Bacteria;Acidobacteriota;Vicinamibacteria;Vicinamibacterales;Vicinamibacteraceae;
FP125.2;ASV354;0;FP125;food waste;sorb+;1.25;2;Bacteria;Proteobacteria;Gammaproteobacteria;Pseudomonadales;Alcanivoracaceae1;Alcanivorax
FP125.2;ASV355;0;FP125;food waste;sorb+;1.25;2;Bacteria;Actinobacteriota;Acidimicrobiia;Microtrichales;Iamiaceae;Iamia
FP125.2;ASV360;0;FP125;food waste;sorb+;1.25;2;Bacteria;Actinobacteriota;Actinobacteria;Corynebacteriales;Corynebacteriaceae;
FP125.2;ASV361;0;FP125;food waste;sorb+;1.25;2;Bacteria;Proteobacteria;Gammaproteobacteria;Burkholderiales;Alcaligenaceae;Paenalcaligenes
FP125.3;ASV1;3688;FP125;food waste;sorb+;1.25;3;Bacteria;Proteobacteria;Gammaproteobacteria;Enterobacterales;Morganellaceae;Providencia
FP125.3;ASV2;9284;FP125;food waste;sorb+;1.25;3;Bacteria;Proteobacteria;Gammaproteobacteria;Enterobacterales;Enterobacteriaceae;Klebsiella
FP125.3;ASV3;0;FP125;food waste;sorb+;1.25;3;Bacteria;Proteobacteria;Gammaproteobacteria;Enterobacterales;Enterobacteriaceae;Enterobacter*
FP125.3;ASV4;2817;FP125;food waste;sorb+;1.25;3;Bacteria;Firmicutes;Bacilli;Lactobacillales;Enterococcaceae;Enterococcus
FP125.3;ASV5;15367;FP125;food waste;sorb+;1.25;3;Bacteria;Firmicutes;Bacilli;Lactobacillales;Lactobacillaceae;Lactiplantibacillus
FP125.3;ASV6;5;FP125;food waste;sorb+;1.25;3;Bacteria;Firmicutes;Bacilli;Lactobacillales;Lactobacillaceae;Lactobacillus
FP125.3;ASV7;1057;FP125;food waste;sorb+;1.25;3;Bacteria;Firmicutes;Bacilli;Lactobacillales;Lactobacillaceae;Weissella
FP125.3;ASV8;3942;FP125;food waste;sorb+;1.25;3;Bacteria;Firmicutes;Bacilli;Lactobacillales;Enterococcaceae;Enterococcus
FP125.3;ASV9;5093;FP125;food waste;sorb+;1.25;3;Bacteria;Firmicutes;Bacilli;Lactobacillales;Lactobacillaceae;Levilactobacillus
FP125.3;ASV10;109;FP125;food waste;sorb+;1.25;3;Bacteria;Firmicutes;Bacilli;Lactobacillales;Streptococcaceae;Lactococcus
FP125.3;ASV11;0;FP125;food waste;sorb+;1.25;3;Bacteria;Firmicutes;Bacilli;Lactobacillales;Lactobacillaceae;Lactobacillus
FP125.3;ASV12;142;FP125;food waste;sorb+;1.25;3;Bacteria;Firmicutes;Bacilli;Lactobacillales;Lactobacillaceae;Leuconostoc
FP125.3;ASV13;0;FP125;food waste;sorb+;1.25;3;Bacteria;Firmicutes;Bacilli;Staphylococcales;Staphylococcaceae;Mammaliicoccus*
FP125.3;ASV14;0;FP125;food waste;sorb+;1.25;3;Bacteria;Firmicutes;Bacilli;Lactobacillales;Enterococcaceae;Enterococcus
FP125.3;ASV15;1172;FP125;food waste;sorb+;1.25;3;Bacteria;Firmicutes;Bacilli;Lactobacillales;Lactobacillaceae;Lacticaseibacillus
FP125.3;ASV16;0;FP125;food waste;sorb+;1.25;3;Bacteria;Firmicutes;Bacilli;Lactobacillales;Carnobacteriaceae;Atopostipes
FP125.3;ASV17;2569;FP125;food waste;sorb+;1.25;3;Bacteria;Firmicutes;Bacilli;Lactobacillales;Lactobacillaceae;Lactiplantibacillus
FP125.3;ASV18;0;FP125;food waste;sorb+;1.25;3;Bacteria;Actinobacteriota;Actinobacteria;Actinomycetales;Actinomycetaceae;Actinomyces
FP125.3;ASV19;4;FP125;food waste;sorb+;1.25;3;Bacteria;Proteobacteria;Gammaproteobacteria;Enterobacterales;Morganellaceae;Proteus
FP125.3;ASV20;11;FP125;food waste;sorb+;1.25;3;Bacteria;Actinobacteriota;Actinobacteria;Corynebacteriales;Corynebacteriaceae;Corynebacterium
FP125.3;ASV21;380;FP125;food waste;sorb+;1.25;3;Bacteria;Firmicutes;Bacilli;Bacillales;Bacillaceae;Bacillus
FP125.3;ASV22;285;FP125;food waste;sorb+;1.25;3;Bacteria;Firmicutes;Bacilli;Lactobacillales;Lactobacillaceae;Lacticaseibacillus
FP125.3;ASV23;106;FP125;food waste;sorb+;1.25;3;Bacteria;Firmicutes;Bacilli;Lactobacillales;Lactobacillaceae;Limosilactobacillus
FP125.3;ASV24;0;FP125;food waste;sorb+;1.25;3;Bacteria;Proteobacteria;Gammaproteobacteria;Enterobacterales;Enterobacteriaceae;Escherichia-Shigella
FP125.3;ASV25;0;FP125;food waste;sorb+;1.25;3;Bacteria;Firmicutes;Bacilli;Lactobacillales;Enterococcaceae;Enterococcus
FP125.3;ASV26;258;FP125;food waste;sorb+;1.25;3;Bacteria;Firmicutes;Bacilli;Lactobacillales;Lactobacillaceae;Leuconostoc
FP125.3;ASV27;0;FP125;food waste;sorb+;1.25;3;Bacteria;Firmicutes;Bacilli;Paenibacillales;Paenibacillaceae;Paenibacillus
FP125.3;ASV28;85;FP125;food waste;sorb+;1.25;3;Bacteria;Firmicutes;Bacilli;Lactobacillales;Lactobacillaceae;Lacticaseibacillus
FP125.3;ASV29;0;FP125;food waste;sorb+;1.25;3;Bacteria;Firmicutes;Bacilli;Bacillales;Bacillaceae;Pseudogracilibacillus
FP125.3;ASV32;0;FP125;food waste;sorb+;1.25;3;Bacteria;Firmicutes;Bacilli;Lactobacillales;Lactobacillaceae;Lactobacillus
FP125.3;ASV33;33;FP125;food waste;sorb+;1.25;3;Bacteria;Firmicutes;Bacilli;Lactobacillales;Streptococcaceae;Streptococcus
FP125.3;ASV34;0;FP125;food waste;sorb+;1.25;3;Bacteria;Proteobacteria;Gammaproteobacteria;Enterobacterales;Enterobacteriaceae;Klebsiella
FP125.3;ASV35;243;FP125;food waste;sorb+;1.25;3;Bacteria;Firmicutes;Bacilli;Lactobacillales;Lactobacillaceae;Weissella
FP125.3;ASV36;0;FP125;food waste;sorb+;1.25;3;Bacteria;Proteobacteria;Gammaproteobacteria;Enterobacterales;Morganellaceae;Providencia
FP125.3;ASV37;31;FP125;food waste;sorb+;1.25;3;Bacteria;Firmicutes;Bacilli;Lactobacillales;Lactobacillaceae;Pediococcus
FP125.3;ASV38;0;FP125;food waste;sorb+;1.25;3;Bacteria;Proteobacteria;Gammaproteobacteria;Enterobacterales;Enterobacteriaceae;Klebsiella
FP125.3;ASV39;0;FP125;food waste;sorb+;1.25;3;Bacteria;Firmicutes;Bacilli;Lactobacillales;Lactobacillaceae;Lactiplantibacillus
FP125.3;ASV40;164;FP125;food waste;sorb+;1.25;3;Bacteria;Actinobacteriota;Actinobacteria;Corynebacteriales;Corynebacteriaceae;Corynebacterium
FP125.3;ASV41;0;FP125;food waste;sorb+;1.25;3;Bacteria;Firmicutes;Clostridia;Clostridiales;Clostridiaceae;Clostridium sensu stricto 18
FP125.3;ASV42;3;FP125;food waste;sorb+;1.25;3;Bacteria;Firmicutes;Bacilli;Lactobacillales;Streptococcaceae;Streptococcus
FP125.3;ASV43;0;FP125;food waste;sorb+;1.25;3;Bacteria;Proteobacteria;Gammaproteobacteria;Enterobacterales;Enterobacteriaceae;Enterobacter*
FP125.3;ASV44;0;FP125;food waste;sorb+;1.25;3;Bacteria;Firmicutes;Bacilli;Lactobacillales;Enterococcaceae;Enterococcus*
FP125.3;ASV47;33;FP125;food waste;sorb+;1.25;3;Bacteria;Firmicutes;Bacilli;Lactobacillales;Lactobacillaceae;Lacticaseibacillus
FP125.3;ASV49;0;FP125;food waste;sorb+;1.25;3;Bacteria;Firmicutes;Bacilli;Bacillales;Bacillaceae;Pseudogracilibacillus
FP125.3;ASV50;0;FP125;food waste;sorb+;1.25;3;Bacteria;Proteobacteria;Gammaproteobacteria;Pseudomonadales;Pseudomonadaceae;Pseudomonas
FP125.3;ASV51;0;FP125;food waste;sorb+;1.25;3;Bacteria;Firmicutes;Bacilli;Lactobacillales;Lactobacillaceae;Leuconostoc
FP125.3;ASV52;0;FP125;food waste;sorb+;1.25;3;Bacteria;Firmicutes;Bacilli;Paenibacillales;Paenibacillaceae;Paenibacillus
FP125.3;ASV53;0;FP125;food waste;sorb+;1.25;3;Bacteria;Actinobacteriota;Actinobacteria;Corynebacteriales;Corynebacteriaceae;Corynebacterium
FP125.3;ASV54;0;FP125;food waste;sorb+;1.25;3;Bacteria;Firmicutes;Bacilli;Bacillales;Planococcaceae;Bacillus*
FP125.3;ASV55;10;FP125;food waste;sorb+;1.25;3;Bacteria;Firmicutes;Bacilli;Bacillales;Bacillaceae;Bacillus
FP125.3;ASV56;0;FP125;food waste;sorb+;1.25;3;Bacteria;Actinobacteriota;Actinobacteria;Corynebacteriales;Corynebacteriaceae;Corynebacterium
FP125.3;ASV57;0;FP125;food waste;sorb+;1.25;3;Bacteria;Proteobacteria;Gammaproteobacteria;Enterobacterales;Morganellaceae;Providencia
FP125.3;ASV58;0;FP125;food waste;sorb+;1.25;3;Bacteria;Actinobacteriota;Actinobacteria;Micrococcales;Brevibacteriaceae;Brevibacterium
FP125.3;ASV59;0;FP125;food waste;sorb+;1.25;3;Bacteria;Firmicutes;Bacilli;Bacillales;Planococcaceae;Solibacillus
FP125.3;ASV61;0;FP125;food waste;sorb+;1.25;3;Bacteria;Actinobacteriota;Actinobacteria;Corynebacteriales;Corynebacteriaceae;Corynebacterium
FP125.3;ASV66;33;FP125;food waste;sorb+;1.25;3;Bacteria;Firmicutes;Bacilli;Staphylococcales;Staphylococcaceae;Staphylococcus
FP125.3;ASV67;0;FP125;food waste;sorb+;1.25;3;Bacteria;Actinobacteriota;Actinobacteria;Micrococcales;Brevibacteriaceae;Brevibacterium
FP125.3;ASV68;0;FP125;food waste;sorb+;1.25;3;Bacteria;Actinobacteriota;Actinobacteria;Micrococcales;Promicromonosporaceae;Cellulosimicrobium
FP125.3;ASV69;0;FP125;food waste;sorb+;1.25;3;Bacteria;Firmicutes;Bacilli;Bacillales;Planococcaceae;Uncult. bacterium*
FP125.3;ASV70;0;FP125;food waste;sorb+;1.25;3;Bacteria;Proteobacteria;Gammaproteobacteria;Xanthomonadales;Xanthomonadaceae;SN8
FP125.3;ASV72;0;FP125;food waste;sorb+;1.25;3;Bacteria;Proteobacteria;Gammaproteobacteria;Pseudomonadales;Pseudomonadaceae;Pseudomonas
FP125.3;ASV73;0;FP125;food waste;sorb+;1.25;3;Bacteria;Proteobacteria;Gammaproteobacteria;Burkholderiales;Burkholderiaceae;Ralstonia
FP125.3;ASV75;0;FP125;food waste;sorb+;1.25;3;Bacteria;Firmicutes;Bacilli;Staphylococcales;Staphylococcaceae;
FP125.3;ASV77;0;FP125;food waste;sorb+;1.25;3;Bacteria;Firmicutes;Bacilli;Bacillales;Planococcaceae;Solibacillus
FP125.3;ASV78;8;FP125;food waste;sorb+;1.25;3;Bacteria;Firmicutes;Bacilli;Lactobacillales;Lactobacillaceae;Secundilactobacillus
FP125.3;ASV79;0;FP125;food waste;sorb+;1.25;3;Bacteria;Proteobacteria;Gammaproteobacteria;Enterobacterales;Enterobacteriaceae;
FP125.3;ASV80;0;FP125;food waste;sorb+;1.25;3;Bacteria;Firmicutes;Bacilli;Lactobacillales;Lactobacillaceae;Leuconostoc
FP125.3;ASV81;0;FP125;food waste;sorb+;1.25;3;Bacteria;Firmicutes;Bacilli;Lactobacillales;Lactobacillaceae;Lactobacillus
FP125.3;ASV83;0;FP125;food waste;sorb+;1.25;3;Bacteria;Proteobacteria;Gammaproteobacteria;Burkholderiales;Comamonadaceae;Delftia
FP125.3;ASV84;0;FP125;food waste;sorb+;1.25;3;Bacteria;Firmicutes;Bacilli;Lactobacillales;Lactobacillaceae;Loigolactobacillus
FP125.3;ASV87;0;FP125;food waste;sorb+;1.25;3;Bacteria;Firmicutes;Bacilli;Lactobacillales;Streptococcaceae;Streptococcus
FP125.3;ASV90;0;FP125;food waste;sorb+;1.25;3;Bacteria;Proteobacteria;Gammaproteobacteria;Xanthomonadales;Xanthomonadaceae;Stenotrophomonas
FP125.3;ASV91;0;FP125;food waste;sorb+;1.25;3;Bacteria;Firmicutes;Bacilli;Staphylococcales;Staphylococcaceae;Staphylococcus
FP125.3;ASV92;7;FP125;food waste;sorb+;1.25;3;Bacteria;Proteobacteria;Gammaproteobacteria;Enterobacterales;Yersiniaceae;Yersinia
FP125.3;ASV93;0;FP125;food waste;sorb+;1.25;3;Bacteria;Firmicutes;Bacilli;Bacillales;Bacillaceae;Oceanobacillus
FP125.3;ASV94;0;FP125;food waste;sorb+;1.25;3;Bacteria;Firmicutes;Bacilli;Lactobacillales;Lactobacillaceae;Levilactobacillus
FP125.3;ASV95;0;FP125;food waste;sorb+;1.25;3;Bacteria;Proteobacteria;Gammaproteobacteria;Pseudomonadales;Moraxellaceae;Psychrobacter
FP125.3;ASV96;0;FP125;food waste;sorb+;1.25;3;Bacteria;Firmicutes;Bacilli;Lactobacillales;Lactobacillaceae;Lactobacillus
FP125.3;ASV97;0;FP125;food waste;sorb+;1.25;3;Bacteria;Firmicutes;Bacilli;Lactobacillales;Lactobacillaceae;Lentilactobacillus
FP125.3;ASV99;0;FP125;food waste;sorb+;1.25;3;Bacteria;Proteobacteria;Alphaproteobacteria;Sphingomonadales;Sphingomonadaceae;Sphingomonas
FP125.3;ASV100;3;FP125;food waste;sorb+;1.25;3;Bacteria;Firmicutes;Bacilli;Lactobacillales;Lactobacillaceae;Lapidilactobacillus
FP125.3;ASV101;0;FP125;food waste;sorb+;1.25;3;Bacteria;Bacteroidota;Bacteroidia;Bacteroidales;Tannerellaceae;Parabacteroides
FP125.3;ASV104;0;FP125;food waste;sorb+;1.25;3;Bacteria;Firmicutes;Bacilli;Lactobacillales;Lactobacillaceae;Lactobacillus
FP125.3;ASV105;0;FP125;food waste;sorb+;1.25;3;Bacteria;Actinobacteriota;Actinobacteria;Micrococcales;Promicromonosporaceae;Cellulosimicrobium
FP125.3;ASV107;0;FP125;food waste;sorb+;1.25;3;Bacteria;Bacteroidota;Bacteroidia;Bacteroidales;Bacteroidaceae;Bacteroides
FP125.3;ASV110;0;FP125;food waste;sorb+;1.25;3;Bacteria;Proteobacteria;Gammaproteobacteria;Enterobacterales;Enterobacteriaceae;
FP125.3;ASV111;0;FP125;food waste;sorb+;1.25;3;Bacteria;Bacteroidota;Bacteroidia;Bacteroidales;Bacteroidaceae;Bacteroides
FP125.3;ASV113;0;FP125;food waste;sorb+;1.25;3;Bacteria;Firmicutes;Bacilli;Staphylococcales;Staphylococcaceae;Jeotgalicoccus
FP125.3;ASV114;0;FP125;food waste;sorb+;1.25;3;Bacteria;Firmicutes;Bacilli;Lactobacillales;Lactobacillaceae;Weissella
FP125.3;ASV115;0;FP125;food waste;sorb+;1.25;3;Bacteria;Proteobacteria;Gammaproteobacteria;Pseudomonadales;Alcanivoracaceae1;Alcanivorax
FP125.3;ASV116;0;FP125;food waste;sorb+;1.25;3;Bacteria;Firmicutes;Bacilli;Lactobacillales;Listeriaceae;Brochothrix
FP125.3;ASV117;1;FP125;food waste;sorb+;1.25;3;Bacteria;Actinobacteriota;Actinobacteria;Corynebacteriales;Corynebacteriaceae;Corynebacterium
FP125.3;ASV119;0;FP125;food waste;sorb+;1.25;3;Bacteria;Proteobacteria;Gammaproteobacteria;Pseudomonadales;Moraxellaceae;Psychrobacter
FP125.3;ASV120;0;FP125;food waste;sorb+;1.25;3;Bacteria;Proteobacteria;Gammaproteobacteria;Burkholderiales;Sutterellaceae;Parasutterella
FP125.3;ASV121;0;FP125;food waste;sorb+;1.25;3;Bacteria;Bacteroidota;Bacteroidia;Bacteroidales;Tannerellaceae;Parabacteroides
FP125.3;ASV122;0;FP125;food waste;sorb+;1.25;3;Bacteria;Proteobacteria;Gammaproteobacteria;Enterobacterales;Vibrionaceae;Photobacterium
FP125.3;ASV123;0;FP125;food waste;sorb+;1.25;3;Bacteria;Proteobacteria;Gammaproteobacteria;Pseudomonadales;Moraxellaceae;Acinetobacter
FP125.3;ASV126;0;FP125;food waste;sorb+;1.25;3;Bacteria;Proteobacteria;Gammaproteobacteria;Enterobacterales;Erwiniaceae;
FP125.3;ASV127;0;FP125;food waste;sorb+;1.25;3;Bacteria;Proteobacteria;Gammaproteobacteria;Pseudomonadales;Moraxellaceae;Acinetobacter
FP125.3;ASV129;0;FP125;food waste;sorb+;1.25;3;Bacteria;Proteobacteria;Alphaproteobacteria;Rhizobiales;Beijerinckiaceae;Methylobacterium-Methylorubrum
FP125.3;ASV130;0;FP125;food waste;sorb+;1.25;3;Bacteria;Proteobacteria;Alphaproteobacteria;Sphingomonadales;Sphingomonadaceae;Sphingomonas
FP125.3;ASV131;0;FP125;food waste;sorb+;1.25;3;Bacteria;Bacteroidota;Bacteroidia;Bacteroidales;Porphyromonadaceae;Porphyromonas
FP125.3;ASV133;0;FP125;food waste;sorb+;1.25;3;Bacteria;Proteobacteria;Gammaproteobacteria;Enterobacterales;Aeromonadaceae;Aeromonas
FP125.3;ASV135;0;FP125;food waste;sorb+;1.25;3;Bacteria;Proteobacteria;Gammaproteobacteria;Pseudomonadales;Moraxellaceae;Acinetobacter
FP125.3;ASV136;0;FP125;food waste;sorb+;1.25;3;Bacteria;Firmicutes;Clostridia;Oscillospirales;Ruminococcaceae;Faecalibacterium
FP125.3;ASV138;0;FP125;food waste;sorb+;1.25;3;Bacteria;Firmicutes;Bacilli;Bacillales;Bacillaceae;Amphibacillus
FP125.3;ASV139;0;FP125;food waste;sorb+;1.25;3;Bacteria;Actinobacteriota;Actinobacteria;Corynebacteriales;Corynebacteriaceae;Corynebacterium
FP125.3;ASV140;0;FP125;food waste;sorb+;1.25;3;Bacteria;Proteobacteria;Gammaproteobacteria;Pseudomonadales;Pseudomonadaceae;Pseudomonas
FP125.3;ASV141;0;FP125;food waste;sorb+;1.25;3;Bacteria;Firmicutes;Bacilli;Lactobacillales;Enterococcaceae;Tetragenococcus
FP125.3;ASV143;0;FP125;food waste;sorb+;1.25;3;Bacteria;Firmicutes;Bacilli;Bacillales;Bacillaceae;Bacillus
FP125.3;ASV144;0;FP125;food waste;sorb+;1.25;3;Bacteria;Proteobacteria;Gammaproteobacteria;Burkholderiales;Sutterellaceae;Parasutterella
FP125.3;ASV149;0;FP125;food waste;sorb+;1.25;3;Bacteria;Firmicutes;Bacilli;Lactobacillales;Lactobacillaceae;Lactobacillus
FP125.3;ASV150;0;FP125;food waste;sorb+;1.25;3;Bacteria;Proteobacteria;Gammaproteobacteria;Pseudomonadales;Moraxellaceae;Acinetobacter
FP125.3;ASV152;0;FP125;food waste;sorb+;1.25;3;Bacteria;Firmicutes;Clostridia;Oscillospirales;Ruminococcaceae;Subdoligranulum
FP125.3;ASV156;0;FP125;food waste;sorb+;1.25;3;Bacteria;Firmicutes;Bacilli;Lactobacillales;Lactobacillaceae;Lactobacillus
FP125.3;ASV157;0;FP125;food waste;sorb+;1.25;3;Bacteria;Proteobacteria;Gammaproteobacteria;Enterobacterales;Yersiniaceae;
FP125.3;ASV158;0;FP125;food waste;sorb+;1.25;3;Bacteria;Firmicutes;Bacilli;Lactobacillales;Lactobacillaceae;Leuconostoc
FP125.3;ASV160;0;FP125;food waste;sorb+;1.25;3;Bacteria;Proteobacteria;Gammaproteobacteria;Burkholderiales;Burkholderiaceae;Ralstonia
FP125.3;ASV161;9;FP125;food waste;sorb+;1.25;3;Bacteria;Proteobacteria;Gammaproteobacteria;Pseudomonadales;Moraxellaceae;Enhydrobacter
FP125.3;ASV162;0;FP125;food waste;sorb+;1.25;3;Bacteria;Proteobacteria;Gammaproteobacteria;Pseudomonadales;Moraxellaceae;Acinetobacter
FP125.3;ASV163;0;FP125;food waste;sorb+;1.25;3;Bacteria;Proteobacteria;Gammaproteobacteria;Enterobacterales;Aeromonadaceae;Aeromonas
FP125.3;ASV166;0;FP125;food waste;sorb+;1.25;3;Bacteria;Firmicutes;Bacilli;Lactobacillales;Lactobacillaceae;Schleiferilactobacillus
FP125.3;ASV168;0;FP125;food waste;sorb+;1.25;3;Bacteria;Firmicutes;Clostridia;Oscillospirales;Oscillospiraceae;Flavonifractor
FP125.3;ASV169;0;FP125;food waste;sorb+;1.25;3;Bacteria;Firmicutes;Clostridia;Oscillospirales;Ruminococcaceae;Faecalibacterium
FP125.3;ASV170;0;FP125;food waste;sorb+;1.25;3;Bacteria;Firmicutes;Bacilli;Lactobacillales;Streptococcaceae;Lactococcus
FP125.3;ASV177;0;FP125;food waste;sorb+;1.25;3;Bacteria;Firmicutes;Bacilli;Lactobacillales;Streptococcaceae;Lactococcus
FP125.3;ASV178;0;FP125;food waste;sorb+;1.25;3;Bacteria;Proteobacteria;Gammaproteobacteria;Burkholderiales;Burkholderiaceae;Burkholderia-Caballeronia-Paraburkholderia
FP125.3;ASV179;0;FP125;food waste;sorb+;1.25;3;Bacteria;Proteobacteria;Gammaproteobacteria;Burkholderiales;Comamonadaceae;Aquabacterium
FP125.3;ASV186;0;FP125;food waste;sorb+;1.25;3;Bacteria;Firmicutes;Bacilli;Paenibacillales;Paenibacillaceae;Paenibacillus
FP125.3;ASV187;0;FP125;food waste;sorb+;1.25;3;Bacteria;Proteobacteria;Gammaproteobacteria;Burkholderiales;Burkholderiaceae;Burkholderia-Caballeronia-Paraburkholderia
FP125.3;ASV188;0;FP125;food waste;sorb+;1.25;3;Bacteria;Firmicutes;Bacilli;Lactobacillales;Lactobacillaceae;Lactobacillus
FP125.3;ASV189;0;FP125;food waste;sorb+;1.25;3;Bacteria;Bacteroidota;Bacteroidia;Bacteroidales;Bacteroidaceae;Bacteroides
FP125.3;ASV190;0;FP125;food waste;sorb+;1.25;3;Bacteria;Firmicutes;Clostridia;Lachnospirales;Lachnospiraceae;Lachnospira
FP125.3;ASV199;0;FP125;food waste;sorb+;1.25;3;Bacteria;Firmicutes;Bacilli;Lactobacillales;Lactobacillaceae;HT002
FP125.3;ASV200;0;FP125;food waste;sorb+;1.25;3;Bacteria;Proteobacteria;Gammaproteobacteria;Enterobacterales;Pseudoalteromonadaceae;Pseudoalteromonas
FP125.3;ASV201;0;FP125;food waste;sorb+;1.25;3;Bacteria;Firmicutes;Clostridia;Lachnospirales;Lachnospiraceae;[Eubacterium] eligens group
FP125.3;ASV202;0;FP125;food waste;sorb+;1.25;3;Bacteria;Proteobacteria;Gammaproteobacteria;Burkholderiales;Sutterellaceae;Parasutterella
FP125.3;ASV203;0;FP125;food waste;sorb+;1.25;3;Bacteria;Firmicutes;Clostridia;Lachnospirales;Lachnospiraceae;[Eubacterium] eligens group
FP125.3;ASV204;0;FP125;food waste;sorb+;1.25;3;Bacteria;Proteobacteria;Gammaproteobacteria;Xanthomonadales;Xanthomonadaceae;
FP125.3;ASV219;0;FP125;food waste;sorb+;1.25;3;Bacteria;Proteobacteria;Gammaproteobacteria;Burkholderiales;Alcaligenaceae;Achromobacter
FP125.3;ASV221;0;FP125;food waste;sorb+;1.25;3;Bacteria;Firmicutes;Bacilli;Lactobacillales;Lactobacillaceae;Lacticaseibacillus
FP125.3;ASV222;0;FP125;food waste;sorb+;1.25;3;Bacteria;Proteobacteria;Gammaproteobacteria;Xanthomonadales;Xanthomonadaceae;Arenimonas
FP125.3;ASV223;0;FP125;food waste;sorb+;1.25;3;Bacteria;Proteobacteria;Gammaproteobacteria;Pseudomonadales;Pseudomonadaceae;Pseudomonas
FP125.3;ASV225;0;FP125;food waste;sorb+;1.25;3;Bacteria;Firmicutes;Bacilli;Lactobacillales;Lactobacillaceae;Weissella
FP125.3;ASV227;5;FP125;food waste;sorb+;1.25;3;Bacteria;Firmicutes;Bacilli;Lactobacillales;Streptococcaceae;
FP125.3;ASV228;0;FP125;food waste;sorb+;1.25;3;Bacteria;Firmicutes;Bacilli;Alicyclobacillales;Alicyclobacillaceae;Alicyclobacillus
FP125.3;ASV230;0;FP125;food waste;sorb+;1.25;3;Bacteria;Firmicutes;Clostridia;Peptostreptococcales-Tissierellales;Family XI;Anaerococcus
FP125.3;ASV232;0;FP125;food waste;sorb+;1.25;3;Bacteria;Firmicutes;Clostridia;Peptostreptococcales-Tissierellales;Clostridiisalibacter;
FP125.3;ASV257;0;FP125;food waste;sorb+;1.25;3;Bacteria;Actinobacteriota;Actinobacteria;Micrococcales;Micrococcaceae;Pseudarthrobacter
FP125.3;ASV258;0;FP125;food waste;sorb+;1.25;3;Bacteria;Firmicutes;Bacilli;Bacillales;Bacillaceae;Oceanobacillus
FP125.3;ASV259;0;FP125;food waste;sorb+;1.25;3;Bacteria;Verrucomicrobiota;Verrucomicrobiae;Pedosphaerales;Pedosphaeraceae;ADurb.Bin063-1
FP125.3;ASV261;0;FP125;food waste;sorb+;1.25;3;Bacteria;Proteobacteria;Gammaproteobacteria;Pseudomonadales;Moraxellaceae;Enhydrobacter
FP125.3;ASV263;0;FP125;food waste;sorb+;1.25;3;Bacteria;Firmicutes;Clostridia;Clostridiales;Clostridiaceae;Clostridium sensu stricto 18
FP125.3;ASV265;0;FP125;food waste;sorb+;1.25;3;Bacteria;Proteobacteria;Gammaproteobacteria;Enterobacterales;Pasteurellaceae;Haemophilus
FP125.3;ASV266;0;FP125;food waste;sorb+;1.25;3;Bacteria;Proteobacteria;Gammaproteobacteria;Burkholderiales;Comamonadaceae;
FP125.3;ASV267;0;FP125;food waste;sorb+;1.25;3;Bacteria;Actinobacteriota;Actinobacteria;Frankiales;Nakamurellaceae;Nakamurella
FP125.3;ASV269;0;FP125;food waste;sorb+;1.25;3;Bacteria;Proteobacteria;Gammaproteobacteria;Burkholderiales;Comamonadaceae;
FP125.3;ASV270;0;FP125;food waste;sorb+;1.25;3;Bacteria;Actinobacteriota;Actinobacteria;Streptomycetales;Streptomycetaceae;Streptomyces
FP125.3;ASV271;0;FP125;food waste;sorb+;1.25;3;Bacteria;Firmicutes;Bacilli;Acholeplasmatales;Acholeplasmataceae;Candidatus Phytoplasma
FP125.3;ASV272;0;FP125;food waste;sorb+;1.25;3;Bacteria;Bacteroidota;Bacteroidia;Bacteroidales;Tannerellaceae;Parabacteroides
FP125.3;ASV275;0;FP125;food waste;sorb+;1.25;3;Bacteria;Firmicutes;Negativicutes;Veillonellales-Selenomonadales;Veillonellaceae;Dialister
FP125.3;ASV277;0;FP125;food waste;sorb+;1.25;3;Bacteria;Firmicutes;Bacilli;Lactobacillales;Carnobacteriaceae;
FP125.3;ASV280;0;FP125;food waste;sorb+;1.25;3;Bacteria;Actinobacteriota;Actinobacteria;Streptomycetales;Streptomycetaceae;Streptomyces
FP125.3;ASV314;0;FP125;food waste;sorb+;1.25;3;Bacteria;Proteobacteria;Gammaproteobacteria;Xanthomonadales;Xanthomonadaceae;Arenimonas
FP125.3;ASV318;0;FP125;food waste;sorb+;1.25;3;Bacteria;Chloroflexi;Chloroflexia;Thermomicrobiales;JG30-KF-CM45;
FP125.3;ASV319;0;FP125;food waste;sorb+;1.25;3;Bacteria;Proteobacteria;Gammaproteobacteria;Xanthomonadales;Xanthomonadaceae;Arenimonas
FP125.3;ASV323;0;FP125;food waste;sorb+;1.25;3;Bacteria;Gemmatimonadota;Gemmatimonadetes;Gemmatimonadales;Gemmatimonadaceae;
FP125.3;ASV326;0;FP125;food waste;sorb+;1.25;3;Bacteria;Proteobacteria;Alphaproteobacteria;Rhizobiales;Rhizobiales Incertae Sedis;Nordella
FP125.3;ASV328;0;FP125;food waste;sorb+;1.25;3;Bacteria;Chloroflexi;Anaerolineae;Anaerolineales;Anaerolineaceae;
FP125.3;ASV329;0;FP125;food waste;sorb+;1.25;3;Bacteria;Proteobacteria;Gammaproteobacteria;Burkholderiales;Oxalobacteraceae;
FP125.3;ASV331;0;FP125;food waste;sorb+;1.25;3;Bacteria;Proteobacteria;Gammaproteobacteria;Steroidobacterales;Woeseiaceae;Woeseia
FP125.3;ASV333;0;FP125;food waste;sorb+;1.25;3;Bacteria;Proteobacteria;Gammaproteobacteria;Xanthomonadales;Xanthomonadaceae;
FP125.3;ASV334;0;FP125;food waste;sorb+;1.25;3;Bacteria;Firmicutes;Clostridia;Lachnospirales;Lachnospiraceae;
FP125.3;ASV336;0;FP125;food waste;sorb+;1.25;3;Bacteria;Bacteroidota;Bacteroidia;Flavobacteriales;Weeksellaceae;Empedobacter
FP125.3;ASV337;0;FP125;food waste;sorb+;1.25;3;Bacteria;Proteobacteria;Alphaproteobacteria;Rhizobiales;Beijerinckiaceae;Microvirga
FP125.3;ASV338;0;FP125;food waste;sorb+;1.25;3;Bacteria;Planctomycetota;Brocadiae;Brocadiales;Brocadiaceae;Candidatus Brocadia
FP125.3;ASV339;0;FP125;food waste;sorb+;1.25;3;Bacteria;Proteobacteria;Alphaproteobacteria;Rhizobiales;Beijerinckiaceae;Methylobacterium-Methylorubrum
FP125.3;ASV340;0;FP125;food waste;sorb+;1.25;3;Bacteria;Proteobacteria;Gammaproteobacteria;Pseudomonadales;Moraxellaceae;Acinetobacter
FP125.3;ASV342;0;FP125;food waste;sorb+;1.25;3;Bacteria;Planctomycetota;Brocadiae;Brocadiales;Brocadiaceae;Candidatus Brocadia
FP125.3;ASV344;1;FP125;food waste;sorb+;1.25;3;Bacteria;Actinobacteriota;Actinobacteria;Frankiales;Nakamurellaceae;Nakamurella
FP125.3;ASV345;3;FP125;food waste;sorb+;1.25;3;Bacteria;Hydrogenedentes;Hydrogenedentia;Hydrogenedentiales;Hydrogenedensaceae;
FP125.3;ASV346;0;FP125;food waste;sorb+;1.25;3;Bacteria;Gemmatimonadota;Gemmatimonadetes;Gemmatimonadales;Gemmatimonadaceae;
FP125.3;ASV352;0;FP125;food waste;sorb+;1.25;3;Bacteria;Proteobacteria;Gammaproteobacteria;Pseudomonadales;Marinobacteraceae;Marinobacter
FP125.3;ASV353;0;FP125;food waste;sorb+;1.25;3;Bacteria;Acidobacteriota;Vicinamibacteria;Vicinamibacterales;Vicinamibacteraceae;
FP125.3;ASV354;0;FP125;food waste;sorb+;1.25;3;Bacteria;Proteobacteria;Gammaproteobacteria;Pseudomonadales;Alcanivoracaceae1;Alcanivorax
FP125.3;ASV355;0;FP125;food waste;sorb+;1.25;3;Bacteria;Actinobacteriota;Acidimicrobiia;Microtrichales;Iamiaceae;Iamia
FP125.3;ASV360;0;FP125;food waste;sorb+;1.25;3;Bacteria;Actinobacteriota;Actinobacteria;Corynebacteriales;Corynebacteriaceae;
FP125.3;ASV361;0;FP125;food waste;sorb+;1.25;3;Bacteria;Proteobacteria;Gammaproteobacteria;Burkholderiales;Alcaligenaceae;Paenalcaligenes
FP250.1;ASV1;515;FP250;food waste;sorb+;2.5;1;Bacteria;Proteobacteria;Gammaproteobacteria;Enterobacterales;Morganellaceae;Providencia
FP250.1;ASV2;3657;FP250;food waste;sorb+;2.5;1;Bacteria;Proteobacteria;Gammaproteobacteria;Enterobacterales;Enterobacteriaceae;Klebsiella
FP250.1;ASV3;317;FP250;food waste;sorb+;2.5;1;Bacteria;Proteobacteria;Gammaproteobacteria;Enterobacterales;Enterobacteriaceae;Enterobacter*
FP250.1;ASV4;424;FP250;food waste;sorb+;2.5;1;Bacteria;Firmicutes;Bacilli;Lactobacillales;Enterococcaceae;Enterococcus
FP250.1;ASV5;1513;FP250;food waste;sorb+;2.5;1;Bacteria;Firmicutes;Bacilli;Lactobacillales;Lactobacillaceae;Lactiplantibacillus
FP250.1;ASV6;35531;FP250;food waste;sorb+;2.5;1;Bacteria;Firmicutes;Bacilli;Lactobacillales;Lactobacillaceae;Lactobacillus
FP250.1;ASV7;119;FP250;food waste;sorb+;2.5;1;Bacteria;Firmicutes;Bacilli;Lactobacillales;Lactobacillaceae;Weissella
FP250.1;ASV8;220;FP250;food waste;sorb+;2.5;1;Bacteria;Firmicutes;Bacilli;Lactobacillales;Enterococcaceae;Enterococcus
FP250.1;ASV9;2998;FP250;food waste;sorb+;2.5;1;Bacteria;Firmicutes;Bacilli;Lactobacillales;Lactobacillaceae;Levilactobacillus
FP250.1;ASV10;56;FP250;food waste;sorb+;2.5;1;Bacteria;Firmicutes;Bacilli;Lactobacillales;Streptococcaceae;Lactococcus
FP250.1;ASV11;0;FP250;food waste;sorb+;2.5;1;Bacteria;Firmicutes;Bacilli;Lactobacillales;Lactobacillaceae;Lactobacillus
FP250.1;ASV12;48;FP250;food waste;sorb+;2.5;1;Bacteria;Firmicutes;Bacilli;Lactobacillales;Lactobacillaceae;Leuconostoc
FP250.1;ASV13;0;FP250;food waste;sorb+;2.5;1;Bacteria;Firmicutes;Bacilli;Staphylococcales;Staphylococcaceae;Mammaliicoccus*
FP250.1;ASV14;0;FP250;food waste;sorb+;2.5;1;Bacteria;Firmicutes;Bacilli;Lactobacillales;Enterococcaceae;Enterococcus
FP250.1;ASV15;820;FP250;food waste;sorb+;2.5;1;Bacteria;Firmicutes;Bacilli;Lactobacillales;Lactobacillaceae;Lacticaseibacillus
FP250.1;ASV16;0;FP250;food waste;sorb+;2.5;1;Bacteria;Firmicutes;Bacilli;Lactobacillales;Carnobacteriaceae;Atopostipes
FP250.1;ASV17;35;FP250;food waste;sorb+;2.5;1;Bacteria;Firmicutes;Bacilli;Lactobacillales;Lactobacillaceae;Lactiplantibacillus
FP250.1;ASV18;0;FP250;food waste;sorb+;2.5;1;Bacteria;Actinobacteriota;Actinobacteria;Actinomycetales;Actinomycetaceae;Actinomyces
FP250.1;ASV19;0;FP250;food waste;sorb+;2.5;1;Bacteria;Proteobacteria;Gammaproteobacteria;Enterobacterales;Morganellaceae;Proteus
FP250.1;ASV20;0;FP250;food waste;sorb+;2.5;1;Bacteria;Actinobacteriota;Actinobacteria;Corynebacteriales;Corynebacteriaceae;Corynebacterium
FP250.1;ASV21;33;FP250;food waste;sorb+;2.5;1;Bacteria;Firmicutes;Bacilli;Bacillales;Bacillaceae;Bacillus
FP250.1;ASV22;265;FP250;food waste;sorb+;2.5;1;Bacteria;Firmicutes;Bacilli;Lactobacillales;Lactobacillaceae;Lacticaseibacillus
FP250.1;ASV23;14;FP250;food waste;sorb+;2.5;1;Bacteria;Firmicutes;Bacilli;Lactobacillales;Lactobacillaceae;Limosilactobacillus
FP250.1;ASV24;0;FP250;food waste;sorb+;2.5;1;Bacteria;Proteobacteria;Gammaproteobacteria;Enterobacterales;Enterobacteriaceae;Escherichia-Shigella
FP250.1;ASV25;54;FP250;food waste;sorb+;2.5;1;Bacteria;Firmicutes;Bacilli;Lactobacillales;Enterococcaceae;Enterococcus
FP250.1;ASV26;21;FP250;food waste;sorb+;2.5;1;Bacteria;Firmicutes;Bacilli;Lactobacillales;Lactobacillaceae;Leuconostoc
FP250.1;ASV27;0;FP250;food waste;sorb+;2.5;1;Bacteria;Firmicutes;Bacilli;Paenibacillales;Paenibacillaceae;Paenibacillus
FP250.1;ASV28;86;FP250;food waste;sorb+;2.5;1;Bacteria;Firmicutes;Bacilli;Lactobacillales;Lactobacillaceae;Lacticaseibacillus
FP250.1;ASV29;0;FP250;food waste;sorb+;2.5;1;Bacteria;Firmicutes;Bacilli;Bacillales;Bacillaceae;Pseudogracilibacillus
FP250.1;ASV32;0;FP250;food waste;sorb+;2.5;1;Bacteria;Firmicutes;Bacilli;Lactobacillales;Lactobacillaceae;Lactobacillus
FP250.1;ASV33;9;FP250;food waste;sorb+;2.5;1;Bacteria;Firmicutes;Bacilli;Lactobacillales;Streptococcaceae;Streptococcus
FP250.1;ASV34;0;FP250;food waste;sorb+;2.5;1;Bacteria;Proteobacteria;Gammaproteobacteria;Enterobacterales;Enterobacteriaceae;Klebsiella
FP250.1;ASV35;69;FP250;food waste;sorb+;2.5;1;Bacteria;Firmicutes;Bacilli;Lactobacillales;Lactobacillaceae;Weissella
FP250.1;ASV36;0;FP250;food waste;sorb+;2.5;1;Bacteria;Proteobacteria;Gammaproteobacteria;Enterobacterales;Morganellaceae;Providencia
FP250.1;ASV37;42;FP250;food waste;sorb+;2.5;1;Bacteria;Firmicutes;Bacilli;Lactobacillales;Lactobacillaceae;Pediococcus
FP250.1;ASV38;0;FP250;food waste;sorb+;2.5;1;Bacteria;Proteobacteria;Gammaproteobacteria;Enterobacterales;Enterobacteriaceae;Klebsiella
FP250.1;ASV39;0;FP250;food waste;sorb+;2.5;1;Bacteria;Firmicutes;Bacilli;Lactobacillales;Lactobacillaceae;Lactiplantibacillus
FP250.1;ASV40;11;FP250;food waste;sorb+;2.5;1;Bacteria;Actinobacteriota;Actinobacteria;Corynebacteriales;Corynebacteriaceae;Corynebacterium
FP250.1;ASV41;0;FP250;food waste;sorb+;2.5;1;Bacteria;Firmicutes;Clostridia;Clostridiales;Clostridiaceae;Clostridium sensu stricto 18
FP250.1;ASV42;0;FP250;food waste;sorb+;2.5;1;Bacteria;Firmicutes;Bacilli;Lactobacillales;Streptococcaceae;Streptococcus
FP250.1;ASV43;0;FP250;food waste;sorb+;2.5;1;Bacteria;Proteobacteria;Gammaproteobacteria;Enterobacterales;Enterobacteriaceae;Enterobacter*
FP250.1;ASV44;0;FP250;food waste;sorb+;2.5;1;Bacteria;Firmicutes;Bacilli;Lactobacillales;Enterococcaceae;Enterococcus*
FP250.1;ASV47;21;FP250;food waste;sorb+;2.5;1;Bacteria;Firmicutes;Bacilli;Lactobacillales;Lactobacillaceae;Lacticaseibacillus
FP250.1;ASV49;0;FP250;food waste;sorb+;2.5;1;Bacteria;Firmicutes;Bacilli;Bacillales;Bacillaceae;Pseudogracilibacillus
FP250.1;ASV50;5;FP250;food waste;sorb+;2.5;1;Bacteria;Proteobacteria;Gammaproteobacteria;Pseudomonadales;Pseudomonadaceae;Pseudomonas
FP250.1;ASV51;0;FP250;food waste;sorb+;2.5;1;Bacteria;Firmicutes;Bacilli;Lactobacillales;Lactobacillaceae;Leuconostoc
FP250.1;ASV52;0;FP250;food waste;sorb+;2.5;1;Bacteria;Firmicutes;Bacilli;Paenibacillales;Paenibacillaceae;Paenibacillus
FP250.1;ASV53;0;FP250;food waste;sorb+;2.5;1;Bacteria;Actinobacteriota;Actinobacteria;Corynebacteriales;Corynebacteriaceae;Corynebacterium
FP250.1;ASV54;0;FP250;food waste;sorb+;2.5;1;Bacteria;Firmicutes;Bacilli;Bacillales;Planococcaceae;Bacillus*
FP250.1;ASV55;0;FP250;food waste;sorb+;2.5;1;Bacteria;Firmicutes;Bacilli;Bacillales;Bacillaceae;Bacillus
FP250.1;ASV56;0;FP250;food waste;sorb+;2.5;1;Bacteria;Actinobacteriota;Actinobacteria;Corynebacteriales;Corynebacteriaceae;Corynebacterium
FP250.1;ASV57;0;FP250;food waste;sorb+;2.5;1;Bacteria;Proteobacteria;Gammaproteobacteria;Enterobacterales;Morganellaceae;Providencia
FP250.1;ASV58;0;FP250;food waste;sorb+;2.5;1;Bacteria;Actinobacteriota;Actinobacteria;Micrococcales;Brevibacteriaceae;Brevibacterium
FP250.1;ASV59;0;FP250;food waste;sorb+;2.5;1;Bacteria;Firmicutes;Bacilli;Bacillales;Planococcaceae;Solibacillus
FP250.1;ASV61;0;FP250;food waste;sorb+;2.5;1;Bacteria;Actinobacteriota;Actinobacteria;Corynebacteriales;Corynebacteriaceae;Corynebacterium
FP250.1;ASV66;0;FP250;food waste;sorb+;2.5;1;Bacteria;Firmicutes;Bacilli;Staphylococcales;Staphylococcaceae;Staphylococcus
FP250.1;ASV67;0;FP250;food waste;sorb+;2.5;1;Bacteria;Actinobacteriota;Actinobacteria;Micrococcales;Brevibacteriaceae;Brevibacterium
FP250.1;ASV68;0;FP250;food waste;sorb+;2.5;1;Bacteria;Actinobacteriota;Actinobacteria;Micrococcales;Promicromonosporaceae;Cellulosimicrobium
FP250.1;ASV69;0;FP250;food waste;sorb+;2.5;1;Bacteria;Firmicutes;Bacilli;Bacillales;Planococcaceae;Uncult. bacterium*
FP250.1;ASV70;0;FP250;food waste;sorb+;2.5;1;Bacteria;Proteobacteria;Gammaproteobacteria;Xanthomonadales;Xanthomonadaceae;SN8
FP250.1;ASV72;0;FP250;food waste;sorb+;2.5;1;Bacteria;Proteobacteria;Gammaproteobacteria;Pseudomonadales;Pseudomonadaceae;Pseudomonas
FP250.1;ASV73;0;FP250;food waste;sorb+;2.5;1;Bacteria;Proteobacteria;Gammaproteobacteria;Burkholderiales;Burkholderiaceae;Ralstonia
FP250.1;ASV75;0;FP250;food waste;sorb+;2.5;1;Bacteria;Firmicutes;Bacilli;Staphylococcales;Staphylococcaceae;
FP250.1;ASV77;0;FP250;food waste;sorb+;2.5;1;Bacteria;Firmicutes;Bacilli;Bacillales;Planococcaceae;Solibacillus
FP250.1;ASV78;0;FP250;food waste;sorb+;2.5;1;Bacteria;Firmicutes;Bacilli;Lactobacillales;Lactobacillaceae;Secundilactobacillus
FP250.1;ASV79;0;FP250;food waste;sorb+;2.5;1;Bacteria;Proteobacteria;Gammaproteobacteria;Enterobacterales;Enterobacteriaceae;
FP250.1;ASV80;0;FP250;food waste;sorb+;2.5;1;Bacteria;Firmicutes;Bacilli;Lactobacillales;Lactobacillaceae;Leuconostoc
FP250.1;ASV81;0;FP250;food waste;sorb+;2.5;1;Bacteria;Firmicutes;Bacilli;Lactobacillales;Lactobacillaceae;Lactobacillus
FP250.1;ASV83;4;FP250;food waste;sorb+;2.5;1;Bacteria;Proteobacteria;Gammaproteobacteria;Burkholderiales;Comamonadaceae;Delftia
FP250.1;ASV84;0;FP250;food waste;sorb+;2.5;1;Bacteria;Firmicutes;Bacilli;Lactobacillales;Lactobacillaceae;Loigolactobacillus
FP250.1;ASV87;0;FP250;food waste;sorb+;2.5;1;Bacteria;Firmicutes;Bacilli;Lactobacillales;Streptococcaceae;Streptococcus
FP250.1;ASV90;0;FP250;food waste;sorb+;2.5;1;Bacteria;Proteobacteria;Gammaproteobacteria;Xanthomonadales;Xanthomonadaceae;Stenotrophomonas
FP250.1;ASV91;0;FP250;food waste;sorb+;2.5;1;Bacteria;Firmicutes;Bacilli;Staphylococcales;Staphylococcaceae;Staphylococcus
FP250.1;ASV92;0;FP250;food waste;sorb+;2.5;1;Bacteria;Proteobacteria;Gammaproteobacteria;Enterobacterales;Yersiniaceae;Yersinia
FP250.1;ASV93;0;FP250;food waste;sorb+;2.5;1;Bacteria;Firmicutes;Bacilli;Bacillales;Bacillaceae;Oceanobacillus
FP250.1;ASV94;0;FP250;food waste;sorb+;2.5;1;Bacteria;Firmicutes;Bacilli;Lactobacillales;Lactobacillaceae;Levilactobacillus
FP250.1;ASV95;0;FP250;food waste;sorb+;2.5;1;Bacteria;Proteobacteria;Gammaproteobacteria;Pseudomonadales;Moraxellaceae;Psychrobacter
FP250.1;ASV96;35;FP250;food waste;sorb+;2.5;1;Bacteria;Firmicutes;Bacilli;Lactobacillales;Lactobacillaceae;Lactobacillus
FP250.1;ASV97;0;FP250;food waste;sorb+;2.5;1;Bacteria;Firmicutes;Bacilli;Lactobacillales;Lactobacillaceae;Lentilactobacillus
FP250.1;ASV99;0;FP250;food waste;sorb+;2.5;1;Bacteria;Proteobacteria;Alphaproteobacteria;Sphingomonadales;Sphingomonadaceae;Sphingomonas
FP250.1;ASV100;0;FP250;food waste;sorb+;2.5;1;Bacteria;Firmicutes;Bacilli;Lactobacillales;Lactobacillaceae;Lapidilactobacillus
FP250.1;ASV101;0;FP250;food waste;sorb+;2.5;1;Bacteria;Bacteroidota;Bacteroidia;Bacteroidales;Tannerellaceae;Parabacteroides
FP250.1;ASV104;26;FP250;food waste;sorb+;2.5;1;Bacteria;Firmicutes;Bacilli;Lactobacillales;Lactobacillaceae;Lactobacillus
FP250.1;ASV105;0;FP250;food waste;sorb+;2.5;1;Bacteria;Actinobacteriota;Actinobacteria;Micrococcales;Promicromonosporaceae;Cellulosimicrobium
FP250.1;ASV107;0;FP250;food waste;sorb+;2.5;1;Bacteria;Bacteroidota;Bacteroidia;Bacteroidales;Bacteroidaceae;Bacteroides
FP250.1;ASV110;0;FP250;food waste;sorb+;2.5;1;Bacteria;Proteobacteria;Gammaproteobacteria;Enterobacterales;Enterobacteriaceae;
FP250.1;ASV111;0;FP250;food waste;sorb+;2.5;1;Bacteria;Bacteroidota;Bacteroidia;Bacteroidales;Bacteroidaceae;Bacteroides
FP250.1;ASV113;0;FP250;food waste;sorb+;2.5;1;Bacteria;Firmicutes;Bacilli;Staphylococcales;Staphylococcaceae;Jeotgalicoccus
FP250.1;ASV114;0;FP250;food waste;sorb+;2.5;1;Bacteria;Firmicutes;Bacilli;Lactobacillales;Lactobacillaceae;Weissella
FP250.1;ASV115;0;FP250;food waste;sorb+;2.5;1;Bacteria;Proteobacteria;Gammaproteobacteria;Pseudomonadales;Alcanivoracaceae1;Alcanivorax
FP250.1;ASV116;0;FP250;food waste;sorb+;2.5;1;Bacteria;Firmicutes;Bacilli;Lactobacillales;Listeriaceae;Brochothrix
FP250.1;ASV117;0;FP250;food waste;sorb+;2.5;1;Bacteria;Actinobacteriota;Actinobacteria;Corynebacteriales;Corynebacteriaceae;Corynebacterium
FP250.1;ASV119;0;FP250;food waste;sorb+;2.5;1;Bacteria;Proteobacteria;Gammaproteobacteria;Pseudomonadales;Moraxellaceae;Psychrobacter
FP250.1;ASV120;7;FP250;food waste;sorb+;2.5;1;Bacteria;Proteobacteria;Gammaproteobacteria;Burkholderiales;Sutterellaceae;Parasutterella
FP250.1;ASV121;0;FP250;food waste;sorb+;2.5;1;Bacteria;Bacteroidota;Bacteroidia;Bacteroidales;Tannerellaceae;Parabacteroides
FP250.1;ASV122;0;FP250;food waste;sorb+;2.5;1;Bacteria;Proteobacteria;Gammaproteobacteria;Enterobacterales;Vibrionaceae;Photobacterium
FP250.1;ASV123;0;FP250;food waste;sorb+;2.5;1;Bacteria;Proteobacteria;Gammaproteobacteria;Pseudomonadales;Moraxellaceae;Acinetobacter
FP250.1;ASV126;0;FP250;food waste;sorb+;2.5;1;Bacteria;Proteobacteria;Gammaproteobacteria;Enterobacterales;Erwiniaceae;
FP250.1;ASV127;0;FP250;food waste;sorb+;2.5;1;Bacteria;Proteobacteria;Gammaproteobacteria;Pseudomonadales;Moraxellaceae;Acinetobacter
FP250.1;ASV129;0;FP250;food waste;sorb+;2.5;1;Bacteria;Proteobacteria;Alphaproteobacteria;Rhizobiales;Beijerinckiaceae;Methylobacterium-Methylorubrum
FP250.1;ASV130;0;FP250;food waste;sorb+;2.5;1;Bacteria;Proteobacteria;Alphaproteobacteria;Sphingomonadales;Sphingomonadaceae;Sphingomonas
FP250.1;ASV131;0;FP250;food waste;sorb+;2.5;1;Bacteria;Bacteroidota;Bacteroidia;Bacteroidales;Porphyromonadaceae;Porphyromonas
FP250.1;ASV133;0;FP250;food waste;sorb+;2.5;1;Bacteria;Proteobacteria;Gammaproteobacteria;Enterobacterales;Aeromonadaceae;Aeromonas
FP250.1;ASV135;0;FP250;food waste;sorb+;2.5;1;Bacteria;Proteobacteria;Gammaproteobacteria;Pseudomonadales;Moraxellaceae;Acinetobacter
FP250.1;ASV136;0;FP250;food waste;sorb+;2.5;1;Bacteria;Firmicutes;Clostridia;Oscillospirales;Ruminococcaceae;Faecalibacterium
FP250.1;ASV138;0;FP250;food waste;sorb+;2.5;1;Bacteria;Firmicutes;Bacilli;Bacillales;Bacillaceae;Amphibacillus
FP250.1;ASV139;0;FP250;food waste;sorb+;2.5;1;Bacteria;Actinobacteriota;Actinobacteria;Corynebacteriales;Corynebacteriaceae;Corynebacterium
FP250.1;ASV140;0;FP250;food waste;sorb+;2.5;1;Bacteria;Proteobacteria;Gammaproteobacteria;Pseudomonadales;Pseudomonadaceae;Pseudomonas
FP250.1;ASV141;0;FP250;food waste;sorb+;2.5;1;Bacteria;Firmicutes;Bacilli;Lactobacillales;Enterococcaceae;Tetragenococcus
FP250.1;ASV143;0;FP250;food waste;sorb+;2.5;1;Bacteria;Firmicutes;Bacilli;Bacillales;Bacillaceae;Bacillus
FP250.1;ASV144;0;FP250;food waste;sorb+;2.5;1;Bacteria;Proteobacteria;Gammaproteobacteria;Burkholderiales;Sutterellaceae;Parasutterella
FP250.1;ASV149;0;FP250;food waste;sorb+;2.5;1;Bacteria;Firmicutes;Bacilli;Lactobacillales;Lactobacillaceae;Lactobacillus
FP250.1;ASV150;0;FP250;food waste;sorb+;2.5;1;Bacteria;Proteobacteria;Gammaproteobacteria;Pseudomonadales;Moraxellaceae;Acinetobacter
FP250.1;ASV152;0;FP250;food waste;sorb+;2.5;1;Bacteria;Firmicutes;Clostridia;Oscillospirales;Ruminococcaceae;Subdoligranulum
FP250.1;ASV156;0;FP250;food waste;sorb+;2.5;1;Bacteria;Firmicutes;Bacilli;Lactobacillales;Lactobacillaceae;Lactobacillus
FP250.1;ASV157;0;FP250;food waste;sorb+;2.5;1;Bacteria;Proteobacteria;Gammaproteobacteria;Enterobacterales;Yersiniaceae;
FP250.1;ASV158;0;FP250;food waste;sorb+;2.5;1;Bacteria;Firmicutes;Bacilli;Lactobacillales;Lactobacillaceae;Leuconostoc
FP250.1;ASV160;0;FP250;food waste;sorb+;2.5;1;Bacteria;Proteobacteria;Gammaproteobacteria;Burkholderiales;Burkholderiaceae;Ralstonia
FP250.1;ASV161;0;FP250;food waste;sorb+;2.5;1;Bacteria;Proteobacteria;Gammaproteobacteria;Pseudomonadales;Moraxellaceae;Enhydrobacter
FP250.1;ASV162;0;FP250;food waste;sorb+;2.5;1;Bacteria;Proteobacteria;Gammaproteobacteria;Pseudomonadales;Moraxellaceae;Acinetobacter
FP250.1;ASV163;0;FP250;food waste;sorb+;2.5;1;Bacteria;Proteobacteria;Gammaproteobacteria;Enterobacterales;Aeromonadaceae;Aeromonas
FP250.1;ASV166;0;FP250;food waste;sorb+;2.5;1;Bacteria;Firmicutes;Bacilli;Lactobacillales;Lactobacillaceae;Schleiferilactobacillus
FP250.1;ASV168;0;FP250;food waste;sorb+;2.5;1;Bacteria;Firmicutes;Clostridia;Oscillospirales;Oscillospiraceae;Flavonifractor
FP250.1;ASV169;0;FP250;food waste;sorb+;2.5;1;Bacteria;Firmicutes;Clostridia;Oscillospirales;Ruminococcaceae;Faecalibacterium
FP250.1;ASV170;0;FP250;food waste;sorb+;2.5;1;Bacteria;Firmicutes;Bacilli;Lactobacillales;Streptococcaceae;Lactococcus
FP250.1;ASV177;0;FP250;food waste;sorb+;2.5;1;Bacteria;Firmicutes;Bacilli;Lactobacillales;Streptococcaceae;Lactococcus
FP250.1;ASV178;1;FP250;food waste;sorb+;2.5;1;Bacteria;Proteobacteria;Gammaproteobacteria;Burkholderiales;Burkholderiaceae;Burkholderia-Caballeronia-Paraburkholderia
FP250.1;ASV179;0;FP250;food waste;sorb+;2.5;1;Bacteria;Proteobacteria;Gammaproteobacteria;Burkholderiales;Comamonadaceae;Aquabacterium
FP250.1;ASV186;0;FP250;food waste;sorb+;2.5;1;Bacteria;Firmicutes;Bacilli;Paenibacillales;Paenibacillaceae;Paenibacillus
FP250.1;ASV187;0;FP250;food waste;sorb+;2.5;1;Bacteria;Proteobacteria;Gammaproteobacteria;Burkholderiales;Burkholderiaceae;Burkholderia-Caballeronia-Paraburkholderia
FP250.1;ASV188;0;FP250;food waste;sorb+;2.5;1;Bacteria;Firmicutes;Bacilli;Lactobacillales;Lactobacillaceae;Lactobacillus
FP250.1;ASV189;4;FP250;food waste;sorb+;2.5;1;Bacteria;Bacteroidota;Bacteroidia;Bacteroidales;Bacteroidaceae;Bacteroides
FP250.1;ASV190;0;FP250;food waste;sorb+;2.5;1;Bacteria;Firmicutes;Clostridia;Lachnospirales;Lachnospiraceae;Lachnospira
FP250.1;ASV199;0;FP250;food waste;sorb+;2.5;1;Bacteria;Firmicutes;Bacilli;Lactobacillales;Lactobacillaceae;HT002
FP250.1;ASV200;0;FP250;food waste;sorb+;2.5;1;Bacteria;Proteobacteria;Gammaproteobacteria;Enterobacterales;Pseudoalteromonadaceae;Pseudoalteromonas
FP250.1;ASV201;0;FP250;food waste;sorb+;2.5;1;Bacteria;Firmicutes;Clostridia;Lachnospirales;Lachnospiraceae;[Eubacterium] eligens group
FP250.1;ASV202;0;FP250;food waste;sorb+;2.5;1;Bacteria;Proteobacteria;Gammaproteobacteria;Burkholderiales;Sutterellaceae;Parasutterella
FP250.1;ASV203;0;FP250;food waste;sorb+;2.5;1;Bacteria;Firmicutes;Clostridia;Lachnospirales;Lachnospiraceae;[Eubacterium] eligens group
FP250.1;ASV204;0;FP250;food waste;sorb+;2.5;1;Bacteria;Proteobacteria;Gammaproteobacteria;Xanthomonadales;Xanthomonadaceae;
FP250.1;ASV219;0;FP250;food waste;sorb+;2.5;1;Bacteria;Proteobacteria;Gammaproteobacteria;Burkholderiales;Alcaligenaceae;Achromobacter
FP250.1;ASV221;0;FP250;food waste;sorb+;2.5;1;Bacteria;Firmicutes;Bacilli;Lactobacillales;Lactobacillaceae;Lacticaseibacillus
FP250.1;ASV222;0;FP250;food waste;sorb+;2.5;1;Bacteria;Proteobacteria;Gammaproteobacteria;Xanthomonadales;Xanthomonadaceae;Arenimonas
FP250.1;ASV223;0;FP250;food waste;sorb+;2.5;1;Bacteria;Proteobacteria;Gammaproteobacteria;Pseudomonadales;Pseudomonadaceae;Pseudomonas
FP250.1;ASV225;0;FP250;food waste;sorb+;2.5;1;Bacteria;Firmicutes;Bacilli;Lactobacillales;Lactobacillaceae;Weissella
FP250.1;ASV227;0;FP250;food waste;sorb+;2.5;1;Bacteria;Firmicutes;Bacilli;Lactobacillales;Streptococcaceae;
FP250.1;ASV228;1;FP250;food waste;sorb+;2.5;1;Bacteria;Firmicutes;Bacilli;Alicyclobacillales;Alicyclobacillaceae;Alicyclobacillus
FP250.1;ASV230;0;FP250;food waste;sorb+;2.5;1;Bacteria;Firmicutes;Clostridia;Peptostreptococcales-Tissierellales;Family XI;Anaerococcus
FP250.1;ASV232;0;FP250;food waste;sorb+;2.5;1;Bacteria;Firmicutes;Clostridia;Peptostreptococcales-Tissierellales;Clostridiisalibacter;
FP250.1;ASV257;0;FP250;food waste;sorb+;2.5;1;Bacteria;Actinobacteriota;Actinobacteria;Micrococcales;Micrococcaceae;Pseudarthrobacter
FP250.1;ASV258;0;FP250;food waste;sorb+;2.5;1;Bacteria;Firmicutes;Bacilli;Bacillales;Bacillaceae;Oceanobacillus
FP250.1;ASV259;0;FP250;food waste;sorb+;2.5;1;Bacteria;Verrucomicrobiota;Verrucomicrobiae;Pedosphaerales;Pedosphaeraceae;ADurb.Bin063-1
FP250.1;ASV261;0;FP250;food waste;sorb+;2.5;1;Bacteria;Proteobacteria;Gammaproteobacteria;Pseudomonadales;Moraxellaceae;Enhydrobacter
FP250.1;ASV263;0;FP250;food waste;sorb+;2.5;1;Bacteria;Firmicutes;Clostridia;Clostridiales;Clostridiaceae;Clostridium sensu stricto 18
FP250.1;ASV265;0;FP250;food waste;sorb+;2.5;1;Bacteria;Proteobacteria;Gammaproteobacteria;Enterobacterales;Pasteurellaceae;Haemophilus
FP250.1;ASV266;0;FP250;food waste;sorb+;2.5;1;Bacteria;Proteobacteria;Gammaproteobacteria;Burkholderiales;Comamonadaceae;
FP250.1;ASV267;0;FP250;food waste;sorb+;2.5;1;Bacteria;Actinobacteriota;Actinobacteria;Frankiales;Nakamurellaceae;Nakamurella
FP250.1;ASV269;0;FP250;food waste;sorb+;2.5;1;Bacteria;Proteobacteria;Gammaproteobacteria;Burkholderiales;Comamonadaceae;
FP250.1;ASV270;0;FP250;food waste;sorb+;2.5;1;Bacteria;Actinobacteriota;Actinobacteria;Streptomycetales;Streptomycetaceae;Streptomyces
FP250.1;ASV271;0;FP250;food waste;sorb+;2.5;1;Bacteria;Firmicutes;Bacilli;Acholeplasmatales;Acholeplasmataceae;Candidatus Phytoplasma
FP250.1;ASV272;0;FP250;food waste;sorb+;2.5;1;Bacteria;Bacteroidota;Bacteroidia;Bacteroidales;Tannerellaceae;Parabacteroides
FP250.1;ASV275;0;FP250;food waste;sorb+;2.5;1;Bacteria;Firmicutes;Negativicutes;Veillonellales-Selenomonadales;Veillonellaceae;Dialister
FP250.1;ASV277;0;FP250;food waste;sorb+;2.5;1;Bacteria;Firmicutes;Bacilli;Lactobacillales;Carnobacteriaceae;
FP250.1;ASV280;0;FP250;food waste;sorb+;2.5;1;Bacteria;Actinobacteriota;Actinobacteria;Streptomycetales;Streptomycetaceae;Streptomyces
FP250.1;ASV314;0;FP250;food waste;sorb+;2.5;1;Bacteria;Proteobacteria;Gammaproteobacteria;Xanthomonadales;Xanthomonadaceae;Arenimonas
FP250.1;ASV318;0;FP250;food waste;sorb+;2.5;1;Bacteria;Chloroflexi;Chloroflexia;Thermomicrobiales;JG30-KF-CM45;
FP250.1;ASV319;0;FP250;food waste;sorb+;2.5;1;Bacteria;Proteobacteria;Gammaproteobacteria;Xanthomonadales;Xanthomonadaceae;Arenimonas
FP250.1;ASV323;0;FP250;food waste;sorb+;2.5;1;Bacteria;Gemmatimonadota;Gemmatimonadetes;Gemmatimonadales;Gemmatimonadaceae;
FP250.1;ASV326;0;FP250;food waste;sorb+;2.5;1;Bacteria;Proteobacteria;Alphaproteobacteria;Rhizobiales;Rhizobiales Incertae Sedis;Nordella
FP250.1;ASV328;0;FP250;food waste;sorb+;2.5;1;Bacteria;Chloroflexi;Anaerolineae;Anaerolineales;Anaerolineaceae;
FP250.1;ASV329;0;FP250;food waste;sorb+;2.5;1;Bacteria;Proteobacteria;Gammaproteobacteria;Burkholderiales;Oxalobacteraceae;
FP250.1;ASV331;0;FP250;food waste;sorb+;2.5;1;Bacteria;Proteobacteria;Gammaproteobacteria;Steroidobacterales;Woeseiaceae;Woeseia
FP250.1;ASV333;0;FP250;food waste;sorb+;2.5;1;Bacteria;Proteobacteria;Gammaproteobacteria;Xanthomonadales;Xanthomonadaceae;
FP250.1;ASV334;0;FP250;food waste;sorb+;2.5;1;Bacteria;Firmicutes;Clostridia;Lachnospirales;Lachnospiraceae;
FP250.1;ASV336;0;FP250;food waste;sorb+;2.5;1;Bacteria;Bacteroidota;Bacteroidia;Flavobacteriales;Weeksellaceae;Empedobacter
FP250.1;ASV337;0;FP250;food waste;sorb+;2.5;1;Bacteria;Proteobacteria;Alphaproteobacteria;Rhizobiales;Beijerinckiaceae;Microvirga
FP250.1;ASV338;0;FP250;food waste;sorb+;2.5;1;Bacteria;Planctomycetota;Brocadiae;Brocadiales;Brocadiaceae;Candidatus Brocadia
FP250.1;ASV339;0;FP250;food waste;sorb+;2.5;1;Bacteria;Proteobacteria;Alphaproteobacteria;Rhizobiales;Beijerinckiaceae;Methylobacterium-Methylorubrum
FP250.1;ASV340;0;FP250;food waste;sorb+;2.5;1;Bacteria;Proteobacteria;Gammaproteobacteria;Pseudomonadales;Moraxellaceae;Acinetobacter
FP250.1;ASV342;0;FP250;food waste;sorb+;2.5;1;Bacteria;Planctomycetota;Brocadiae;Brocadiales;Brocadiaceae;Candidatus Brocadia
FP250.1;ASV344;0;FP250;food waste;sorb+;2.5;1;Bacteria;Actinobacteriota;Actinobacteria;Frankiales;Nakamurellaceae;Nakamurella
FP250.1;ASV345;0;FP250;food waste;sorb+;2.5;1;Bacteria;Hydrogenedentes;Hydrogenedentia;Hydrogenedentiales;Hydrogenedensaceae;
FP250.1;ASV346;0;FP250;food waste;sorb+;2.5;1;Bacteria;Gemmatimonadota;Gemmatimonadetes;Gemmatimonadales;Gemmatimonadaceae;
FP250.1;ASV352;0;FP250;food waste;sorb+;2.5;1;Bacteria;Proteobacteria;Gammaproteobacteria;Pseudomonadales;Marinobacteraceae;Marinobacter
FP250.1;ASV353;0;FP250;food waste;sorb+;2.5;1;Bacteria;Acidobacteriota;Vicinamibacteria;Vicinamibacterales;Vicinamibacteraceae;
FP250.1;ASV354;0;FP250;food waste;sorb+;2.5;1;Bacteria;Proteobacteria;Gammaproteobacteria;Pseudomonadales;Alcanivoracaceae1;Alcanivorax
FP250.1;ASV355;0;FP250;food waste;sorb+;2.5;1;Bacteria;Actinobacteriota;Acidimicrobiia;Microtrichales;Iamiaceae;Iamia
FP250.1;ASV360;0;FP250;food waste;sorb+;2.5;1;Bacteria;Actinobacteriota;Actinobacteria;Corynebacteriales;Corynebacteriaceae;
FP250.1;ASV361;0;FP250;food waste;sorb+;2.5;1;Bacteria;Proteobacteria;Gammaproteobacteria;Burkholderiales;Alcaligenaceae;Paenalcaligenes
FP250.2;ASV1;589;FP250;food waste;sorb+;2.5;2;Bacteria;Proteobacteria;Gammaproteobacteria;Enterobacterales;Morganellaceae;Providencia
FP250.2;ASV2;13066;FP250;food waste;sorb+;2.5;2;Bacteria;Proteobacteria;Gammaproteobacteria;Enterobacterales;Enterobacteriaceae;Klebsiella
FP250.2;ASV3;1607;FP250;food waste;sorb+;2.5;2;Bacteria;Proteobacteria;Gammaproteobacteria;Enterobacterales;Enterobacteriaceae;Enterobacter*
FP250.2;ASV4;1857;FP250;food waste;sorb+;2.5;2;Bacteria;Firmicutes;Bacilli;Lactobacillales;Enterococcaceae;Enterococcus
FP250.2;ASV5;10382;FP250;food waste;sorb+;2.5;2;Bacteria;Firmicutes;Bacilli;Lactobacillales;Lactobacillaceae;Lactiplantibacillus
FP250.2;ASV6;10404;FP250;food waste;sorb+;2.5;2;Bacteria;Firmicutes;Bacilli;Lactobacillales;Lactobacillaceae;Lactobacillus
FP250.2;ASV7;143;FP250;food waste;sorb+;2.5;2;Bacteria;Firmicutes;Bacilli;Lactobacillales;Lactobacillaceae;Weissella
FP250.2;ASV8;1259;FP250;food waste;sorb+;2.5;2;Bacteria;Firmicutes;Bacilli;Lactobacillales;Enterococcaceae;Enterococcus
FP250.2;ASV9;3761;FP250;food waste;sorb+;2.5;2;Bacteria;Firmicutes;Bacilli;Lactobacillales;Lactobacillaceae;Levilactobacillus
FP250.2;ASV10;110;FP250;food waste;sorb+;2.5;2;Bacteria;Firmicutes;Bacilli;Lactobacillales;Streptococcaceae;Lactococcus
FP250.2;ASV11;0;FP250;food waste;sorb+;2.5;2;Bacteria;Firmicutes;Bacilli;Lactobacillales;Lactobacillaceae;Lactobacillus
FP250.2;ASV12;40;FP250;food waste;sorb+;2.5;2;Bacteria;Firmicutes;Bacilli;Lactobacillales;Lactobacillaceae;Leuconostoc
FP250.2;ASV13;8;FP250;food waste;sorb+;2.5;2;Bacteria;Firmicutes;Bacilli;Staphylococcales;Staphylococcaceae;Mammaliicoccus*
FP250.2;ASV14;0;FP250;food waste;sorb+;2.5;2;Bacteria;Firmicutes;Bacilli;Lactobacillales;Enterococcaceae;Enterococcus
FP250.2;ASV15;1929;FP250;food waste;sorb+;2.5;2;Bacteria;Firmicutes;Bacilli;Lactobacillales;Lactobacillaceae;Lacticaseibacillus
FP250.2;ASV16;25;FP250;food waste;sorb+;2.5;2;Bacteria;Firmicutes;Bacilli;Lactobacillales;Carnobacteriaceae;Atopostipes
FP250.2;ASV17;132;FP250;food waste;sorb+;2.5;2;Bacteria;Firmicutes;Bacilli;Lactobacillales;Lactobacillaceae;Lactiplantibacillus
FP250.2;ASV18;0;FP250;food waste;sorb+;2.5;2;Bacteria;Actinobacteriota;Actinobacteria;Actinomycetales;Actinomycetaceae;Actinomyces
FP250.2;ASV19;1;FP250;food waste;sorb+;2.5;2;Bacteria;Proteobacteria;Gammaproteobacteria;Enterobacterales;Morganellaceae;Proteus
FP250.2;ASV20;0;FP250;food waste;sorb+;2.5;2;Bacteria;Actinobacteriota;Actinobacteria;Corynebacteriales;Corynebacteriaceae;Corynebacterium
FP250.2;ASV21;323;FP250;food waste;sorb+;2.5;2;Bacteria;Firmicutes;Bacilli;Bacillales;Bacillaceae;Bacillus
FP250.2;ASV22;522;FP250;food waste;sorb+;2.5;2;Bacteria;Firmicutes;Bacilli;Lactobacillales;Lactobacillaceae;Lacticaseibacillus
FP250.2;ASV23;38;FP250;food waste;sorb+;2.5;2;Bacteria;Firmicutes;Bacilli;Lactobacillales;Lactobacillaceae;Limosilactobacillus
FP250.2;ASV24;0;FP250;food waste;sorb+;2.5;2;Bacteria;Proteobacteria;Gammaproteobacteria;Enterobacterales;Enterobacteriaceae;Escherichia-Shigella
FP250.2;ASV25;0;FP250;food waste;sorb+;2.5;2;Bacteria;Firmicutes;Bacilli;Lactobacillales;Enterococcaceae;Enterococcus
FP250.2;ASV26;0;FP250;food waste;sorb+;2.5;2;Bacteria;Firmicutes;Bacilli;Lactobacillales;Lactobacillaceae;Leuconostoc
FP250.2;ASV27;0;FP250;food waste;sorb+;2.5;2;Bacteria;Firmicutes;Bacilli;Paenibacillales;Paenibacillaceae;Paenibacillus
FP250.2;ASV28;328;FP250;food waste;sorb+;2.5;2;Bacteria;Firmicutes;Bacilli;Lactobacillales;Lactobacillaceae;Lacticaseibacillus
FP250.2;ASV29;0;FP250;food waste;sorb+;2.5;2;Bacteria;Firmicutes;Bacilli;Bacillales;Bacillaceae;Pseudogracilibacillus
FP250.2;ASV32;0;FP250;food waste;sorb+;2.5;2;Bacteria;Firmicutes;Bacilli;Lactobacillales;Lactobacillaceae;Lactobacillus
FP250.2;ASV33;34;FP250;food waste;sorb+;2.5;2;Bacteria;Firmicutes;Bacilli;Lactobacillales;Streptococcaceae;Streptococcus
FP250.2;ASV34;0;FP250;food waste;sorb+;2.5;2;Bacteria;Proteobacteria;Gammaproteobacteria;Enterobacterales;Enterobacteriaceae;Klebsiella
FP250.2;ASV35;96;FP250;food waste;sorb+;2.5;2;Bacteria;Firmicutes;Bacilli;Lactobacillales;Lactobacillaceae;Weissella
FP250.2;ASV36;0;FP250;food waste;sorb+;2.5;2;Bacteria;Proteobacteria;Gammaproteobacteria;Enterobacterales;Morganellaceae;Providencia
FP250.2;ASV37;26;FP250;food waste;sorb+;2.5;2;Bacteria;Firmicutes;Bacilli;Lactobacillales;Lactobacillaceae;Pediococcus
FP250.2;ASV38;0;FP250;food waste;sorb+;2.5;2;Bacteria;Proteobacteria;Gammaproteobacteria;Enterobacterales;Enterobacteriaceae;Klebsiella
FP250.2;ASV39;0;FP250;food waste;sorb+;2.5;2;Bacteria;Firmicutes;Bacilli;Lactobacillales;Lactobacillaceae;Lactiplantibacillus
FP250.2;ASV40;83;FP250;food waste;sorb+;2.5;2;Bacteria;Actinobacteriota;Actinobacteria;Corynebacteriales;Corynebacteriaceae;Corynebacterium
FP250.2;ASV41;0;FP250;food waste;sorb+;2.5;2;Bacteria;Firmicutes;Clostridia;Clostridiales;Clostridiaceae;Clostridium sensu stricto 18
FP250.2;ASV42;0;FP250;food waste;sorb+;2.5;2;Bacteria;Firmicutes;Bacilli;Lactobacillales;Streptococcaceae;Streptococcus
FP250.2;ASV43;0;FP250;food waste;sorb+;2.5;2;Bacteria;Proteobacteria;Gammaproteobacteria;Enterobacterales;Enterobacteriaceae;Enterobacter*
FP250.2;ASV44;0;FP250;food waste;sorb+;2.5;2;Bacteria;Firmicutes;Bacilli;Lactobacillales;Enterococcaceae;Enterococcus*
FP250.2;ASV47;23;FP250;food waste;sorb+;2.5;2;Bacteria;Firmicutes;Bacilli;Lactobacillales;Lactobacillaceae;Lacticaseibacillus
FP250.2;ASV49;0;FP250;food waste;sorb+;2.5;2;Bacteria;Firmicutes;Bacilli;Bacillales;Bacillaceae;Pseudogracilibacillus
FP250.2;ASV50;55;FP250;food waste;sorb+;2.5;2;Bacteria;Proteobacteria;Gammaproteobacteria;Pseudomonadales;Pseudomonadaceae;Pseudomonas
FP250.2;ASV51;0;FP250;food waste;sorb+;2.5;2;Bacteria;Firmicutes;Bacilli;Lactobacillales;Lactobacillaceae;Leuconostoc
FP250.2;ASV52;0;FP250;food waste;sorb+;2.5;2;Bacteria;Firmicutes;Bacilli;Paenibacillales;Paenibacillaceae;Paenibacillus
FP250.2;ASV53;0;FP250;food waste;sorb+;2.5;2;Bacteria;Actinobacteriota;Actinobacteria;Corynebacteriales;Corynebacteriaceae;Corynebacterium
FP250.2;ASV54;0;FP250;food waste;sorb+;2.5;2;Bacteria;Firmicutes;Bacilli;Bacillales;Planococcaceae;Bacillus*
FP250.2;ASV55;0;FP250;food waste;sorb+;2.5;2;Bacteria;Firmicutes;Bacilli;Bacillales;Bacillaceae;Bacillus
FP250.2;ASV56;0;FP250;food waste;sorb+;2.5;2;Bacteria;Actinobacteriota;Actinobacteria;Corynebacteriales;Corynebacteriaceae;Corynebacterium
FP250.2;ASV57;0;FP250;food waste;sorb+;2.5;2;Bacteria;Proteobacteria;Gammaproteobacteria;Enterobacterales;Morganellaceae;Providencia
FP250.2;ASV58;0;FP250;food waste;sorb+;2.5;2;Bacteria;Actinobacteriota;Actinobacteria;Micrococcales;Brevibacteriaceae;Brevibacterium
FP250.2;ASV59;0;FP250;food waste;sorb+;2.5;2;Bacteria;Firmicutes;Bacilli;Bacillales;Planococcaceae;Solibacillus
FP250.2;ASV61;0;FP250;food waste;sorb+;2.5;2;Bacteria;Actinobacteriota;Actinobacteria;Corynebacteriales;Corynebacteriaceae;Corynebacterium
FP250.2;ASV66;0;FP250;food waste;sorb+;2.5;2;Bacteria;Firmicutes;Bacilli;Staphylococcales;Staphylococcaceae;Staphylococcus
FP250.2;ASV67;0;FP250;food waste;sorb+;2.5;2;Bacteria;Actinobacteriota;Actinobacteria;Micrococcales;Brevibacteriaceae;Brevibacterium
FP250.2;ASV68;0;FP250;food waste;sorb+;2.5;2;Bacteria;Actinobacteriota;Actinobacteria;Micrococcales;Promicromonosporaceae;Cellulosimicrobium
FP250.2;ASV69;0;FP250;food waste;sorb+;2.5;2;Bacteria;Firmicutes;Bacilli;Bacillales;Planococcaceae;Uncult. bacterium*
FP250.2;ASV70;0;FP250;food waste;sorb+;2.5;2;Bacteria;Proteobacteria;Gammaproteobacteria;Xanthomonadales;Xanthomonadaceae;SN8
FP250.2;ASV72;0;FP250;food waste;sorb+;2.5;2;Bacteria;Proteobacteria;Gammaproteobacteria;Pseudomonadales;Pseudomonadaceae;Pseudomonas
FP250.2;ASV73;0;FP250;food waste;sorb+;2.5;2;Bacteria;Proteobacteria;Gammaproteobacteria;Burkholderiales;Burkholderiaceae;Ralstonia
FP250.2;ASV75;0;FP250;food waste;sorb+;2.5;2;Bacteria;Firmicutes;Bacilli;Staphylococcales;Staphylococcaceae;
FP250.2;ASV77;0;FP250;food waste;sorb+;2.5;2;Bacteria;Firmicutes;Bacilli;Bacillales;Planococcaceae;Solibacillus
FP250.2;ASV78;0;FP250;food waste;sorb+;2.5;2;Bacteria;Firmicutes;Bacilli;Lactobacillales;Lactobacillaceae;Secundilactobacillus
FP250.2;ASV79;0;FP250;food waste;sorb+;2.5;2;Bacteria;Proteobacteria;Gammaproteobacteria;Enterobacterales;Enterobacteriaceae;
FP250.2;ASV80;0;FP250;food waste;sorb+;2.5;2;Bacteria;Firmicutes;Bacilli;Lactobacillales;Lactobacillaceae;Leuconostoc
FP250.2;ASV81;0;FP250;food waste;sorb+;2.5;2;Bacteria;Firmicutes;Bacilli;Lactobacillales;Lactobacillaceae;Lactobacillus
FP250.2;ASV83;0;FP250;food waste;sorb+;2.5;2;Bacteria;Proteobacteria;Gammaproteobacteria;Burkholderiales;Comamonadaceae;Delftia
FP250.2;ASV84;0;FP250;food waste;sorb+;2.5;2;Bacteria;Firmicutes;Bacilli;Lactobacillales;Lactobacillaceae;Loigolactobacillus
FP250.2;ASV87;0;FP250;food waste;sorb+;2.5;2;Bacteria;Firmicutes;Bacilli;Lactobacillales;Streptococcaceae;Streptococcus
FP250.2;ASV90;0;FP250;food waste;sorb+;2.5;2;Bacteria;Proteobacteria;Gammaproteobacteria;Xanthomonadales;Xanthomonadaceae;Stenotrophomonas
FP250.2;ASV91;0;FP250;food waste;sorb+;2.5;2;Bacteria;Firmicutes;Bacilli;Staphylococcales;Staphylococcaceae;Staphylococcus
FP250.2;ASV92;0;FP250;food waste;sorb+;2.5;2;Bacteria;Proteobacteria;Gammaproteobacteria;Enterobacterales;Yersiniaceae;Yersinia
FP250.2;ASV93;0;FP250;food waste;sorb+;2.5;2;Bacteria;Firmicutes;Bacilli;Bacillales;Bacillaceae;Oceanobacillus
FP250.2;ASV94;0;FP250;food waste;sorb+;2.5;2;Bacteria;Firmicutes;Bacilli;Lactobacillales;Lactobacillaceae;Levilactobacillus
FP250.2;ASV95;8;FP250;food waste;sorb+;2.5;2;Bacteria;Proteobacteria;Gammaproteobacteria;Pseudomonadales;Moraxellaceae;Psychrobacter
FP250.2;ASV96;0;FP250;food waste;sorb+;2.5;2;Bacteria;Firmicutes;Bacilli;Lactobacillales;Lactobacillaceae;Lactobacillus
FP250.2;ASV97;0;FP250;food waste;sorb+;2.5;2;Bacteria;Firmicutes;Bacilli;Lactobacillales;Lactobacillaceae;Lentilactobacillus
FP250.2;ASV99;1;FP250;food waste;sorb+;2.5;2;Bacteria;Proteobacteria;Alphaproteobacteria;Sphingomonadales;Sphingomonadaceae;Sphingomonas
FP250.2;ASV100;0;FP250;food waste;sorb+;2.5;2;Bacteria;Firmicutes;Bacilli;Lactobacillales;Lactobacillaceae;Lapidilactobacillus
FP250.2;ASV101;23;FP250;food waste;sorb+;2.5;2;Bacteria;Bacteroidota;Bacteroidia;Bacteroidales;Tannerellaceae;Parabacteroides
FP250.2;ASV104;0;FP250;food waste;sorb+;2.5;2;Bacteria;Firmicutes;Bacilli;Lactobacillales;Lactobacillaceae;Lactobacillus
FP250.2;ASV105;0;FP250;food waste;sorb+;2.5;2;Bacteria;Actinobacteriota;Actinobacteria;Micrococcales;Promicromonosporaceae;Cellulosimicrobium
FP250.2;ASV107;20;FP250;food waste;sorb+;2.5;2;Bacteria;Bacteroidota;Bacteroidia;Bacteroidales;Bacteroidaceae;Bacteroides
FP250.2;ASV110;0;FP250;food waste;sorb+;2.5;2;Bacteria;Proteobacteria;Gammaproteobacteria;Enterobacterales;Enterobacteriaceae;
FP250.2;ASV111;5;FP250;food waste;sorb+;2.5;2;Bacteria;Bacteroidota;Bacteroidia;Bacteroidales;Bacteroidaceae;Bacteroides
FP250.2;ASV113;0;FP250;food waste;sorb+;2.5;2;Bacteria;Firmicutes;Bacilli;Staphylococcales;Staphylococcaceae;Jeotgalicoccus
FP250.2;ASV114;18;FP250;food waste;sorb+;2.5;2;Bacteria;Firmicutes;Bacilli;Lactobacillales;Lactobacillaceae;Weissella
FP250.2;ASV115;5;FP250;food waste;sorb+;2.5;2;Bacteria;Proteobacteria;Gammaproteobacteria;Pseudomonadales;Alcanivoracaceae1;Alcanivorax
FP250.2;ASV116;0;FP250;food waste;sorb+;2.5;2;Bacteria;Firmicutes;Bacilli;Lactobacillales;Listeriaceae;Brochothrix
FP250.2;ASV117;0;FP250;food waste;sorb+;2.5;2;Bacteria;Actinobacteriota;Actinobacteria;Corynebacteriales;Corynebacteriaceae;Corynebacterium
FP250.2;ASV119;0;FP250;food waste;sorb+;2.5;2;Bacteria;Proteobacteria;Gammaproteobacteria;Pseudomonadales;Moraxellaceae;Psychrobacter
FP250.2;ASV120;0;FP250;food waste;sorb+;2.5;2;Bacteria;Proteobacteria;Gammaproteobacteria;Burkholderiales;Sutterellaceae;Parasutterella
FP250.2;ASV121;9;FP250;food waste;sorb+;2.5;2;Bacteria;Bacteroidota;Bacteroidia;Bacteroidales;Tannerellaceae;Parabacteroides
FP250.2;ASV122;0;FP250;food waste;sorb+;2.5;2;Bacteria;Proteobacteria;Gammaproteobacteria;Enterobacterales;Vibrionaceae;Photobacterium
FP250.2;ASV123;0;FP250;food waste;sorb+;2.5;2;Bacteria;Proteobacteria;Gammaproteobacteria;Pseudomonadales;Moraxellaceae;Acinetobacter
FP250.2;ASV126;0;FP250;food waste;sorb+;2.5;2;Bacteria;Proteobacteria;Gammaproteobacteria;Enterobacterales;Erwiniaceae;
FP250.2;ASV127;0;FP250;food waste;sorb+;2.5;2;Bacteria;Proteobacteria;Gammaproteobacteria;Pseudomonadales;Moraxellaceae;Acinetobacter
FP250.2;ASV129;0;FP250;food waste;sorb+;2.5;2;Bacteria;Proteobacteria;Alphaproteobacteria;Rhizobiales;Beijerinckiaceae;Methylobacterium-Methylorubrum
FP250.2;ASV130;0;FP250;food waste;sorb+;2.5;2;Bacteria;Proteobacteria;Alphaproteobacteria;Sphingomonadales;Sphingomonadaceae;Sphingomonas
FP250.2;ASV131;4;FP250;food waste;sorb+;2.5;2;Bacteria;Bacteroidota;Bacteroidia;Bacteroidales;Porphyromonadaceae;Porphyromonas
FP250.2;ASV133;0;FP250;food waste;sorb+;2.5;2;Bacteria;Proteobacteria;Gammaproteobacteria;Enterobacterales;Aeromonadaceae;Aeromonas
FP250.2;ASV135;0;FP250;food waste;sorb+;2.5;2;Bacteria;Proteobacteria;Gammaproteobacteria;Pseudomonadales;Moraxellaceae;Acinetobacter
FP250.2;ASV136;0;FP250;food waste;sorb+;2.5;2;Bacteria;Firmicutes;Clostridia;Oscillospirales;Ruminococcaceae;Faecalibacterium
FP250.2;ASV138;0;FP250;food waste;sorb+;2.5;2;Bacteria;Firmicutes;Bacilli;Bacillales;Bacillaceae;Amphibacillus
FP250.2;ASV139;6;FP250;food waste;sorb+;2.5;2;Bacteria;Actinobacteriota;Actinobacteria;Corynebacteriales;Corynebacteriaceae;Corynebacterium
FP250.2;ASV140;0;FP250;food waste;sorb+;2.5;2;Bacteria;Proteobacteria;Gammaproteobacteria;Pseudomonadales;Pseudomonadaceae;Pseudomonas
FP250.2;ASV141;0;FP250;food waste;sorb+;2.5;2;Bacteria;Firmicutes;Bacilli;Lactobacillales;Enterococcaceae;Tetragenococcus
FP250.2;ASV143;0;FP250;food waste;sorb+;2.5;2;Bacteria;Firmicutes;Bacilli;Bacillales;Bacillaceae;Bacillus
FP250.2;ASV144;2;FP250;food waste;sorb+;2.5;2;Bacteria;Proteobacteria;Gammaproteobacteria;Burkholderiales;Sutterellaceae;Parasutterella
FP250.2;ASV149;0;FP250;food waste;sorb+;2.5;2;Bacteria;Firmicutes;Bacilli;Lactobacillales;Lactobacillaceae;Lactobacillus
FP250.2;ASV150;0;FP250;food waste;sorb+;2.5;2;Bacteria;Proteobacteria;Gammaproteobacteria;Pseudomonadales;Moraxellaceae;Acinetobacter
FP250.2;ASV152;5;FP250;food waste;sorb+;2.5;2;Bacteria;Firmicutes;Clostridia;Oscillospirales;Ruminococcaceae;Subdoligranulum
FP250.2;ASV156;0;FP250;food waste;sorb+;2.5;2;Bacteria;Firmicutes;Bacilli;Lactobacillales;Lactobacillaceae;Lactobacillus
FP250.2;ASV157;0;FP250;food waste;sorb+;2.5;2;Bacteria;Proteobacteria;Gammaproteobacteria;Enterobacterales;Yersiniaceae;
FP250.2;ASV158;0;FP250;food waste;sorb+;2.5;2;Bacteria;Firmicutes;Bacilli;Lactobacillales;Lactobacillaceae;Leuconostoc
FP250.2;ASV160;0;FP250;food waste;sorb+;2.5;2;Bacteria;Proteobacteria;Gammaproteobacteria;Burkholderiales;Burkholderiaceae;Ralstonia
FP250.2;ASV161;0;FP250;food waste;sorb+;2.5;2;Bacteria;Proteobacteria;Gammaproteobacteria;Pseudomonadales;Moraxellaceae;Enhydrobacter
FP250.2;ASV162;0;FP250;food waste;sorb+;2.5;2;Bacteria;Proteobacteria;Gammaproteobacteria;Pseudomonadales;Moraxellaceae;Acinetobacter
FP250.2;ASV163;0;FP250;food waste;sorb+;2.5;2;Bacteria;Proteobacteria;Gammaproteobacteria;Enterobacterales;Aeromonadaceae;Aeromonas
FP250.2;ASV166;0;FP250;food waste;sorb+;2.5;2;Bacteria;Firmicutes;Bacilli;Lactobacillales;Lactobacillaceae;Schleiferilactobacillus
FP250.2;ASV168;1;FP250;food waste;sorb+;2.5;2;Bacteria;Firmicutes;Clostridia;Oscillospirales;Oscillospiraceae;Flavonifractor
FP250.2;ASV169;3;FP250;food waste;sorb+;2.5;2;Bacteria;Firmicutes;Clostridia;Oscillospirales;Ruminococcaceae;Faecalibacterium
FP250.2;ASV170;0;FP250;food waste;sorb+;2.5;2;Bacteria;Firmicutes;Bacilli;Lactobacillales;Streptococcaceae;Lactococcus
FP250.2;ASV177;0;FP250;food waste;sorb+;2.5;2;Bacteria;Firmicutes;Bacilli;Lactobacillales;Streptococcaceae;Lactococcus
FP250.2;ASV178;0;FP250;food waste;sorb+;2.5;2;Bacteria;Proteobacteria;Gammaproteobacteria;Burkholderiales;Burkholderiaceae;Burkholderia-Caballeronia-Paraburkholderia
FP250.2;ASV179;2;FP250;food waste;sorb+;2.5;2;Bacteria;Proteobacteria;Gammaproteobacteria;Burkholderiales;Comamonadaceae;Aquabacterium
FP250.2;ASV186;0;FP250;food waste;sorb+;2.5;2;Bacteria;Firmicutes;Bacilli;Paenibacillales;Paenibacillaceae;Paenibacillus
FP250.2;ASV187;0;FP250;food waste;sorb+;2.5;2;Bacteria;Proteobacteria;Gammaproteobacteria;Burkholderiales;Burkholderiaceae;Burkholderia-Caballeronia-Paraburkholderia
FP250.2;ASV188;0;FP250;food waste;sorb+;2.5;2;Bacteria;Firmicutes;Bacilli;Lactobacillales;Lactobacillaceae;Lactobacillus
FP250.2;ASV189;0;FP250;food waste;sorb+;2.5;2;Bacteria;Bacteroidota;Bacteroidia;Bacteroidales;Bacteroidaceae;Bacteroides
FP250.2;ASV190;2;FP250;food waste;sorb+;2.5;2;Bacteria;Firmicutes;Clostridia;Lachnospirales;Lachnospiraceae;Lachnospira
FP250.2;ASV199;0;FP250;food waste;sorb+;2.5;2;Bacteria;Firmicutes;Bacilli;Lactobacillales;Lactobacillaceae;HT002
FP250.2;ASV200;0;FP250;food waste;sorb+;2.5;2;Bacteria;Proteobacteria;Gammaproteobacteria;Enterobacterales;Pseudoalteromonadaceae;Pseudoalteromonas
FP250.2;ASV201;0;FP250;food waste;sorb+;2.5;2;Bacteria;Firmicutes;Clostridia;Lachnospirales;Lachnospiraceae;[Eubacterium] eligens group
FP250.2;ASV202;0;FP250;food waste;sorb+;2.5;2;Bacteria;Proteobacteria;Gammaproteobacteria;Burkholderiales;Sutterellaceae;Parasutterella
FP250.2;ASV203;0;FP250;food waste;sorb+;2.5;2;Bacteria;Firmicutes;Clostridia;Lachnospirales;Lachnospiraceae;[Eubacterium] eligens group
FP250.2;ASV204;0;FP250;food waste;sorb+;2.5;2;Bacteria;Proteobacteria;Gammaproteobacteria;Xanthomonadales;Xanthomonadaceae;
FP250.2;ASV219;0;FP250;food waste;sorb+;2.5;2;Bacteria;Proteobacteria;Gammaproteobacteria;Burkholderiales;Alcaligenaceae;Achromobacter
FP250.2;ASV221;0;FP250;food waste;sorb+;2.5;2;Bacteria;Firmicutes;Bacilli;Lactobacillales;Lactobacillaceae;Lacticaseibacillus
FP250.2;ASV222;0;FP250;food waste;sorb+;2.5;2;Bacteria;Proteobacteria;Gammaproteobacteria;Xanthomonadales;Xanthomonadaceae;Arenimonas
FP250.2;ASV223;0;FP250;food waste;sorb+;2.5;2;Bacteria;Proteobacteria;Gammaproteobacteria;Pseudomonadales;Pseudomonadaceae;Pseudomonas
FP250.2;ASV225;0;FP250;food waste;sorb+;2.5;2;Bacteria;Firmicutes;Bacilli;Lactobacillales;Lactobacillaceae;Weissella
FP250.2;ASV227;0;FP250;food waste;sorb+;2.5;2;Bacteria;Firmicutes;Bacilli;Lactobacillales;Streptococcaceae;
FP250.2;ASV228;0;FP250;food waste;sorb+;2.5;2;Bacteria;Firmicutes;Bacilli;Alicyclobacillales;Alicyclobacillaceae;Alicyclobacillus
FP250.2;ASV230;2;FP250;food waste;sorb+;2.5;2;Bacteria;Firmicutes;Clostridia;Peptostreptococcales-Tissierellales;Family XI;Anaerococcus
FP250.2;ASV232;0;FP250;food waste;sorb+;2.5;2;Bacteria;Firmicutes;Clostridia;Peptostreptococcales-Tissierellales;Clostridiisalibacter;
FP250.2;ASV257;0;FP250;food waste;sorb+;2.5;2;Bacteria;Actinobacteriota;Actinobacteria;Micrococcales;Micrococcaceae;Pseudarthrobacter
FP250.2;ASV258;0;FP250;food waste;sorb+;2.5;2;Bacteria;Firmicutes;Bacilli;Bacillales;Bacillaceae;Oceanobacillus
FP250.2;ASV259;0;FP250;food waste;sorb+;2.5;2;Bacteria;Verrucomicrobiota;Verrucomicrobiae;Pedosphaerales;Pedosphaeraceae;ADurb.Bin063-1
FP250.2;ASV261;0;FP250;food waste;sorb+;2.5;2;Bacteria;Proteobacteria;Gammaproteobacteria;Pseudomonadales;Moraxellaceae;Enhydrobacter
FP250.2;ASV263;0;FP250;food waste;sorb+;2.5;2;Bacteria;Firmicutes;Clostridia;Clostridiales;Clostridiaceae;Clostridium sensu stricto 18
FP250.2;ASV265;0;FP250;food waste;sorb+;2.5;2;Bacteria;Proteobacteria;Gammaproteobacteria;Enterobacterales;Pasteurellaceae;Haemophilus
FP250.2;ASV266;0;FP250;food waste;sorb+;2.5;2;Bacteria;Proteobacteria;Gammaproteobacteria;Burkholderiales;Comamonadaceae;
FP250.2;ASV267;0;FP250;food waste;sorb+;2.5;2;Bacteria;Actinobacteriota;Actinobacteria;Frankiales;Nakamurellaceae;Nakamurella
FP250.2;ASV269;0;FP250;food waste;sorb+;2.5;2;Bacteria;Proteobacteria;Gammaproteobacteria;Burkholderiales;Comamonadaceae;
FP250.2;ASV270;0;FP250;food waste;sorb+;2.5;2;Bacteria;Actinobacteriota;Actinobacteria;Streptomycetales;Streptomycetaceae;Streptomyces
FP250.2;ASV271;0;FP250;food waste;sorb+;2.5;2;Bacteria;Firmicutes;Bacilli;Acholeplasmatales;Acholeplasmataceae;Candidatus Phytoplasma
FP250.2;ASV272;0;FP250;food waste;sorb+;2.5;2;Bacteria;Bacteroidota;Bacteroidia;Bacteroidales;Tannerellaceae;Parabacteroides
FP250.2;ASV275;3;FP250;food waste;sorb+;2.5;2;Bacteria;Firmicutes;Negativicutes;Veillonellales-Selenomonadales;Veillonellaceae;Dialister
FP250.2;ASV277;0;FP250;food waste;sorb+;2.5;2;Bacteria;Firmicutes;Bacilli;Lactobacillales;Carnobacteriaceae;
FP250.2;ASV280;0;FP250;food waste;sorb+;2.5;2;Bacteria;Actinobacteriota;Actinobacteria;Streptomycetales;Streptomycetaceae;Streptomyces
FP250.2;ASV314;0;FP250;food waste;sorb+;2.5;2;Bacteria;Proteobacteria;Gammaproteobacteria;Xanthomonadales;Xanthomonadaceae;Arenimonas
FP250.2;ASV318;0;FP250;food waste;sorb+;2.5;2;Bacteria;Chloroflexi;Chloroflexia;Thermomicrobiales;JG30-KF-CM45;
FP250.2;ASV319;0;FP250;food waste;sorb+;2.5;2;Bacteria;Proteobacteria;Gammaproteobacteria;Xanthomonadales;Xanthomonadaceae;Arenimonas
FP250.2;ASV323;0;FP250;food waste;sorb+;2.5;2;Bacteria;Gemmatimonadota;Gemmatimonadetes;Gemmatimonadales;Gemmatimonadaceae;
FP250.2;ASV326;0;FP250;food waste;sorb+;2.5;2;Bacteria;Proteobacteria;Alphaproteobacteria;Rhizobiales;Rhizobiales Incertae Sedis;Nordella
FP250.2;ASV328;0;FP250;food waste;sorb+;2.5;2;Bacteria;Chloroflexi;Anaerolineae;Anaerolineales;Anaerolineaceae;
FP250.2;ASV329;0;FP250;food waste;sorb+;2.5;2;Bacteria;Proteobacteria;Gammaproteobacteria;Burkholderiales;Oxalobacteraceae;
FP250.2;ASV331;0;FP250;food waste;sorb+;2.5;2;Bacteria;Proteobacteria;Gammaproteobacteria;Steroidobacterales;Woeseiaceae;Woeseia
FP250.2;ASV333;0;FP250;food waste;sorb+;2.5;2;Bacteria;Proteobacteria;Gammaproteobacteria;Xanthomonadales;Xanthomonadaceae;
FP250.2;ASV334;0;FP250;food waste;sorb+;2.5;2;Bacteria;Firmicutes;Clostridia;Lachnospirales;Lachnospiraceae;
FP250.2;ASV336;0;FP250;food waste;sorb+;2.5;2;Bacteria;Bacteroidota;Bacteroidia;Flavobacteriales;Weeksellaceae;Empedobacter
FP250.2;ASV337;0;FP250;food waste;sorb+;2.5;2;Bacteria;Proteobacteria;Alphaproteobacteria;Rhizobiales;Beijerinckiaceae;Microvirga
FP250.2;ASV338;0;FP250;food waste;sorb+;2.5;2;Bacteria;Planctomycetota;Brocadiae;Brocadiales;Brocadiaceae;Candidatus Brocadia
FP250.2;ASV339;0;FP250;food waste;sorb+;2.5;2;Bacteria;Proteobacteria;Alphaproteobacteria;Rhizobiales;Beijerinckiaceae;Methylobacterium-Methylorubrum
FP250.2;ASV340;0;FP250;food waste;sorb+;2.5;2;Bacteria;Proteobacteria;Gammaproteobacteria;Pseudomonadales;Moraxellaceae;Acinetobacter
FP250.2;ASV342;0;FP250;food waste;sorb+;2.5;2;Bacteria;Planctomycetota;Brocadiae;Brocadiales;Brocadiaceae;Candidatus Brocadia
FP250.2;ASV344;0;FP250;food waste;sorb+;2.5;2;Bacteria;Actinobacteriota;Actinobacteria;Frankiales;Nakamurellaceae;Nakamurella
FP250.2;ASV345;0;FP250;food waste;sorb+;2.5;2;Bacteria;Hydrogenedentes;Hydrogenedentia;Hydrogenedentiales;Hydrogenedensaceae;
FP250.2;ASV346;1;FP250;food waste;sorb+;2.5;2;Bacteria;Gemmatimonadota;Gemmatimonadetes;Gemmatimonadales;Gemmatimonadaceae;
FP250.2;ASV352;0;FP250;food waste;sorb+;2.5;2;Bacteria;Proteobacteria;Gammaproteobacteria;Pseudomonadales;Marinobacteraceae;Marinobacter
FP250.2;ASV353;0;FP250;food waste;sorb+;2.5;2;Bacteria;Acidobacteriota;Vicinamibacteria;Vicinamibacterales;Vicinamibacteraceae;
FP250.2;ASV354;0;FP250;food waste;sorb+;2.5;2;Bacteria;Proteobacteria;Gammaproteobacteria;Pseudomonadales;Alcanivoracaceae1;Alcanivorax
FP250.2;ASV355;0;FP250;food waste;sorb+;2.5;2;Bacteria;Actinobacteriota;Acidimicrobiia;Microtrichales;Iamiaceae;Iamia
FP250.2;ASV360;0;FP250;food waste;sorb+;2.5;2;Bacteria;Actinobacteriota;Actinobacteria;Corynebacteriales;Corynebacteriaceae;
FP250.2;ASV361;0;FP250;food waste;sorb+;2.5;2;Bacteria;Proteobacteria;Gammaproteobacteria;Burkholderiales;Alcaligenaceae;Paenalcaligenes
FP250.3;ASV1;12036;FP250;food waste;sorb+;2.5;3;Bacteria;Proteobacteria;Gammaproteobacteria;Enterobacterales;Morganellaceae;Providencia
FP250.3;ASV2;3401;FP250;food waste;sorb+;2.5;3;Bacteria;Proteobacteria;Gammaproteobacteria;Enterobacterales;Enterobacteriaceae;Klebsiella
FP250.3;ASV3;720;FP250;food waste;sorb+;2.5;3;Bacteria;Proteobacteria;Gammaproteobacteria;Enterobacterales;Enterobacteriaceae;Enterobacter*
FP250.3;ASV4;1427;FP250;food waste;sorb+;2.5;3;Bacteria;Firmicutes;Bacilli;Lactobacillales;Enterococcaceae;Enterococcus
FP250.3;ASV5;4336;FP250;food waste;sorb+;2.5;3;Bacteria;Firmicutes;Bacilli;Lactobacillales;Lactobacillaceae;Lactiplantibacillus
FP250.3;ASV6;11686;FP250;food waste;sorb+;2.5;3;Bacteria;Firmicutes;Bacilli;Lactobacillales;Lactobacillaceae;Lactobacillus
FP250.3;ASV7;0;FP250;food waste;sorb+;2.5;3;Bacteria;Firmicutes;Bacilli;Lactobacillales;Lactobacillaceae;Weissella
FP250.3;ASV8;725;FP250;food waste;sorb+;2.5;3;Bacteria;Firmicutes;Bacilli;Lactobacillales;Enterococcaceae;Enterococcus
FP250.3;ASV9;7098;FP250;food waste;sorb+;2.5;3;Bacteria;Firmicutes;Bacilli;Lactobacillales;Lactobacillaceae;Levilactobacillus
FP250.3;ASV10;0;FP250;food waste;sorb+;2.5;3;Bacteria;Firmicutes;Bacilli;Lactobacillales;Streptococcaceae;Lactococcus
FP250.3;ASV11;0;FP250;food waste;sorb+;2.5;3;Bacteria;Firmicutes;Bacilli;Lactobacillales;Lactobacillaceae;Lactobacillus
FP250.3;ASV12;0;FP250;food waste;sorb+;2.5;3;Bacteria;Firmicutes;Bacilli;Lactobacillales;Lactobacillaceae;Leuconostoc
FP250.3;ASV13;0;FP250;food waste;sorb+;2.5;3;Bacteria;Firmicutes;Bacilli;Staphylococcales;Staphylococcaceae;Mammaliicoccus*
FP250.3;ASV14;0;FP250;food waste;sorb+;2.5;3;Bacteria;Firmicutes;Bacilli;Lactobacillales;Enterococcaceae;Enterococcus
FP250.3;ASV15;3622;FP250;food waste;sorb+;2.5;3;Bacteria;Firmicutes;Bacilli;Lactobacillales;Lactobacillaceae;Lacticaseibacillus
FP250.3;ASV16;0;FP250;food waste;sorb+;2.5;3;Bacteria;Firmicutes;Bacilli;Lactobacillales;Carnobacteriaceae;Atopostipes
FP250.3;ASV17;123;FP250;food waste;sorb+;2.5;3;Bacteria;Firmicutes;Bacilli;Lactobacillales;Lactobacillaceae;Lactiplantibacillus
FP250.3;ASV18;16;FP250;food waste;sorb+;2.5;3;Bacteria;Actinobacteriota;Actinobacteria;Actinomycetales;Actinomycetaceae;Actinomyces
FP250.3;ASV19;0;FP250;food waste;sorb+;2.5;3;Bacteria;Proteobacteria;Gammaproteobacteria;Enterobacterales;Morganellaceae;Proteus
FP250.3;ASV20;0;FP250;food waste;sorb+;2.5;3;Bacteria;Actinobacteriota;Actinobacteria;Corynebacteriales;Corynebacteriaceae;Corynebacterium
FP250.3;ASV21;76;FP250;food waste;sorb+;2.5;3;Bacteria;Firmicutes;Bacilli;Bacillales;Bacillaceae;Bacillus
FP250.3;ASV22;1067;FP250;food waste;sorb+;2.5;3;Bacteria;Firmicutes;Bacilli;Lactobacillales;Lactobacillaceae;Lacticaseibacillus
FP250.3;ASV23;145;FP250;food waste;sorb+;2.5;3;Bacteria;Firmicutes;Bacilli;Lactobacillales;Lactobacillaceae;Limosilactobacillus
FP250.3;ASV24;0;FP250;food waste;sorb+;2.5;3;Bacteria;Proteobacteria;Gammaproteobacteria;Enterobacterales;Enterobacteriaceae;Escherichia-Shigella
FP250.3;ASV25;0;FP250;food waste;sorb+;2.5;3;Bacteria;Firmicutes;Bacilli;Lactobacillales;Enterococcaceae;Enterococcus
FP250.3;ASV26;2;FP250;food waste;sorb+;2.5;3;Bacteria;Firmicutes;Bacilli;Lactobacillales;Lactobacillaceae;Leuconostoc
FP250.3;ASV27;0;FP250;food waste;sorb+;2.5;3;Bacteria;Firmicutes;Bacilli;Paenibacillales;Paenibacillaceae;Paenibacillus
FP250.3;ASV28;293;FP250;food waste;sorb+;2.5;3;Bacteria;Firmicutes;Bacilli;Lactobacillales;Lactobacillaceae;Lacticaseibacillus
FP250.3;ASV29;0;FP250;food waste;sorb+;2.5;3;Bacteria;Firmicutes;Bacilli;Bacillales;Bacillaceae;Pseudogracilibacillus
FP250.3;ASV32;0;FP250;food waste;sorb+;2.5;3;Bacteria;Firmicutes;Bacilli;Lactobacillales;Lactobacillaceae;Lactobacillus
FP250.3;ASV33;3;FP250;food waste;sorb+;2.5;3;Bacteria;Firmicutes;Bacilli;Lactobacillales;Streptococcaceae;Streptococcus
FP250.3;ASV34;0;FP250;food waste;sorb+;2.5;3;Bacteria;Proteobacteria;Gammaproteobacteria;Enterobacterales;Enterobacteriaceae;Klebsiella
FP250.3;ASV35;36;FP250;food waste;sorb+;2.5;3;Bacteria;Firmicutes;Bacilli;Lactobacillales;Lactobacillaceae;Weissella
FP250.3;ASV36;0;FP250;food waste;sorb+;2.5;3;Bacteria;Proteobacteria;Gammaproteobacteria;Enterobacterales;Morganellaceae;Providencia
FP250.3;ASV37;59;FP250;food waste;sorb+;2.5;3;Bacteria;Firmicutes;Bacilli;Lactobacillales;Lactobacillaceae;Pediococcus
FP250.3;ASV38;0;FP250;food waste;sorb+;2.5;3;Bacteria;Proteobacteria;Gammaproteobacteria;Enterobacterales;Enterobacteriaceae;Klebsiella
FP250.3;ASV39;0;FP250;food waste;sorb+;2.5;3;Bacteria;Firmicutes;Bacilli;Lactobacillales;Lactobacillaceae;Lactiplantibacillus
FP250.3;ASV40;3;FP250;food waste;sorb+;2.5;3;Bacteria;Actinobacteriota;Actinobacteria;Corynebacteriales;Corynebacteriaceae;Corynebacterium
FP250.3;ASV41;0;FP250;food waste;sorb+;2.5;3;Bacteria;Firmicutes;Clostridia;Clostridiales;Clostridiaceae;Clostridium sensu stricto 18
FP250.3;ASV42;0;FP250;food waste;sorb+;2.5;3;Bacteria;Firmicutes;Bacilli;Lactobacillales;Streptococcaceae;Streptococcus
FP250.3;ASV43;0;FP250;food waste;sorb+;2.5;3;Bacteria;Proteobacteria;Gammaproteobacteria;Enterobacterales;Enterobacteriaceae;Enterobacter*
FP250.3;ASV44;0;FP250;food waste;sorb+;2.5;3;Bacteria;Firmicutes;Bacilli;Lactobacillales;Enterococcaceae;Enterococcus*
FP250.3;ASV47;54;FP250;food waste;sorb+;2.5;3;Bacteria;Firmicutes;Bacilli;Lactobacillales;Lactobacillaceae;Lacticaseibacillus
FP250.3;ASV49;0;FP250;food waste;sorb+;2.5;3;Bacteria;Firmicutes;Bacilli;Bacillales;Bacillaceae;Pseudogracilibacillus
FP250.3;ASV50;1;FP250;food waste;sorb+;2.5;3;Bacteria;Proteobacteria;Gammaproteobacteria;Pseudomonadales;Pseudomonadaceae;Pseudomonas
FP250.3;ASV51;0;FP250;food waste;sorb+;2.5;3;Bacteria;Firmicutes;Bacilli;Lactobacillales;Lactobacillaceae;Leuconostoc
FP250.3;ASV52;0;FP250;food waste;sorb+;2.5;3;Bacteria;Firmicutes;Bacilli;Paenibacillales;Paenibacillaceae;Paenibacillus
FP250.3;ASV53;0;FP250;food waste;sorb+;2.5;3;Bacteria;Actinobacteriota;Actinobacteria;Corynebacteriales;Corynebacteriaceae;Corynebacterium
FP250.3;ASV54;0;FP250;food waste;sorb+;2.5;3;Bacteria;Firmicutes;Bacilli;Bacillales;Planococcaceae;Bacillus*
FP250.3;ASV55;0;FP250;food waste;sorb+;2.5;3;Bacteria;Firmicutes;Bacilli;Bacillales;Bacillaceae;Bacillus
FP250.3;ASV56;0;FP250;food waste;sorb+;2.5;3;Bacteria;Actinobacteriota;Actinobacteria;Corynebacteriales;Corynebacteriaceae;Corynebacterium
FP250.3;ASV57;0;FP250;food waste;sorb+;2.5;3;Bacteria;Proteobacteria;Gammaproteobacteria;Enterobacterales;Morganellaceae;Providencia
FP250.3;ASV58;0;FP250;food waste;sorb+;2.5;3;Bacteria;Actinobacteriota;Actinobacteria;Micrococcales;Brevibacteriaceae;Brevibacterium
FP250.3;ASV59;0;FP250;food waste;sorb+;2.5;3;Bacteria;Firmicutes;Bacilli;Bacillales;Planococcaceae;Solibacillus
FP250.3;ASV61;0;FP250;food waste;sorb+;2.5;3;Bacteria;Actinobacteriota;Actinobacteria;Corynebacteriales;Corynebacteriaceae;Corynebacterium
FP250.3;ASV66;0;FP250;food waste;sorb+;2.5;3;Bacteria;Firmicutes;Bacilli;Staphylococcales;Staphylococcaceae;Staphylococcus
FP250.3;ASV67;0;FP250;food waste;sorb+;2.5;3;Bacteria;Actinobacteriota;Actinobacteria;Micrococcales;Brevibacteriaceae;Brevibacterium
FP250.3;ASV68;0;FP250;food waste;sorb+;2.5;3;Bacteria;Actinobacteriota;Actinobacteria;Micrococcales;Promicromonosporaceae;Cellulosimicrobium
FP250.3;ASV69;0;FP250;food waste;sorb+;2.5;3;Bacteria;Firmicutes;Bacilli;Bacillales;Planococcaceae;Uncult. bacterium*
FP250.3;ASV70;0;FP250;food waste;sorb+;2.5;3;Bacteria;Proteobacteria;Gammaproteobacteria;Xanthomonadales;Xanthomonadaceae;SN8
FP250.3;ASV72;0;FP250;food waste;sorb+;2.5;3;Bacteria;Proteobacteria;Gammaproteobacteria;Pseudomonadales;Pseudomonadaceae;Pseudomonas
FP250.3;ASV73;1;FP250;food waste;sorb+;2.5;3;Bacteria;Proteobacteria;Gammaproteobacteria;Burkholderiales;Burkholderiaceae;Ralstonia
FP250.3;ASV75;0;FP250;food waste;sorb+;2.5;3;Bacteria;Firmicutes;Bacilli;Staphylococcales;Staphylococcaceae;
FP250.3;ASV77;0;FP250;food waste;sorb+;2.5;3;Bacteria;Firmicutes;Bacilli;Bacillales;Planococcaceae;Solibacillus
FP250.3;ASV78;0;FP250;food waste;sorb+;2.5;3;Bacteria;Firmicutes;Bacilli;Lactobacillales;Lactobacillaceae;Secundilactobacillus
FP250.3;ASV79;0;FP250;food waste;sorb+;2.5;3;Bacteria;Proteobacteria;Gammaproteobacteria;Enterobacterales;Enterobacteriaceae;
FP250.3;ASV80;0;FP250;food waste;sorb+;2.5;3;Bacteria;Firmicutes;Bacilli;Lactobacillales;Lactobacillaceae;Leuconostoc
FP250.3;ASV81;0;FP250;food waste;sorb+;2.5;3;Bacteria;Firmicutes;Bacilli;Lactobacillales;Lactobacillaceae;Lactobacillus
FP250.3;ASV83;0;FP250;food waste;sorb+;2.5;3;Bacteria;Proteobacteria;Gammaproteobacteria;Burkholderiales;Comamonadaceae;Delftia
FP250.3;ASV84;0;FP250;food waste;sorb+;2.5;3;Bacteria;Firmicutes;Bacilli;Lactobacillales;Lactobacillaceae;Loigolactobacillus
FP250.3;ASV87;0;FP250;food waste;sorb+;2.5;3;Bacteria;Firmicutes;Bacilli;Lactobacillales;Streptococcaceae;Streptococcus
FP250.3;ASV90;1;FP250;food waste;sorb+;2.5;3;Bacteria;Proteobacteria;Gammaproteobacteria;Xanthomonadales;Xanthomonadaceae;Stenotrophomonas
FP250.3;ASV91;0;FP250;food waste;sorb+;2.5;3;Bacteria;Firmicutes;Bacilli;Staphylococcales;Staphylococcaceae;Staphylococcus
FP250.3;ASV92;0;FP250;food waste;sorb+;2.5;3;Bacteria;Proteobacteria;Gammaproteobacteria;Enterobacterales;Yersiniaceae;Yersinia
FP250.3;ASV93;0;FP250;food waste;sorb+;2.5;3;Bacteria;Firmicutes;Bacilli;Bacillales;Bacillaceae;Oceanobacillus
FP250.3;ASV94;0;FP250;food waste;sorb+;2.5;3;Bacteria;Firmicutes;Bacilli;Lactobacillales;Lactobacillaceae;Levilactobacillus
FP250.3;ASV95;0;FP250;food waste;sorb+;2.5;3;Bacteria;Proteobacteria;Gammaproteobacteria;Pseudomonadales;Moraxellaceae;Psychrobacter
FP250.3;ASV96;0;FP250;food waste;sorb+;2.5;3;Bacteria;Firmicutes;Bacilli;Lactobacillales;Lactobacillaceae;Lactobacillus
FP250.3;ASV97;0;FP250;food waste;sorb+;2.5;3;Bacteria;Firmicutes;Bacilli;Lactobacillales;Lactobacillaceae;Lentilactobacillus
FP250.3;ASV99;0;FP250;food waste;sorb+;2.5;3;Bacteria;Proteobacteria;Alphaproteobacteria;Sphingomonadales;Sphingomonadaceae;Sphingomonas
FP250.3;ASV100;0;FP250;food waste;sorb+;2.5;3;Bacteria;Firmicutes;Bacilli;Lactobacillales;Lactobacillaceae;Lapidilactobacillus
FP250.3;ASV101;0;FP250;food waste;sorb+;2.5;3;Bacteria;Bacteroidota;Bacteroidia;Bacteroidales;Tannerellaceae;Parabacteroides
FP250.3;ASV104;0;FP250;food waste;sorb+;2.5;3;Bacteria;Firmicutes;Bacilli;Lactobacillales;Lactobacillaceae;Lactobacillus
FP250.3;ASV105;0;FP250;food waste;sorb+;2.5;3;Bacteria;Actinobacteriota;Actinobacteria;Micrococcales;Promicromonosporaceae;Cellulosimicrobium
FP250.3;ASV107;0;FP250;food waste;sorb+;2.5;3;Bacteria;Bacteroidota;Bacteroidia;Bacteroidales;Bacteroidaceae;Bacteroides
FP250.3;ASV110;0;FP250;food waste;sorb+;2.5;3;Bacteria;Proteobacteria;Gammaproteobacteria;Enterobacterales;Enterobacteriaceae;
FP250.3;ASV111;0;FP250;food waste;sorb+;2.5;3;Bacteria;Bacteroidota;Bacteroidia;Bacteroidales;Bacteroidaceae;Bacteroides
FP250.3;ASV113;0;FP250;food waste;sorb+;2.5;3;Bacteria;Firmicutes;Bacilli;Staphylococcales;Staphylococcaceae;Jeotgalicoccus
FP250.3;ASV114;0;FP250;food waste;sorb+;2.5;3;Bacteria;Firmicutes;Bacilli;Lactobacillales;Lactobacillaceae;Weissella
FP250.3;ASV115;0;FP250;food waste;sorb+;2.5;3;Bacteria;Proteobacteria;Gammaproteobacteria;Pseudomonadales;Alcanivoracaceae1;Alcanivorax
FP250.3;ASV116;0;FP250;food waste;sorb+;2.5;3;Bacteria;Firmicutes;Bacilli;Lactobacillales;Listeriaceae;Brochothrix
FP250.3;ASV117;0;FP250;food waste;sorb+;2.5;3;Bacteria;Actinobacteriota;Actinobacteria;Corynebacteriales;Corynebacteriaceae;Corynebacterium
FP250.3;ASV119;0;FP250;food waste;sorb+;2.5;3;Bacteria;Proteobacteria;Gammaproteobacteria;Pseudomonadales;Moraxellaceae;Psychrobacter
FP250.3;ASV120;0;FP250;food waste;sorb+;2.5;3;Bacteria;Proteobacteria;Gammaproteobacteria;Burkholderiales;Sutterellaceae;Parasutterella
FP250.3;ASV121;0;FP250;food waste;sorb+;2.5;3;Bacteria;Bacteroidota;Bacteroidia;Bacteroidales;Tannerellaceae;Parabacteroides
FP250.3;ASV122;0;FP250;food waste;sorb+;2.5;3;Bacteria;Proteobacteria;Gammaproteobacteria;Enterobacterales;Vibrionaceae;Photobacterium
FP250.3;ASV123;0;FP250;food waste;sorb+;2.5;3;Bacteria;Proteobacteria;Gammaproteobacteria;Pseudomonadales;Moraxellaceae;Acinetobacter
FP250.3;ASV126;0;FP250;food waste;sorb+;2.5;3;Bacteria;Proteobacteria;Gammaproteobacteria;Enterobacterales;Erwiniaceae;
FP250.3;ASV127;0;FP250;food waste;sorb+;2.5;3;Bacteria;Proteobacteria;Gammaproteobacteria;Pseudomonadales;Moraxellaceae;Acinetobacter
FP250.3;ASV129;4;FP250;food waste;sorb+;2.5;3;Bacteria;Proteobacteria;Alphaproteobacteria;Rhizobiales;Beijerinckiaceae;Methylobacterium-Methylorubrum
FP250.3;ASV130;1;FP250;food waste;sorb+;2.5;3;Bacteria;Proteobacteria;Alphaproteobacteria;Sphingomonadales;Sphingomonadaceae;Sphingomonas
FP250.3;ASV131;0;FP250;food waste;sorb+;2.5;3;Bacteria;Bacteroidota;Bacteroidia;Bacteroidales;Porphyromonadaceae;Porphyromonas
FP250.3;ASV133;0;FP250;food waste;sorb+;2.5;3;Bacteria;Proteobacteria;Gammaproteobacteria;Enterobacterales;Aeromonadaceae;Aeromonas
FP250.3;ASV135;0;FP250;food waste;sorb+;2.5;3;Bacteria;Proteobacteria;Gammaproteobacteria;Pseudomonadales;Moraxellaceae;Acinetobacter
FP250.3;ASV136;13;FP250;food waste;sorb+;2.5;3;Bacteria;Firmicutes;Clostridia;Oscillospirales;Ruminococcaceae;Faecalibacterium
FP250.3;ASV138;0;FP250;food waste;sorb+;2.5;3;Bacteria;Firmicutes;Bacilli;Bacillales;Bacillaceae;Amphibacillus
FP250.3;ASV139;0;FP250;food waste;sorb+;2.5;3;Bacteria;Actinobacteriota;Actinobacteria;Corynebacteriales;Corynebacteriaceae;Corynebacterium
FP250.3;ASV140;0;FP250;food waste;sorb+;2.5;3;Bacteria;Proteobacteria;Gammaproteobacteria;Pseudomonadales;Pseudomonadaceae;Pseudomonas
FP250.3;ASV141;0;FP250;food waste;sorb+;2.5;3;Bacteria;Firmicutes;Bacilli;Lactobacillales;Enterococcaceae;Tetragenococcus
FP250.3;ASV143;0;FP250;food waste;sorb+;2.5;3;Bacteria;Firmicutes;Bacilli;Bacillales;Bacillaceae;Bacillus
FP250.3;ASV144;0;FP250;food waste;sorb+;2.5;3;Bacteria;Proteobacteria;Gammaproteobacteria;Burkholderiales;Sutterellaceae;Parasutterella
FP250.3;ASV149;0;FP250;food waste;sorb+;2.5;3;Bacteria;Firmicutes;Bacilli;Lactobacillales;Lactobacillaceae;Lactobacillus
FP250.3;ASV150;0;FP250;food waste;sorb+;2.5;3;Bacteria;Proteobacteria;Gammaproteobacteria;Pseudomonadales;Moraxellaceae;Acinetobacter
FP250.3;ASV152;0;FP250;food waste;sorb+;2.5;3;Bacteria;Firmicutes;Clostridia;Oscillospirales;Ruminococcaceae;Subdoligranulum
FP250.3;ASV156;0;FP250;food waste;sorb+;2.5;3;Bacteria;Firmicutes;Bacilli;Lactobacillales;Lactobacillaceae;Lactobacillus
FP250.3;ASV157;0;FP250;food waste;sorb+;2.5;3;Bacteria;Proteobacteria;Gammaproteobacteria;Enterobacterales;Yersiniaceae;
FP250.3;ASV158;0;FP250;food waste;sorb+;2.5;3;Bacteria;Firmicutes;Bacilli;Lactobacillales;Lactobacillaceae;Leuconostoc
FP250.3;ASV160;0;FP250;food waste;sorb+;2.5;3;Bacteria;Proteobacteria;Gammaproteobacteria;Burkholderiales;Burkholderiaceae;Ralstonia
FP250.3;ASV161;0;FP250;food waste;sorb+;2.5;3;Bacteria;Proteobacteria;Gammaproteobacteria;Pseudomonadales;Moraxellaceae;Enhydrobacter
FP250.3;ASV162;3;FP250;food waste;sorb+;2.5;3;Bacteria;Proteobacteria;Gammaproteobacteria;Pseudomonadales;Moraxellaceae;Acinetobacter
FP250.3;ASV163;0;FP250;food waste;sorb+;2.5;3;Bacteria;Proteobacteria;Gammaproteobacteria;Enterobacterales;Aeromonadaceae;Aeromonas
FP250.3;ASV166;0;FP250;food waste;sorb+;2.5;3;Bacteria;Firmicutes;Bacilli;Lactobacillales;Lactobacillaceae;Schleiferilactobacillus
FP250.3;ASV168;0;FP250;food waste;sorb+;2.5;3;Bacteria;Firmicutes;Clostridia;Oscillospirales;Oscillospiraceae;Flavonifractor
FP250.3;ASV169;0;FP250;food waste;sorb+;2.5;3;Bacteria;Firmicutes;Clostridia;Oscillospirales;Ruminococcaceae;Faecalibacterium
FP250.3;ASV170;0;FP250;food waste;sorb+;2.5;3;Bacteria;Firmicutes;Bacilli;Lactobacillales;Streptococcaceae;Lactococcus
FP250.3;ASV177;0;FP250;food waste;sorb+;2.5;3;Bacteria;Firmicutes;Bacilli;Lactobacillales;Streptococcaceae;Lactococcus
FP250.3;ASV178;0;FP250;food waste;sorb+;2.5;3;Bacteria;Proteobacteria;Gammaproteobacteria;Burkholderiales;Burkholderiaceae;Burkholderia-Caballeronia-Paraburkholderia
FP250.3;ASV179;0;FP250;food waste;sorb+;2.5;3;Bacteria;Proteobacteria;Gammaproteobacteria;Burkholderiales;Comamonadaceae;Aquabacterium
FP250.3;ASV186;0;FP250;food waste;sorb+;2.5;3;Bacteria;Firmicutes;Bacilli;Paenibacillales;Paenibacillaceae;Paenibacillus
FP250.3;ASV187;0;FP250;food waste;sorb+;2.5;3;Bacteria;Proteobacteria;Gammaproteobacteria;Burkholderiales;Burkholderiaceae;Burkholderia-Caballeronia-Paraburkholderia
FP250.3;ASV188;0;FP250;food waste;sorb+;2.5;3;Bacteria;Firmicutes;Bacilli;Lactobacillales;Lactobacillaceae;Lactobacillus
FP250.3;ASV189;0;FP250;food waste;sorb+;2.5;3;Bacteria;Bacteroidota;Bacteroidia;Bacteroidales;Bacteroidaceae;Bacteroides
FP250.3;ASV190;0;FP250;food waste;sorb+;2.5;3;Bacteria;Firmicutes;Clostridia;Lachnospirales;Lachnospiraceae;Lachnospira
FP250.3;ASV199;0;FP250;food waste;sorb+;2.5;3;Bacteria;Firmicutes;Bacilli;Lactobacillales;Lactobacillaceae;HT002
FP250.3;ASV200;0;FP250;food waste;sorb+;2.5;3;Bacteria;Proteobacteria;Gammaproteobacteria;Enterobacterales;Pseudoalteromonadaceae;Pseudoalteromonas
FP250.3;ASV201;0;FP250;food waste;sorb+;2.5;3;Bacteria;Firmicutes;Clostridia;Lachnospirales;Lachnospiraceae;[Eubacterium] eligens group
FP250.3;ASV202;2;FP250;food waste;sorb+;2.5;3;Bacteria;Proteobacteria;Gammaproteobacteria;Burkholderiales;Sutterellaceae;Parasutterella
FP250.3;ASV203;3;FP250;food waste;sorb+;2.5;3;Bacteria;Firmicutes;Clostridia;Lachnospirales;Lachnospiraceae;[Eubacterium] eligens group
FP250.3;ASV204;0;FP250;food waste;sorb+;2.5;3;Bacteria;Proteobacteria;Gammaproteobacteria;Xanthomonadales;Xanthomonadaceae;
FP250.3;ASV219;0;FP250;food waste;sorb+;2.5;3;Bacteria;Proteobacteria;Gammaproteobacteria;Burkholderiales;Alcaligenaceae;Achromobacter
FP250.3;ASV221;0;FP250;food waste;sorb+;2.5;3;Bacteria;Firmicutes;Bacilli;Lactobacillales;Lactobacillaceae;Lacticaseibacillus
FP250.3;ASV222;0;FP250;food waste;sorb+;2.5;3;Bacteria;Proteobacteria;Gammaproteobacteria;Xanthomonadales;Xanthomonadaceae;Arenimonas
FP250.3;ASV223;0;FP250;food waste;sorb+;2.5;3;Bacteria;Proteobacteria;Gammaproteobacteria;Pseudomonadales;Pseudomonadaceae;Pseudomonas
FP250.3;ASV225;0;FP250;food waste;sorb+;2.5;3;Bacteria;Firmicutes;Bacilli;Lactobacillales;Lactobacillaceae;Weissella
FP250.3;ASV227;0;FP250;food waste;sorb+;2.5;3;Bacteria;Firmicutes;Bacilli;Lactobacillales;Streptococcaceae;
FP250.3;ASV228;0;FP250;food waste;sorb+;2.5;3;Bacteria;Firmicutes;Bacilli;Alicyclobacillales;Alicyclobacillaceae;Alicyclobacillus
FP250.3;ASV230;0;FP250;food waste;sorb+;2.5;3;Bacteria;Firmicutes;Clostridia;Peptostreptococcales-Tissierellales;Family XI;Anaerococcus
FP250.3;ASV232;0;FP250;food waste;sorb+;2.5;3;Bacteria;Firmicutes;Clostridia;Peptostreptococcales-Tissierellales;Clostridiisalibacter;
FP250.3;ASV257;0;FP250;food waste;sorb+;2.5;3;Bacteria;Actinobacteriota;Actinobacteria;Micrococcales;Micrococcaceae;Pseudarthrobacter
FP250.3;ASV258;0;FP250;food waste;sorb+;2.5;3;Bacteria;Firmicutes;Bacilli;Bacillales;Bacillaceae;Oceanobacillus
FP250.3;ASV259;0;FP250;food waste;sorb+;2.5;3;Bacteria;Verrucomicrobiota;Verrucomicrobiae;Pedosphaerales;Pedosphaeraceae;ADurb.Bin063-1
FP250.3;ASV261;0;FP250;food waste;sorb+;2.5;3;Bacteria;Proteobacteria;Gammaproteobacteria;Pseudomonadales;Moraxellaceae;Enhydrobacter
FP250.3;ASV263;0;FP250;food waste;sorb+;2.5;3;Bacteria;Firmicutes;Clostridia;Clostridiales;Clostridiaceae;Clostridium sensu stricto 18
FP250.3;ASV265;0;FP250;food waste;sorb+;2.5;3;Bacteria;Proteobacteria;Gammaproteobacteria;Enterobacterales;Pasteurellaceae;Haemophilus
FP250.3;ASV266;0;FP250;food waste;sorb+;2.5;3;Bacteria;Proteobacteria;Gammaproteobacteria;Burkholderiales;Comamonadaceae;
FP250.3;ASV267;0;FP250;food waste;sorb+;2.5;3;Bacteria;Actinobacteriota;Actinobacteria;Frankiales;Nakamurellaceae;Nakamurella
FP250.3;ASV269;0;FP250;food waste;sorb+;2.5;3;Bacteria;Proteobacteria;Gammaproteobacteria;Burkholderiales;Comamonadaceae;
FP250.3;ASV270;0;FP250;food waste;sorb+;2.5;3;Bacteria;Actinobacteriota;Actinobacteria;Streptomycetales;Streptomycetaceae;Streptomyces
FP250.3;ASV271;0;FP250;food waste;sorb+;2.5;3;Bacteria;Firmicutes;Bacilli;Acholeplasmatales;Acholeplasmataceae;Candidatus Phytoplasma
FP250.3;ASV272;0;FP250;food waste;sorb+;2.5;3;Bacteria;Bacteroidota;Bacteroidia;Bacteroidales;Tannerellaceae;Parabacteroides
FP250.3;ASV275;0;FP250;food waste;sorb+;2.5;3;Bacteria;Firmicutes;Negativicutes;Veillonellales-Selenomonadales;Veillonellaceae;Dialister
FP250.3;ASV277;0;FP250;food waste;sorb+;2.5;3;Bacteria;Firmicutes;Bacilli;Lactobacillales;Carnobacteriaceae;
FP250.3;ASV280;0;FP250;food waste;sorb+;2.5;3;Bacteria;Actinobacteriota;Actinobacteria;Streptomycetales;Streptomycetaceae;Streptomyces
FP250.3;ASV314;0;FP250;food waste;sorb+;2.5;3;Bacteria;Proteobacteria;Gammaproteobacteria;Xanthomonadales;Xanthomonadaceae;Arenimonas
FP250.3;ASV318;0;FP250;food waste;sorb+;2.5;3;Bacteria;Chloroflexi;Chloroflexia;Thermomicrobiales;JG30-KF-CM45;
FP250.3;ASV319;0;FP250;food waste;sorb+;2.5;3;Bacteria;Proteobacteria;Gammaproteobacteria;Xanthomonadales;Xanthomonadaceae;Arenimonas
FP250.3;ASV323;0;FP250;food waste;sorb+;2.5;3;Bacteria;Gemmatimonadota;Gemmatimonadetes;Gemmatimonadales;Gemmatimonadaceae;
FP250.3;ASV326;0;FP250;food waste;sorb+;2.5;3;Bacteria;Proteobacteria;Alphaproteobacteria;Rhizobiales;Rhizobiales Incertae Sedis;Nordella
FP250.3;ASV328;0;FP250;food waste;sorb+;2.5;3;Bacteria;Chloroflexi;Anaerolineae;Anaerolineales;Anaerolineaceae;
FP250.3;ASV329;0;FP250;food waste;sorb+;2.5;3;Bacteria;Proteobacteria;Gammaproteobacteria;Burkholderiales;Oxalobacteraceae;
FP250.3;ASV331;0;FP250;food waste;sorb+;2.5;3;Bacteria;Proteobacteria;Gammaproteobacteria;Steroidobacterales;Woeseiaceae;Woeseia
FP250.3;ASV333;0;FP250;food waste;sorb+;2.5;3;Bacteria;Proteobacteria;Gammaproteobacteria;Xanthomonadales;Xanthomonadaceae;
FP250.3;ASV334;0;FP250;food waste;sorb+;2.5;3;Bacteria;Firmicutes;Clostridia;Lachnospirales;Lachnospiraceae;
FP250.3;ASV336;0;FP250;food waste;sorb+;2.5;3;Bacteria;Bacteroidota;Bacteroidia;Flavobacteriales;Weeksellaceae;Empedobacter
FP250.3;ASV337;0;FP250;food waste;sorb+;2.5;3;Bacteria;Proteobacteria;Alphaproteobacteria;Rhizobiales;Beijerinckiaceae;Microvirga
FP250.3;ASV338;0;FP250;food waste;sorb+;2.5;3;Bacteria;Planctomycetota;Brocadiae;Brocadiales;Brocadiaceae;Candidatus Brocadia
FP250.3;ASV339;0;FP250;food waste;sorb+;2.5;3;Bacteria;Proteobacteria;Alphaproteobacteria;Rhizobiales;Beijerinckiaceae;Methylobacterium-Methylorubrum
FP250.3;ASV340;0;FP250;food waste;sorb+;2.5;3;Bacteria;Proteobacteria;Gammaproteobacteria;Pseudomonadales;Moraxellaceae;Acinetobacter
FP250.3;ASV342;0;FP250;food waste;sorb+;2.5;3;Bacteria;Planctomycetota;Brocadiae;Brocadiales;Brocadiaceae;Candidatus Brocadia
FP250.3;ASV344;0;FP250;food waste;sorb+;2.5;3;Bacteria;Actinobacteriota;Actinobacteria;Frankiales;Nakamurellaceae;Nakamurella
FP250.3;ASV345;0;FP250;food waste;sorb+;2.5;3;Bacteria;Hydrogenedentes;Hydrogenedentia;Hydrogenedentiales;Hydrogenedensaceae;
FP250.3;ASV346;0;FP250;food waste;sorb+;2.5;3;Bacteria;Gemmatimonadota;Gemmatimonadetes;Gemmatimonadales;Gemmatimonadaceae;
FP250.3;ASV352;1;FP250;food waste;sorb+;2.5;3;Bacteria;Proteobacteria;Gammaproteobacteria;Pseudomonadales;Marinobacteraceae;Marinobacter
FP250.3;ASV353;2;FP250;food waste;sorb+;2.5;3;Bacteria;Acidobacteriota;Vicinamibacteria;Vicinamibacterales;Vicinamibacteraceae;
FP250.3;ASV354;1;FP250;food waste;sorb+;2.5;3;Bacteria;Proteobacteria;Gammaproteobacteria;Pseudomonadales;Alcanivoracaceae1;Alcanivorax
FP250.3;ASV355;0;FP250;food waste;sorb+;2.5;3;Bacteria;Actinobacteriota;Acidimicrobiia;Microtrichales;Iamiaceae;Iamia
FP250.3;ASV360;0;FP250;food waste;sorb+;2.5;3;Bacteria;Actinobacteriota;Actinobacteria;Corynebacteriales;Corynebacteriaceae;
FP250.3;ASV361;0;FP250;food waste;sorb+;2.5;3;Bacteria;Proteobacteria;Gammaproteobacteria;Burkholderiales;Alcaligenaceae;Paenalcaligenes
FP500.1;ASV1;10404;FP500;food waste;sorb+;5;1;Bacteria;Proteobacteria;Gammaproteobacteria;Enterobacterales;Morganellaceae;Providencia
FP500.1;ASV2;11715;FP500;food waste;sorb+;5;1;Bacteria;Proteobacteria;Gammaproteobacteria;Enterobacterales;Enterobacteriaceae;Klebsiella
FP500.1;ASV3;1992;FP500;food waste;sorb+;5;1;Bacteria;Proteobacteria;Gammaproteobacteria;Enterobacterales;Enterobacteriaceae;Enterobacter*
FP500.1;ASV4;2370;FP500;food waste;sorb+;5;1;Bacteria;Firmicutes;Bacilli;Lactobacillales;Enterococcaceae;Enterococcus
FP500.1;ASV5;5743;FP500;food waste;sorb+;5;1;Bacteria;Firmicutes;Bacilli;Lactobacillales;Lactobacillaceae;Lactiplantibacillus
FP500.1;ASV6;5970;FP500;food waste;sorb+;5;1;Bacteria;Firmicutes;Bacilli;Lactobacillales;Lactobacillaceae;Lactobacillus
FP500.1;ASV7;0;FP500;food waste;sorb+;5;1;Bacteria;Firmicutes;Bacilli;Lactobacillales;Lactobacillaceae;Weissella
FP500.1;ASV8;325;FP500;food waste;sorb+;5;1;Bacteria;Firmicutes;Bacilli;Lactobacillales;Enterococcaceae;Enterococcus
FP500.1;ASV9;1513;FP500;food waste;sorb+;5;1;Bacteria;Firmicutes;Bacilli;Lactobacillales;Lactobacillaceae;Levilactobacillus
FP500.1;ASV10;20;FP500;food waste;sorb+;5;1;Bacteria;Firmicutes;Bacilli;Lactobacillales;Streptococcaceae;Lactococcus
FP500.1;ASV11;11;FP500;food waste;sorb+;5;1;Bacteria;Firmicutes;Bacilli;Lactobacillales;Lactobacillaceae;Lactobacillus
FP500.1;ASV12;10;FP500;food waste;sorb+;5;1;Bacteria;Firmicutes;Bacilli;Lactobacillales;Lactobacillaceae;Leuconostoc
FP500.1;ASV13;527;FP500;food waste;sorb+;5;1;Bacteria;Firmicutes;Bacilli;Staphylococcales;Staphylococcaceae;Mammaliicoccus*
FP500.1;ASV14;2585;FP500;food waste;sorb+;5;1;Bacteria;Firmicutes;Bacilli;Lactobacillales;Enterococcaceae;Enterococcus
FP500.1;ASV15;1568;FP500;food waste;sorb+;5;1;Bacteria;Firmicutes;Bacilli;Lactobacillales;Lactobacillaceae;Lacticaseibacillus
FP500.1;ASV16;0;FP500;food waste;sorb+;5;1;Bacteria;Firmicutes;Bacilli;Lactobacillales;Carnobacteriaceae;Atopostipes
FP500.1;ASV17;0;FP500;food waste;sorb+;5;1;Bacteria;Firmicutes;Bacilli;Lactobacillales;Lactobacillaceae;Lactiplantibacillus
FP500.1;ASV18;0;FP500;food waste;sorb+;5;1;Bacteria;Actinobacteriota;Actinobacteria;Actinomycetales;Actinomycetaceae;Actinomyces
FP500.1;ASV19;0;FP500;food waste;sorb+;5;1;Bacteria;Proteobacteria;Gammaproteobacteria;Enterobacterales;Morganellaceae;Proteus
FP500.1;ASV20;0;FP500;food waste;sorb+;5;1;Bacteria;Actinobacteriota;Actinobacteria;Corynebacteriales;Corynebacteriaceae;Corynebacterium
FP500.1;ASV21;38;FP500;food waste;sorb+;5;1;Bacteria;Firmicutes;Bacilli;Bacillales;Bacillaceae;Bacillus
FP500.1;ASV22;401;FP500;food waste;sorb+;5;1;Bacteria;Firmicutes;Bacilli;Lactobacillales;Lactobacillaceae;Lacticaseibacillus
FP500.1;ASV23;273;FP500;food waste;sorb+;5;1;Bacteria;Firmicutes;Bacilli;Lactobacillales;Lactobacillaceae;Limosilactobacillus
FP500.1;ASV24;0;FP500;food waste;sorb+;5;1;Bacteria;Proteobacteria;Gammaproteobacteria;Enterobacterales;Enterobacteriaceae;Escherichia-Shigella
FP500.1;ASV25;0;FP500;food waste;sorb+;5;1;Bacteria;Firmicutes;Bacilli;Lactobacillales;Enterococcaceae;Enterococcus
FP500.1;ASV26;0;FP500;food waste;sorb+;5;1;Bacteria;Firmicutes;Bacilli;Lactobacillales;Lactobacillaceae;Leuconostoc
FP500.1;ASV27;0;FP500;food waste;sorb+;5;1;Bacteria;Firmicutes;Bacilli;Paenibacillales;Paenibacillaceae;Paenibacillus
FP500.1;ASV28;258;FP500;food waste;sorb+;5;1;Bacteria;Firmicutes;Bacilli;Lactobacillales;Lactobacillaceae;Lacticaseibacillus
FP500.1;ASV29;0;FP500;food waste;sorb+;5;1;Bacteria;Firmicutes;Bacilli;Bacillales;Bacillaceae;Pseudogracilibacillus
FP500.1;ASV32;0;FP500;food waste;sorb+;5;1;Bacteria;Firmicutes;Bacilli;Lactobacillales;Lactobacillaceae;Lactobacillus
FP500.1;ASV33;0;FP500;food waste;sorb+;5;1;Bacteria;Firmicutes;Bacilli;Lactobacillales;Streptococcaceae;Streptococcus
FP500.1;ASV34;737;FP500;food waste;sorb+;5;1;Bacteria;Proteobacteria;Gammaproteobacteria;Enterobacterales;Enterobacteriaceae;Klebsiella
FP500.1;ASV35;168;FP500;food waste;sorb+;5;1;Bacteria;Firmicutes;Bacilli;Lactobacillales;Lactobacillaceae;Weissella
FP500.1;ASV36;0;FP500;food waste;sorb+;5;1;Bacteria;Proteobacteria;Gammaproteobacteria;Enterobacterales;Morganellaceae;Providencia
FP500.1;ASV37;246;FP500;food waste;sorb+;5;1;Bacteria;Firmicutes;Bacilli;Lactobacillales;Lactobacillaceae;Pediococcus
FP500.1;ASV38;0;FP500;food waste;sorb+;5;1;Bacteria;Proteobacteria;Gammaproteobacteria;Enterobacterales;Enterobacteriaceae;Klebsiella
FP500.1;ASV39;0;FP500;food waste;sorb+;5;1;Bacteria;Firmicutes;Bacilli;Lactobacillales;Lactobacillaceae;Lactiplantibacillus
FP500.1;ASV40;3;FP500;food waste;sorb+;5;1;Bacteria;Actinobacteriota;Actinobacteria;Corynebacteriales;Corynebacteriaceae;Corynebacterium
FP500.1;ASV41;0;FP500;food waste;sorb+;5;1;Bacteria;Firmicutes;Clostridia;Clostridiales;Clostridiaceae;Clostridium sensu stricto 18
FP500.1;ASV42;0;FP500;food waste;sorb+;5;1;Bacteria;Firmicutes;Bacilli;Lactobacillales;Streptococcaceae;Streptococcus
FP500.1;ASV43;0;FP500;food waste;sorb+;5;1;Bacteria;Proteobacteria;Gammaproteobacteria;Enterobacterales;Enterobacteriaceae;Enterobacter*
FP500.1;ASV44;0;FP500;food waste;sorb+;5;1;Bacteria;Firmicutes;Bacilli;Lactobacillales;Enterococcaceae;Enterococcus*
FP500.1;ASV47;68;FP500;food waste;sorb+;5;1;Bacteria;Firmicutes;Bacilli;Lactobacillales;Lactobacillaceae;Lacticaseibacillus
FP500.1;ASV49;0;FP500;food waste;sorb+;5;1;Bacteria;Firmicutes;Bacilli;Bacillales;Bacillaceae;Pseudogracilibacillus
FP500.1;ASV50;0;FP500;food waste;sorb+;5;1;Bacteria;Proteobacteria;Gammaproteobacteria;Pseudomonadales;Pseudomonadaceae;Pseudomonas
FP500.1;ASV51;0;FP500;food waste;sorb+;5;1;Bacteria;Firmicutes;Bacilli;Lactobacillales;Lactobacillaceae;Leuconostoc
FP500.1;ASV52;0;FP500;food waste;sorb+;5;1;Bacteria;Firmicutes;Bacilli;Paenibacillales;Paenibacillaceae;Paenibacillus
FP500.1;ASV53;0;FP500;food waste;sorb+;5;1;Bacteria;Actinobacteriota;Actinobacteria;Corynebacteriales;Corynebacteriaceae;Corynebacterium
FP500.1;ASV54;0;FP500;food waste;sorb+;5;1;Bacteria;Firmicutes;Bacilli;Bacillales;Planococcaceae;Bacillus*
FP500.1;ASV55;0;FP500;food waste;sorb+;5;1;Bacteria;Firmicutes;Bacilli;Bacillales;Bacillaceae;Bacillus
FP500.1;ASV56;0;FP500;food waste;sorb+;5;1;Bacteria;Actinobacteriota;Actinobacteria;Corynebacteriales;Corynebacteriaceae;Corynebacterium
FP500.1;ASV57;0;FP500;food waste;sorb+;5;1;Bacteria;Proteobacteria;Gammaproteobacteria;Enterobacterales;Morganellaceae;Providencia
FP500.1;ASV58;0;FP500;food waste;sorb+;5;1;Bacteria;Actinobacteriota;Actinobacteria;Micrococcales;Brevibacteriaceae;Brevibacterium
FP500.1;ASV59;0;FP500;food waste;sorb+;5;1;Bacteria;Firmicutes;Bacilli;Bacillales;Planococcaceae;Solibacillus
FP500.1;ASV61;0;FP500;food waste;sorb+;5;1;Bacteria;Actinobacteriota;Actinobacteria;Corynebacteriales;Corynebacteriaceae;Corynebacterium
FP500.1;ASV66;0;FP500;food waste;sorb+;5;1;Bacteria;Firmicutes;Bacilli;Staphylococcales;Staphylococcaceae;Staphylococcus
FP500.1;ASV67;0;FP500;food waste;sorb+;5;1;Bacteria;Actinobacteriota;Actinobacteria;Micrococcales;Brevibacteriaceae;Brevibacterium
FP500.1;ASV68;0;FP500;food waste;sorb+;5;1;Bacteria;Actinobacteriota;Actinobacteria;Micrococcales;Promicromonosporaceae;Cellulosimicrobium
FP500.1;ASV69;0;FP500;food waste;sorb+;5;1;Bacteria;Firmicutes;Bacilli;Bacillales;Planococcaceae;Uncult. bacterium*
FP500.1;ASV70;0;FP500;food waste;sorb+;5;1;Bacteria;Proteobacteria;Gammaproteobacteria;Xanthomonadales;Xanthomonadaceae;SN8
FP500.1;ASV72;0;FP500;food waste;sorb+;5;1;Bacteria;Proteobacteria;Gammaproteobacteria;Pseudomonadales;Pseudomonadaceae;Pseudomonas
FP500.1;ASV73;0;FP500;food waste;sorb+;5;1;Bacteria;Proteobacteria;Gammaproteobacteria;Burkholderiales;Burkholderiaceae;Ralstonia
FP500.1;ASV75;0;FP500;food waste;sorb+;5;1;Bacteria;Firmicutes;Bacilli;Staphylococcales;Staphylococcaceae;
FP500.1;ASV77;0;FP500;food waste;sorb+;5;1;Bacteria;Firmicutes;Bacilli;Bacillales;Planococcaceae;Solibacillus
FP500.1;ASV78;0;FP500;food waste;sorb+;5;1;Bacteria;Firmicutes;Bacilli;Lactobacillales;Lactobacillaceae;Secundilactobacillus
FP500.1;ASV79;0;FP500;food waste;sorb+;5;1;Bacteria;Proteobacteria;Gammaproteobacteria;Enterobacterales;Enterobacteriaceae;
FP500.1;ASV80;0;FP500;food waste;sorb+;5;1;Bacteria;Firmicutes;Bacilli;Lactobacillales;Lactobacillaceae;Leuconostoc
FP500.1;ASV81;0;FP500;food waste;sorb+;5;1;Bacteria;Firmicutes;Bacilli;Lactobacillales;Lactobacillaceae;Lactobacillus
FP500.1;ASV83;0;FP500;food waste;sorb+;5;1;Bacteria;Proteobacteria;Gammaproteobacteria;Burkholderiales;Comamonadaceae;Delftia
FP500.1;ASV84;0;FP500;food waste;sorb+;5;1;Bacteria;Firmicutes;Bacilli;Lactobacillales;Lactobacillaceae;Loigolactobacillus
FP500.1;ASV87;0;FP500;food waste;sorb+;5;1;Bacteria;Firmicutes;Bacilli;Lactobacillales;Streptococcaceae;Streptococcus
FP500.1;ASV90;0;FP500;food waste;sorb+;5;1;Bacteria;Proteobacteria;Gammaproteobacteria;Xanthomonadales;Xanthomonadaceae;Stenotrophomonas
FP500.1;ASV91;0;FP500;food waste;sorb+;5;1;Bacteria;Firmicutes;Bacilli;Staphylococcales;Staphylococcaceae;Staphylococcus
FP500.1;ASV92;0;FP500;food waste;sorb+;5;1;Bacteria;Proteobacteria;Gammaproteobacteria;Enterobacterales;Yersiniaceae;Yersinia
FP500.1;ASV93;0;FP500;food waste;sorb+;5;1;Bacteria;Firmicutes;Bacilli;Bacillales;Bacillaceae;Oceanobacillus
FP500.1;ASV94;0;FP500;food waste;sorb+;5;1;Bacteria;Firmicutes;Bacilli;Lactobacillales;Lactobacillaceae;Levilactobacillus
FP500.1;ASV95;0;FP500;food waste;sorb+;5;1;Bacteria;Proteobacteria;Gammaproteobacteria;Pseudomonadales;Moraxellaceae;Psychrobacter
FP500.1;ASV96;0;FP500;food waste;sorb+;5;1;Bacteria;Firmicutes;Bacilli;Lactobacillales;Lactobacillaceae;Lactobacillus
FP500.1;ASV97;0;FP500;food waste;sorb+;5;1;Bacteria;Firmicutes;Bacilli;Lactobacillales;Lactobacillaceae;Lentilactobacillus
FP500.1;ASV99;0;FP500;food waste;sorb+;5;1;Bacteria;Proteobacteria;Alphaproteobacteria;Sphingomonadales;Sphingomonadaceae;Sphingomonas
FP500.1;ASV100;0;FP500;food waste;sorb+;5;1;Bacteria;Firmicutes;Bacilli;Lactobacillales;Lactobacillaceae;Lapidilactobacillus
FP500.1;ASV101;0;FP500;food waste;sorb+;5;1;Bacteria;Bacteroidota;Bacteroidia;Bacteroidales;Tannerellaceae;Parabacteroides
FP500.1;ASV104;0;FP500;food waste;sorb+;5;1;Bacteria;Firmicutes;Bacilli;Lactobacillales;Lactobacillaceae;Lactobacillus
FP500.1;ASV105;0;FP500;food waste;sorb+;5;1;Bacteria;Actinobacteriota;Actinobacteria;Micrococcales;Promicromonosporaceae;Cellulosimicrobium
FP500.1;ASV107;0;FP500;food waste;sorb+;5;1;Bacteria;Bacteroidota;Bacteroidia;Bacteroidales;Bacteroidaceae;Bacteroides
FP500.1;ASV110;0;FP500;food waste;sorb+;5;1;Bacteria;Proteobacteria;Gammaproteobacteria;Enterobacterales;Enterobacteriaceae;
FP500.1;ASV111;0;FP500;food waste;sorb+;5;1;Bacteria;Bacteroidota;Bacteroidia;Bacteroidales;Bacteroidaceae;Bacteroides
FP500.1;ASV113;0;FP500;food waste;sorb+;5;1;Bacteria;Firmicutes;Bacilli;Staphylococcales;Staphylococcaceae;Jeotgalicoccus
FP500.1;ASV114;0;FP500;food waste;sorb+;5;1;Bacteria;Firmicutes;Bacilli;Lactobacillales;Lactobacillaceae;Weissella
FP500.1;ASV115;0;FP500;food waste;sorb+;5;1;Bacteria;Proteobacteria;Gammaproteobacteria;Pseudomonadales;Alcanivoracaceae1;Alcanivorax
FP500.1;ASV116;0;FP500;food waste;sorb+;5;1;Bacteria;Firmicutes;Bacilli;Lactobacillales;Listeriaceae;Brochothrix
FP500.1;ASV117;0;FP500;food waste;sorb+;5;1;Bacteria;Actinobacteriota;Actinobacteria;Corynebacteriales;Corynebacteriaceae;Corynebacterium
FP500.1;ASV119;0;FP500;food waste;sorb+;5;1;Bacteria;Proteobacteria;Gammaproteobacteria;Pseudomonadales;Moraxellaceae;Psychrobacter
FP500.1;ASV120;0;FP500;food waste;sorb+;5;1;Bacteria;Proteobacteria;Gammaproteobacteria;Burkholderiales;Sutterellaceae;Parasutterella
FP500.1;ASV121;0;FP500;food waste;sorb+;5;1;Bacteria;Bacteroidota;Bacteroidia;Bacteroidales;Tannerellaceae;Parabacteroides
FP500.1;ASV122;0;FP500;food waste;sorb+;5;1;Bacteria;Proteobacteria;Gammaproteobacteria;Enterobacterales;Vibrionaceae;Photobacterium
FP500.1;ASV123;14;FP500;food waste;sorb+;5;1;Bacteria;Proteobacteria;Gammaproteobacteria;Pseudomonadales;Moraxellaceae;Acinetobacter
FP500.1;ASV126;0;FP500;food waste;sorb+;5;1;Bacteria;Proteobacteria;Gammaproteobacteria;Enterobacterales;Erwiniaceae;
FP500.1;ASV127;0;FP500;food waste;sorb+;5;1;Bacteria;Proteobacteria;Gammaproteobacteria;Pseudomonadales;Moraxellaceae;Acinetobacter
FP500.1;ASV129;0;FP500;food waste;sorb+;5;1;Bacteria;Proteobacteria;Alphaproteobacteria;Rhizobiales;Beijerinckiaceae;Methylobacterium-Methylorubrum
FP500.1;ASV130;0;FP500;food waste;sorb+;5;1;Bacteria;Proteobacteria;Alphaproteobacteria;Sphingomonadales;Sphingomonadaceae;Sphingomonas
FP500.1;ASV131;0;FP500;food waste;sorb+;5;1;Bacteria;Bacteroidota;Bacteroidia;Bacteroidales;Porphyromonadaceae;Porphyromonas
FP500.1;ASV133;0;FP500;food waste;sorb+;5;1;Bacteria;Proteobacteria;Gammaproteobacteria;Enterobacterales;Aeromonadaceae;Aeromonas
FP500.1;ASV135;0;FP500;food waste;sorb+;5;1;Bacteria;Proteobacteria;Gammaproteobacteria;Pseudomonadales;Moraxellaceae;Acinetobacter
FP500.1;ASV136;0;FP500;food waste;sorb+;5;1;Bacteria;Firmicutes;Clostridia;Oscillospirales;Ruminococcaceae;Faecalibacterium
FP500.1;ASV138;0;FP500;food waste;sorb+;5;1;Bacteria;Firmicutes;Bacilli;Bacillales;Bacillaceae;Amphibacillus
FP500.1;ASV139;0;FP500;food waste;sorb+;5;1;Bacteria;Actinobacteriota;Actinobacteria;Corynebacteriales;Corynebacteriaceae;Corynebacterium
FP500.1;ASV140;0;FP500;food waste;sorb+;5;1;Bacteria;Proteobacteria;Gammaproteobacteria;Pseudomonadales;Pseudomonadaceae;Pseudomonas
FP500.1;ASV141;0;FP500;food waste;sorb+;5;1;Bacteria;Firmicutes;Bacilli;Lactobacillales;Enterococcaceae;Tetragenococcus
FP500.1;ASV143;0;FP500;food waste;sorb+;5;1;Bacteria;Firmicutes;Bacilli;Bacillales;Bacillaceae;Bacillus
FP500.1;ASV144;0;FP500;food waste;sorb+;5;1;Bacteria;Proteobacteria;Gammaproteobacteria;Burkholderiales;Sutterellaceae;Parasutterella
FP500.1;ASV149;0;FP500;food waste;sorb+;5;1;Bacteria;Firmicutes;Bacilli;Lactobacillales;Lactobacillaceae;Lactobacillus
FP500.1;ASV150;0;FP500;food waste;sorb+;5;1;Bacteria;Proteobacteria;Gammaproteobacteria;Pseudomonadales;Moraxellaceae;Acinetobacter
FP500.1;ASV152;0;FP500;food waste;sorb+;5;1;Bacteria;Firmicutes;Clostridia;Oscillospirales;Ruminococcaceae;Subdoligranulum
FP500.1;ASV156;0;FP500;food waste;sorb+;5;1;Bacteria;Firmicutes;Bacilli;Lactobacillales;Lactobacillaceae;Lactobacillus
FP500.1;ASV157;0;FP500;food waste;sorb+;5;1;Bacteria;Proteobacteria;Gammaproteobacteria;Enterobacterales;Yersiniaceae;
FP500.1;ASV158;0;FP500;food waste;sorb+;5;1;Bacteria;Firmicutes;Bacilli;Lactobacillales;Lactobacillaceae;Leuconostoc
FP500.1;ASV160;0;FP500;food waste;sorb+;5;1;Bacteria;Proteobacteria;Gammaproteobacteria;Burkholderiales;Burkholderiaceae;Ralstonia
FP500.1;ASV161;0;FP500;food waste;sorb+;5;1;Bacteria;Proteobacteria;Gammaproteobacteria;Pseudomonadales;Moraxellaceae;Enhydrobacter
FP500.1;ASV162;0;FP500;food waste;sorb+;5;1;Bacteria;Proteobacteria;Gammaproteobacteria;Pseudomonadales;Moraxellaceae;Acinetobacter
FP500.1;ASV163;0;FP500;food waste;sorb+;5;1;Bacteria;Proteobacteria;Gammaproteobacteria;Enterobacterales;Aeromonadaceae;Aeromonas
FP500.1;ASV166;0;FP500;food waste;sorb+;5;1;Bacteria;Firmicutes;Bacilli;Lactobacillales;Lactobacillaceae;Schleiferilactobacillus
FP500.1;ASV168;0;FP500;food waste;sorb+;5;1;Bacteria;Firmicutes;Clostridia;Oscillospirales;Oscillospiraceae;Flavonifractor
FP500.1;ASV169;0;FP500;food waste;sorb+;5;1;Bacteria;Firmicutes;Clostridia;Oscillospirales;Ruminococcaceae;Faecalibacterium
FP500.1;ASV170;0;FP500;food waste;sorb+;5;1;Bacteria;Firmicutes;Bacilli;Lactobacillales;Streptococcaceae;Lactococcus
FP500.1;ASV177;0;FP500;food waste;sorb+;5;1;Bacteria;Firmicutes;Bacilli;Lactobacillales;Streptococcaceae;Lactococcus
FP500.1;ASV178;0;FP500;food waste;sorb+;5;1;Bacteria;Proteobacteria;Gammaproteobacteria;Burkholderiales;Burkholderiaceae;Burkholderia-Caballeronia-Paraburkholderia
FP500.1;ASV179;0;FP500;food waste;sorb+;5;1;Bacteria;Proteobacteria;Gammaproteobacteria;Burkholderiales;Comamonadaceae;Aquabacterium
FP500.1;ASV186;0;FP500;food waste;sorb+;5;1;Bacteria;Firmicutes;Bacilli;Paenibacillales;Paenibacillaceae;Paenibacillus
FP500.1;ASV187;0;FP500;food waste;sorb+;5;1;Bacteria;Proteobacteria;Gammaproteobacteria;Burkholderiales;Burkholderiaceae;Burkholderia-Caballeronia-Paraburkholderia
FP500.1;ASV188;0;FP500;food waste;sorb+;5;1;Bacteria;Firmicutes;Bacilli;Lactobacillales;Lactobacillaceae;Lactobacillus
FP500.1;ASV189;0;FP500;food waste;sorb+;5;1;Bacteria;Bacteroidota;Bacteroidia;Bacteroidales;Bacteroidaceae;Bacteroides
FP500.1;ASV190;0;FP500;food waste;sorb+;5;1;Bacteria;Firmicutes;Clostridia;Lachnospirales;Lachnospiraceae;Lachnospira
FP500.1;ASV199;0;FP500;food waste;sorb+;5;1;Bacteria;Firmicutes;Bacilli;Lactobacillales;Lactobacillaceae;HT002
FP500.1;ASV200;0;FP500;food waste;sorb+;5;1;Bacteria;Proteobacteria;Gammaproteobacteria;Enterobacterales;Pseudoalteromonadaceae;Pseudoalteromonas
FP500.1;ASV201;0;FP500;food waste;sorb+;5;1;Bacteria;Firmicutes;Clostridia;Lachnospirales;Lachnospiraceae;[Eubacterium] eligens group
FP500.1;ASV202;0;FP500;food waste;sorb+;5;1;Bacteria;Proteobacteria;Gammaproteobacteria;Burkholderiales;Sutterellaceae;Parasutterella
FP500.1;ASV203;0;FP500;food waste;sorb+;5;1;Bacteria;Firmicutes;Clostridia;Lachnospirales;Lachnospiraceae;[Eubacterium] eligens group
FP500.1;ASV204;0;FP500;food waste;sorb+;5;1;Bacteria;Proteobacteria;Gammaproteobacteria;Xanthomonadales;Xanthomonadaceae;
FP500.1;ASV219;0;FP500;food waste;sorb+;5;1;Bacteria;Proteobacteria;Gammaproteobacteria;Burkholderiales;Alcaligenaceae;Achromobacter
FP500.1;ASV221;0;FP500;food waste;sorb+;5;1;Bacteria;Firmicutes;Bacilli;Lactobacillales;Lactobacillaceae;Lacticaseibacillus
FP500.1;ASV222;0;FP500;food waste;sorb+;5;1;Bacteria;Proteobacteria;Gammaproteobacteria;Xanthomonadales;Xanthomonadaceae;Arenimonas
FP500.1;ASV223;0;FP500;food waste;sorb+;5;1;Bacteria;Proteobacteria;Gammaproteobacteria;Pseudomonadales;Pseudomonadaceae;Pseudomonas
FP500.1;ASV225;0;FP500;food waste;sorb+;5;1;Bacteria;Firmicutes;Bacilli;Lactobacillales;Lactobacillaceae;Weissella
FP500.1;ASV227;0;FP500;food waste;sorb+;5;1;Bacteria;Firmicutes;Bacilli;Lactobacillales;Streptococcaceae;
FP500.1;ASV228;0;FP500;food waste;sorb+;5;1;Bacteria;Firmicutes;Bacilli;Alicyclobacillales;Alicyclobacillaceae;Alicyclobacillus
FP500.1;ASV230;0;FP500;food waste;sorb+;5;1;Bacteria;Firmicutes;Clostridia;Peptostreptococcales-Tissierellales;Family XI;Anaerococcus
FP500.1;ASV232;0;FP500;food waste;sorb+;5;1;Bacteria;Firmicutes;Clostridia;Peptostreptococcales-Tissierellales;Clostridiisalibacter;
FP500.1;ASV257;0;FP500;food waste;sorb+;5;1;Bacteria;Actinobacteriota;Actinobacteria;Micrococcales;Micrococcaceae;Pseudarthrobacter
FP500.1;ASV258;0;FP500;food waste;sorb+;5;1;Bacteria;Firmicutes;Bacilli;Bacillales;Bacillaceae;Oceanobacillus
FP500.1;ASV259;0;FP500;food waste;sorb+;5;1;Bacteria;Verrucomicrobiota;Verrucomicrobiae;Pedosphaerales;Pedosphaeraceae;ADurb.Bin063-1
FP500.1;ASV261;0;FP500;food waste;sorb+;5;1;Bacteria;Proteobacteria;Gammaproteobacteria;Pseudomonadales;Moraxellaceae;Enhydrobacter
FP500.1;ASV263;0;FP500;food waste;sorb+;5;1;Bacteria;Firmicutes;Clostridia;Clostridiales;Clostridiaceae;Clostridium sensu stricto 18
FP500.1;ASV265;0;FP500;food waste;sorb+;5;1;Bacteria;Proteobacteria;Gammaproteobacteria;Enterobacterales;Pasteurellaceae;Haemophilus
FP500.1;ASV266;0;FP500;food waste;sorb+;5;1;Bacteria;Proteobacteria;Gammaproteobacteria;Burkholderiales;Comamonadaceae;
FP500.1;ASV267;0;FP500;food waste;sorb+;5;1;Bacteria;Actinobacteriota;Actinobacteria;Frankiales;Nakamurellaceae;Nakamurella
FP500.1;ASV269;0;FP500;food waste;sorb+;5;1;Bacteria;Proteobacteria;Gammaproteobacteria;Burkholderiales;Comamonadaceae;
FP500.1;ASV270;0;FP500;food waste;sorb+;5;1;Bacteria;Actinobacteriota;Actinobacteria;Streptomycetales;Streptomycetaceae;Streptomyces
FP500.1;ASV271;0;FP500;food waste;sorb+;5;1;Bacteria;Firmicutes;Bacilli;Acholeplasmatales;Acholeplasmataceae;Candidatus Phytoplasma
FP500.1;ASV272;0;FP500;food waste;sorb+;5;1;Bacteria;Bacteroidota;Bacteroidia;Bacteroidales;Tannerellaceae;Parabacteroides
FP500.1;ASV275;0;FP500;food waste;sorb+;5;1;Bacteria;Firmicutes;Negativicutes;Veillonellales-Selenomonadales;Veillonellaceae;Dialister
FP500.1;ASV277;1;FP500;food waste;sorb+;5;1;Bacteria;Firmicutes;Bacilli;Lactobacillales;Carnobacteriaceae;
FP500.1;ASV280;0;FP500;food waste;sorb+;5;1;Bacteria;Actinobacteriota;Actinobacteria;Streptomycetales;Streptomycetaceae;Streptomyces
FP500.1;ASV314;0;FP500;food waste;sorb+;5;1;Bacteria;Proteobacteria;Gammaproteobacteria;Xanthomonadales;Xanthomonadaceae;Arenimonas
FP500.1;ASV318;0;FP500;food waste;sorb+;5;1;Bacteria;Chloroflexi;Chloroflexia;Thermomicrobiales;JG30-KF-CM45;
FP500.1;ASV319;0;FP500;food waste;sorb+;5;1;Bacteria;Proteobacteria;Gammaproteobacteria;Xanthomonadales;Xanthomonadaceae;Arenimonas
FP500.1;ASV323;0;FP500;food waste;sorb+;5;1;Bacteria;Gemmatimonadota;Gemmatimonadetes;Gemmatimonadales;Gemmatimonadaceae;
FP500.1;ASV326;0;FP500;food waste;sorb+;5;1;Bacteria;Proteobacteria;Alphaproteobacteria;Rhizobiales;Rhizobiales Incertae Sedis;Nordella
FP500.1;ASV328;0;FP500;food waste;sorb+;5;1;Bacteria;Chloroflexi;Anaerolineae;Anaerolineales;Anaerolineaceae;
FP500.1;ASV329;0;FP500;food waste;sorb+;5;1;Bacteria;Proteobacteria;Gammaproteobacteria;Burkholderiales;Oxalobacteraceae;
FP500.1;ASV331;0;FP500;food waste;sorb+;5;1;Bacteria;Proteobacteria;Gammaproteobacteria;Steroidobacterales;Woeseiaceae;Woeseia
FP500.1;ASV333;0;FP500;food waste;sorb+;5;1;Bacteria;Proteobacteria;Gammaproteobacteria;Xanthomonadales;Xanthomonadaceae;
FP500.1;ASV334;0;FP500;food waste;sorb+;5;1;Bacteria;Firmicutes;Clostridia;Lachnospirales;Lachnospiraceae;
FP500.1;ASV336;0;FP500;food waste;sorb+;5;1;Bacteria;Bacteroidota;Bacteroidia;Flavobacteriales;Weeksellaceae;Empedobacter
FP500.1;ASV337;0;FP500;food waste;sorb+;5;1;Bacteria;Proteobacteria;Alphaproteobacteria;Rhizobiales;Beijerinckiaceae;Microvirga
FP500.1;ASV338;0;FP500;food waste;sorb+;5;1;Bacteria;Planctomycetota;Brocadiae;Brocadiales;Brocadiaceae;Candidatus Brocadia
FP500.1;ASV339;0;FP500;food waste;sorb+;5;1;Bacteria;Proteobacteria;Alphaproteobacteria;Rhizobiales;Beijerinckiaceae;Methylobacterium-Methylorubrum
FP500.1;ASV340;0;FP500;food waste;sorb+;5;1;Bacteria;Proteobacteria;Gammaproteobacteria;Pseudomonadales;Moraxellaceae;Acinetobacter
FP500.1;ASV342;0;FP500;food waste;sorb+;5;1;Bacteria;Planctomycetota;Brocadiae;Brocadiales;Brocadiaceae;Candidatus Brocadia
FP500.1;ASV344;0;FP500;food waste;sorb+;5;1;Bacteria;Actinobacteriota;Actinobacteria;Frankiales;Nakamurellaceae;Nakamurella
FP500.1;ASV345;0;FP500;food waste;sorb+;5;1;Bacteria;Hydrogenedentes;Hydrogenedentia;Hydrogenedentiales;Hydrogenedensaceae;
FP500.1;ASV346;0;FP500;food waste;sorb+;5;1;Bacteria;Gemmatimonadota;Gemmatimonadetes;Gemmatimonadales;Gemmatimonadaceae;
FP500.1;ASV352;0;FP500;food waste;sorb+;5;1;Bacteria;Proteobacteria;Gammaproteobacteria;Pseudomonadales;Marinobacteraceae;Marinobacter
FP500.1;ASV353;0;FP500;food waste;sorb+;5;1;Bacteria;Acidobacteriota;Vicinamibacteria;Vicinamibacterales;Vicinamibacteraceae;
FP500.1;ASV354;0;FP500;food waste;sorb+;5;1;Bacteria;Proteobacteria;Gammaproteobacteria;Pseudomonadales;Alcanivoracaceae1;Alcanivorax
FP500.1;ASV355;1;FP500;food waste;sorb+;5;1;Bacteria;Actinobacteriota;Acidimicrobiia;Microtrichales;Iamiaceae;Iamia
FP500.1;ASV360;0;FP500;food waste;sorb+;5;1;Bacteria;Actinobacteriota;Actinobacteria;Corynebacteriales;Corynebacteriaceae;
FP500.1;ASV361;0;FP500;food waste;sorb+;5;1;Bacteria;Proteobacteria;Gammaproteobacteria;Burkholderiales;Alcaligenaceae;Paenalcaligenes
FP500.2;ASV1;740;FP500;food waste;sorb+;5;2;Bacteria;Proteobacteria;Gammaproteobacteria;Enterobacterales;Morganellaceae;Providencia
FP500.2;ASV2;4928;FP500;food waste;sorb+;5;2;Bacteria;Proteobacteria;Gammaproteobacteria;Enterobacterales;Enterobacteriaceae;Klebsiella
FP500.2;ASV3;3043;FP500;food waste;sorb+;5;2;Bacteria;Proteobacteria;Gammaproteobacteria;Enterobacterales;Enterobacteriaceae;Enterobacter*
FP500.2;ASV4;260;FP500;food waste;sorb+;5;2;Bacteria;Firmicutes;Bacilli;Lactobacillales;Enterococcaceae;Enterococcus
FP500.2;ASV5;81;FP500;food waste;sorb+;5;2;Bacteria;Firmicutes;Bacilli;Lactobacillales;Lactobacillaceae;Lactiplantibacillus
FP500.2;ASV6;36192;FP500;food waste;sorb+;5;2;Bacteria;Firmicutes;Bacilli;Lactobacillales;Lactobacillaceae;Lactobacillus
FP500.2;ASV7;0;FP500;food waste;sorb+;5;2;Bacteria;Firmicutes;Bacilli;Lactobacillales;Lactobacillaceae;Weissella
FP500.2;ASV8;74;FP500;food waste;sorb+;5;2;Bacteria;Firmicutes;Bacilli;Lactobacillales;Enterococcaceae;Enterococcus
FP500.2;ASV9;539;FP500;food waste;sorb+;5;2;Bacteria;Firmicutes;Bacilli;Lactobacillales;Lactobacillaceae;Levilactobacillus
FP500.2;ASV10;0;FP500;food waste;sorb+;5;2;Bacteria;Firmicutes;Bacilli;Lactobacillales;Streptococcaceae;Lactococcus
FP500.2;ASV11;12;FP500;food waste;sorb+;5;2;Bacteria;Firmicutes;Bacilli;Lactobacillales;Lactobacillaceae;Lactobacillus
FP500.2;ASV12;0;FP500;food waste;sorb+;5;2;Bacteria;Firmicutes;Bacilli;Lactobacillales;Lactobacillaceae;Leuconostoc
FP500.2;ASV13;0;FP500;food waste;sorb+;5;2;Bacteria;Firmicutes;Bacilli;Staphylococcales;Staphylococcaceae;Mammaliicoccus*
FP500.2;ASV14;49;FP500;food waste;sorb+;5;2;Bacteria;Firmicutes;Bacilli;Lactobacillales;Enterococcaceae;Enterococcus
FP500.2;ASV15;584;FP500;food waste;sorb+;5;2;Bacteria;Firmicutes;Bacilli;Lactobacillales;Lactobacillaceae;Lacticaseibacillus
FP500.2;ASV16;0;FP500;food waste;sorb+;5;2;Bacteria;Firmicutes;Bacilli;Lactobacillales;Carnobacteriaceae;Atopostipes
FP500.2;ASV17;0;FP500;food waste;sorb+;5;2;Bacteria;Firmicutes;Bacilli;Lactobacillales;Lactobacillaceae;Lactiplantibacillus
FP500.2;ASV18;0;FP500;food waste;sorb+;5;2;Bacteria;Actinobacteriota;Actinobacteria;Actinomycetales;Actinomycetaceae;Actinomyces
FP500.2;ASV19;0;FP500;food waste;sorb+;5;2;Bacteria;Proteobacteria;Gammaproteobacteria;Enterobacterales;Morganellaceae;Proteus
FP500.2;ASV20;0;FP500;food waste;sorb+;5;2;Bacteria;Actinobacteriota;Actinobacteria;Corynebacteriales;Corynebacteriaceae;Corynebacterium
FP500.2;ASV21;22;FP500;food waste;sorb+;5;2;Bacteria;Firmicutes;Bacilli;Bacillales;Bacillaceae;Bacillus
FP500.2;ASV22;224;FP500;food waste;sorb+;5;2;Bacteria;Firmicutes;Bacilli;Lactobacillales;Lactobacillaceae;Lacticaseibacillus
FP500.2;ASV23;46;FP500;food waste;sorb+;5;2;Bacteria;Firmicutes;Bacilli;Lactobacillales;Lactobacillaceae;Limosilactobacillus
FP500.2;ASV24;0;FP500;food waste;sorb+;5;2;Bacteria;Proteobacteria;Gammaproteobacteria;Enterobacterales;Enterobacteriaceae;Escherichia-Shigella
FP500.2;ASV25;0;FP500;food waste;sorb+;5;2;Bacteria;Firmicutes;Bacilli;Lactobacillales;Enterococcaceae;Enterococcus
FP500.2;ASV26;0;FP500;food waste;sorb+;5;2;Bacteria;Firmicutes;Bacilli;Lactobacillales;Lactobacillaceae;Leuconostoc
FP500.2;ASV27;0;FP500;food waste;sorb+;5;2;Bacteria;Firmicutes;Bacilli;Paenibacillales;Paenibacillaceae;Paenibacillus
FP500.2;ASV28;72;FP500;food waste;sorb+;5;2;Bacteria;Firmicutes;Bacilli;Lactobacillales;Lactobacillaceae;Lacticaseibacillus
FP500.2;ASV29;0;FP500;food waste;sorb+;5;2;Bacteria;Firmicutes;Bacilli;Bacillales;Bacillaceae;Pseudogracilibacillus
FP500.2;ASV32;0;FP500;food waste;sorb+;5;2;Bacteria;Firmicutes;Bacilli;Lactobacillales;Lactobacillaceae;Lactobacillus
FP500.2;ASV33;0;FP500;food waste;sorb+;5;2;Bacteria;Firmicutes;Bacilli;Lactobacillales;Streptococcaceae;Streptococcus
FP500.2;ASV34;76;FP500;food waste;sorb+;5;2;Bacteria;Proteobacteria;Gammaproteobacteria;Enterobacterales;Enterobacteriaceae;Klebsiella
FP500.2;ASV35;6;FP500;food waste;sorb+;5;2;Bacteria;Firmicutes;Bacilli;Lactobacillales;Lactobacillaceae;Weissella
FP500.2;ASV36;0;FP500;food waste;sorb+;5;2;Bacteria;Proteobacteria;Gammaproteobacteria;Enterobacterales;Morganellaceae;Providencia
FP500.2;ASV37;0;FP500;food waste;sorb+;5;2;Bacteria;Firmicutes;Bacilli;Lactobacillales;Lactobacillaceae;Pediococcus
FP500.2;ASV38;0;FP500;food waste;sorb+;5;2;Bacteria;Proteobacteria;Gammaproteobacteria;Enterobacterales;Enterobacteriaceae;Klebsiella
FP500.2;ASV39;0;FP500;food waste;sorb+;5;2;Bacteria;Firmicutes;Bacilli;Lactobacillales;Lactobacillaceae;Lactiplantibacillus
FP500.2;ASV40;0;FP500;food waste;sorb+;5;2;Bacteria;Actinobacteriota;Actinobacteria;Corynebacteriales;Corynebacteriaceae;Corynebacterium
FP500.2;ASV41;0;FP500;food waste;sorb+;5;2;Bacteria;Firmicutes;Clostridia;Clostridiales;Clostridiaceae;Clostridium sensu stricto 18
FP500.2;ASV42;0;FP500;food waste;sorb+;5;2;Bacteria;Firmicutes;Bacilli;Lactobacillales;Streptococcaceae;Streptococcus
FP500.2;ASV43;0;FP500;food waste;sorb+;5;2;Bacteria;Proteobacteria;Gammaproteobacteria;Enterobacterales;Enterobacteriaceae;Enterobacter*
FP500.2;ASV44;0;FP500;food waste;sorb+;5;2;Bacteria;Firmicutes;Bacilli;Lactobacillales;Enterococcaceae;Enterococcus*
FP500.2;ASV47;13;FP500;food waste;sorb+;5;2;Bacteria;Firmicutes;Bacilli;Lactobacillales;Lactobacillaceae;Lacticaseibacillus
FP500.2;ASV49;0;FP500;food waste;sorb+;5;2;Bacteria;Firmicutes;Bacilli;Bacillales;Bacillaceae;Pseudogracilibacillus
FP500.2;ASV50;0;FP500;food waste;sorb+;5;2;Bacteria;Proteobacteria;Gammaproteobacteria;Pseudomonadales;Pseudomonadaceae;Pseudomonas
FP500.2;ASV51;0;FP500;food waste;sorb+;5;2;Bacteria;Firmicutes;Bacilli;Lactobacillales;Lactobacillaceae;Leuconostoc
FP500.2;ASV52;0;FP500;food waste;sorb+;5;2;Bacteria;Firmicutes;Bacilli;Paenibacillales;Paenibacillaceae;Paenibacillus
FP500.2;ASV53;0;FP500;food waste;sorb+;5;2;Bacteria;Actinobacteriota;Actinobacteria;Corynebacteriales;Corynebacteriaceae;Corynebacterium
FP500.2;ASV54;0;FP500;food waste;sorb+;5;2;Bacteria;Firmicutes;Bacilli;Bacillales;Planococcaceae;Bacillus*
FP500.2;ASV55;0;FP500;food waste;sorb+;5;2;Bacteria;Firmicutes;Bacilli;Bacillales;Bacillaceae;Bacillus
FP500.2;ASV56;0;FP500;food waste;sorb+;5;2;Bacteria;Actinobacteriota;Actinobacteria;Corynebacteriales;Corynebacteriaceae;Corynebacterium
FP500.2;ASV57;0;FP500;food waste;sorb+;5;2;Bacteria;Proteobacteria;Gammaproteobacteria;Enterobacterales;Morganellaceae;Providencia
FP500.2;ASV58;0;FP500;food waste;sorb+;5;2;Bacteria;Actinobacteriota;Actinobacteria;Micrococcales;Brevibacteriaceae;Brevibacterium
FP500.2;ASV59;0;FP500;food waste;sorb+;5;2;Bacteria;Firmicutes;Bacilli;Bacillales;Planococcaceae;Solibacillus
FP500.2;ASV61;0;FP500;food waste;sorb+;5;2;Bacteria;Actinobacteriota;Actinobacteria;Corynebacteriales;Corynebacteriaceae;Corynebacterium
FP500.2;ASV66;0;FP500;food waste;sorb+;5;2;Bacteria;Firmicutes;Bacilli;Staphylococcales;Staphylococcaceae;Staphylococcus
FP500.2;ASV67;0;FP500;food waste;sorb+;5;2;Bacteria;Actinobacteriota;Actinobacteria;Micrococcales;Brevibacteriaceae;Brevibacterium
FP500.2;ASV68;0;FP500;food waste;sorb+;5;2;Bacteria;Actinobacteriota;Actinobacteria;Micrococcales;Promicromonosporaceae;Cellulosimicrobium
FP500.2;ASV69;0;FP500;food waste;sorb+;5;2;Bacteria;Firmicutes;Bacilli;Bacillales;Planococcaceae;Uncult. bacterium*
FP500.2;ASV70;0;FP500;food waste;sorb+;5;2;Bacteria;Proteobacteria;Gammaproteobacteria;Xanthomonadales;Xanthomonadaceae;SN8
FP500.2;ASV72;0;FP500;food waste;sorb+;5;2;Bacteria;Proteobacteria;Gammaproteobacteria;Pseudomonadales;Pseudomonadaceae;Pseudomonas
FP500.2;ASV73;0;FP500;food waste;sorb+;5;2;Bacteria;Proteobacteria;Gammaproteobacteria;Burkholderiales;Burkholderiaceae;Ralstonia
FP500.2;ASV75;0;FP500;food waste;sorb+;5;2;Bacteria;Firmicutes;Bacilli;Staphylococcales;Staphylococcaceae;
FP500.2;ASV77;0;FP500;food waste;sorb+;5;2;Bacteria;Firmicutes;Bacilli;Bacillales;Planococcaceae;Solibacillus
FP500.2;ASV78;0;FP500;food waste;sorb+;5;2;Bacteria;Firmicutes;Bacilli;Lactobacillales;Lactobacillaceae;Secundilactobacillus
FP500.2;ASV79;0;FP500;food waste;sorb+;5;2;Bacteria;Proteobacteria;Gammaproteobacteria;Enterobacterales;Enterobacteriaceae;
FP500.2;ASV80;0;FP500;food waste;sorb+;5;2;Bacteria;Firmicutes;Bacilli;Lactobacillales;Lactobacillaceae;Leuconostoc
FP500.2;ASV81;0;FP500;food waste;sorb+;5;2;Bacteria;Firmicutes;Bacilli;Lactobacillales;Lactobacillaceae;Lactobacillus
FP500.2;ASV83;0;FP500;food waste;sorb+;5;2;Bacteria;Proteobacteria;Gammaproteobacteria;Burkholderiales;Comamonadaceae;Delftia
FP500.2;ASV84;0;FP500;food waste;sorb+;5;2;Bacteria;Firmicutes;Bacilli;Lactobacillales;Lactobacillaceae;Loigolactobacillus
FP500.2;ASV87;0;FP500;food waste;sorb+;5;2;Bacteria;Firmicutes;Bacilli;Lactobacillales;Streptococcaceae;Streptococcus
FP500.2;ASV90;0;FP500;food waste;sorb+;5;2;Bacteria;Proteobacteria;Gammaproteobacteria;Xanthomonadales;Xanthomonadaceae;Stenotrophomonas
FP500.2;ASV91;0;FP500;food waste;sorb+;5;2;Bacteria;Firmicutes;Bacilli;Staphylococcales;Staphylococcaceae;Staphylococcus
FP500.2;ASV92;0;FP500;food waste;sorb+;5;2;Bacteria;Proteobacteria;Gammaproteobacteria;Enterobacterales;Yersiniaceae;Yersinia
FP500.2;ASV93;0;FP500;food waste;sorb+;5;2;Bacteria;Firmicutes;Bacilli;Bacillales;Bacillaceae;Oceanobacillus
FP500.2;ASV94;0;FP500;food waste;sorb+;5;2;Bacteria;Firmicutes;Bacilli;Lactobacillales;Lactobacillaceae;Levilactobacillus
FP500.2;ASV95;0;FP500;food waste;sorb+;5;2;Bacteria;Proteobacteria;Gammaproteobacteria;Pseudomonadales;Moraxellaceae;Psychrobacter
FP500.2;ASV96;0;FP500;food waste;sorb+;5;2;Bacteria;Firmicutes;Bacilli;Lactobacillales;Lactobacillaceae;Lactobacillus
FP500.2;ASV97;0;FP500;food waste;sorb+;5;2;Bacteria;Firmicutes;Bacilli;Lactobacillales;Lactobacillaceae;Lentilactobacillus
FP500.2;ASV99;0;FP500;food waste;sorb+;5;2;Bacteria;Proteobacteria;Alphaproteobacteria;Sphingomonadales;Sphingomonadaceae;Sphingomonas
FP500.2;ASV100;0;FP500;food waste;sorb+;5;2;Bacteria;Firmicutes;Bacilli;Lactobacillales;Lactobacillaceae;Lapidilactobacillus
FP500.2;ASV101;0;FP500;food waste;sorb+;5;2;Bacteria;Bacteroidota;Bacteroidia;Bacteroidales;Tannerellaceae;Parabacteroides
FP500.2;ASV104;0;FP500;food waste;sorb+;5;2;Bacteria;Firmicutes;Bacilli;Lactobacillales;Lactobacillaceae;Lactobacillus
FP500.2;ASV105;0;FP500;food waste;sorb+;5;2;Bacteria;Actinobacteriota;Actinobacteria;Micrococcales;Promicromonosporaceae;Cellulosimicrobium
FP500.2;ASV107;0;FP500;food waste;sorb+;5;2;Bacteria;Bacteroidota;Bacteroidia;Bacteroidales;Bacteroidaceae;Bacteroides
FP500.2;ASV110;0;FP500;food waste;sorb+;5;2;Bacteria;Proteobacteria;Gammaproteobacteria;Enterobacterales;Enterobacteriaceae;
FP500.2;ASV111;0;FP500;food waste;sorb+;5;2;Bacteria;Bacteroidota;Bacteroidia;Bacteroidales;Bacteroidaceae;Bacteroides
FP500.2;ASV113;0;FP500;food waste;sorb+;5;2;Bacteria;Firmicutes;Bacilli;Staphylococcales;Staphylococcaceae;Jeotgalicoccus
FP500.2;ASV114;0;FP500;food waste;sorb+;5;2;Bacteria;Firmicutes;Bacilli;Lactobacillales;Lactobacillaceae;Weissella
FP500.2;ASV115;0;FP500;food waste;sorb+;5;2;Bacteria;Proteobacteria;Gammaproteobacteria;Pseudomonadales;Alcanivoracaceae1;Alcanivorax
FP500.2;ASV116;0;FP500;food waste;sorb+;5;2;Bacteria;Firmicutes;Bacilli;Lactobacillales;Listeriaceae;Brochothrix
FP500.2;ASV117;0;FP500;food waste;sorb+;5;2;Bacteria;Actinobacteriota;Actinobacteria;Corynebacteriales;Corynebacteriaceae;Corynebacterium
FP500.2;ASV119;0;FP500;food waste;sorb+;5;2;Bacteria;Proteobacteria;Gammaproteobacteria;Pseudomonadales;Moraxellaceae;Psychrobacter
FP500.2;ASV120;0;FP500;food waste;sorb+;5;2;Bacteria;Proteobacteria;Gammaproteobacteria;Burkholderiales;Sutterellaceae;Parasutterella
FP500.2;ASV121;0;FP500;food waste;sorb+;5;2;Bacteria;Bacteroidota;Bacteroidia;Bacteroidales;Tannerellaceae;Parabacteroides
FP500.2;ASV122;0;FP500;food waste;sorb+;5;2;Bacteria;Proteobacteria;Gammaproteobacteria;Enterobacterales;Vibrionaceae;Photobacterium
FP500.2;ASV123;0;FP500;food waste;sorb+;5;2;Bacteria;Proteobacteria;Gammaproteobacteria;Pseudomonadales;Moraxellaceae;Acinetobacter
FP500.2;ASV126;0;FP500;food waste;sorb+;5;2;Bacteria;Proteobacteria;Gammaproteobacteria;Enterobacterales;Erwiniaceae;
FP500.2;ASV127;0;FP500;food waste;sorb+;5;2;Bacteria;Proteobacteria;Gammaproteobacteria;Pseudomonadales;Moraxellaceae;Acinetobacter
FP500.2;ASV129;0;FP500;food waste;sorb+;5;2;Bacteria;Proteobacteria;Alphaproteobacteria;Rhizobiales;Beijerinckiaceae;Methylobacterium-Methylorubrum
FP500.2;ASV130;0;FP500;food waste;sorb+;5;2;Bacteria;Proteobacteria;Alphaproteobacteria;Sphingomonadales;Sphingomonadaceae;Sphingomonas
FP500.2;ASV131;0;FP500;food waste;sorb+;5;2;Bacteria;Bacteroidota;Bacteroidia;Bacteroidales;Porphyromonadaceae;Porphyromonas
FP500.2;ASV133;0;FP500;food waste;sorb+;5;2;Bacteria;Proteobacteria;Gammaproteobacteria;Enterobacterales;Aeromonadaceae;Aeromonas
FP500.2;ASV135;0;FP500;food waste;sorb+;5;2;Bacteria;Proteobacteria;Gammaproteobacteria;Pseudomonadales;Moraxellaceae;Acinetobacter
FP500.2;ASV136;0;FP500;food waste;sorb+;5;2;Bacteria;Firmicutes;Clostridia;Oscillospirales;Ruminococcaceae;Faecalibacterium
FP500.2;ASV138;0;FP500;food waste;sorb+;5;2;Bacteria;Firmicutes;Bacilli;Bacillales;Bacillaceae;Amphibacillus
FP500.2;ASV139;0;FP500;food waste;sorb+;5;2;Bacteria;Actinobacteriota;Actinobacteria;Corynebacteriales;Corynebacteriaceae;Corynebacterium
FP500.2;ASV140;0;FP500;food waste;sorb+;5;2;Bacteria;Proteobacteria;Gammaproteobacteria;Pseudomonadales;Pseudomonadaceae;Pseudomonas
FP500.2;ASV141;0;FP500;food waste;sorb+;5;2;Bacteria;Firmicutes;Bacilli;Lactobacillales;Enterococcaceae;Tetragenococcus
FP500.2;ASV143;0;FP500;food waste;sorb+;5;2;Bacteria;Firmicutes;Bacilli;Bacillales;Bacillaceae;Bacillus
FP500.2;ASV144;0;FP500;food waste;sorb+;5;2;Bacteria;Proteobacteria;Gammaproteobacteria;Burkholderiales;Sutterellaceae;Parasutterella
FP500.2;ASV149;0;FP500;food waste;sorb+;5;2;Bacteria;Firmicutes;Bacilli;Lactobacillales;Lactobacillaceae;Lactobacillus
FP500.2;ASV150;0;FP500;food waste;sorb+;5;2;Bacteria;Proteobacteria;Gammaproteobacteria;Pseudomonadales;Moraxellaceae;Acinetobacter
FP500.2;ASV152;0;FP500;food waste;sorb+;5;2;Bacteria;Firmicutes;Clostridia;Oscillospirales;Ruminococcaceae;Subdoligranulum
FP500.2;ASV156;0;FP500;food waste;sorb+;5;2;Bacteria;Firmicutes;Bacilli;Lactobacillales;Lactobacillaceae;Lactobacillus
FP500.2;ASV157;0;FP500;food waste;sorb+;5;2;Bacteria;Proteobacteria;Gammaproteobacteria;Enterobacterales;Yersiniaceae;
FP500.2;ASV158;0;FP500;food waste;sorb+;5;2;Bacteria;Firmicutes;Bacilli;Lactobacillales;Lactobacillaceae;Leuconostoc
FP500.2;ASV160;0;FP500;food waste;sorb+;5;2;Bacteria;Proteobacteria;Gammaproteobacteria;Burkholderiales;Burkholderiaceae;Ralstonia
FP500.2;ASV161;0;FP500;food waste;sorb+;5;2;Bacteria;Proteobacteria;Gammaproteobacteria;Pseudomonadales;Moraxellaceae;Enhydrobacter
FP500.2;ASV162;0;FP500;food waste;sorb+;5;2;Bacteria;Proteobacteria;Gammaproteobacteria;Pseudomonadales;Moraxellaceae;Acinetobacter
FP500.2;ASV163;0;FP500;food waste;sorb+;5;2;Bacteria;Proteobacteria;Gammaproteobacteria;Enterobacterales;Aeromonadaceae;Aeromonas
FP500.2;ASV166;0;FP500;food waste;sorb+;5;2;Bacteria;Firmicutes;Bacilli;Lactobacillales;Lactobacillaceae;Schleiferilactobacillus
FP500.2;ASV168;0;FP500;food waste;sorb+;5;2;Bacteria;Firmicutes;Clostridia;Oscillospirales;Oscillospiraceae;Flavonifractor
FP500.2;ASV169;0;FP500;food waste;sorb+;5;2;Bacteria;Firmicutes;Clostridia;Oscillospirales;Ruminococcaceae;Faecalibacterium
FP500.2;ASV170;0;FP500;food waste;sorb+;5;2;Bacteria;Firmicutes;Bacilli;Lactobacillales;Streptococcaceae;Lactococcus
FP500.2;ASV177;0;FP500;food waste;sorb+;5;2;Bacteria;Firmicutes;Bacilli;Lactobacillales;Streptococcaceae;Lactococcus
FP500.2;ASV178;0;FP500;food waste;sorb+;5;2;Bacteria;Proteobacteria;Gammaproteobacteria;Burkholderiales;Burkholderiaceae;Burkholderia-Caballeronia-Paraburkholderia
FP500.2;ASV179;0;FP500;food waste;sorb+;5;2;Bacteria;Proteobacteria;Gammaproteobacteria;Burkholderiales;Comamonadaceae;Aquabacterium
FP500.2;ASV186;0;FP500;food waste;sorb+;5;2;Bacteria;Firmicutes;Bacilli;Paenibacillales;Paenibacillaceae;Paenibacillus
FP500.2;ASV187;0;FP500;food waste;sorb+;5;2;Bacteria;Proteobacteria;Gammaproteobacteria;Burkholderiales;Burkholderiaceae;Burkholderia-Caballeronia-Paraburkholderia
FP500.2;ASV188;0;FP500;food waste;sorb+;5;2;Bacteria;Firmicutes;Bacilli;Lactobacillales;Lactobacillaceae;Lactobacillus
FP500.2;ASV189;0;FP500;food waste;sorb+;5;2;Bacteria;Bacteroidota;Bacteroidia;Bacteroidales;Bacteroidaceae;Bacteroides
FP500.2;ASV190;0;FP500;food waste;sorb+;5;2;Bacteria;Firmicutes;Clostridia;Lachnospirales;Lachnospiraceae;Lachnospira
FP500.2;ASV199;0;FP500;food waste;sorb+;5;2;Bacteria;Firmicutes;Bacilli;Lactobacillales;Lactobacillaceae;HT002
FP500.2;ASV200;0;FP500;food waste;sorb+;5;2;Bacteria;Proteobacteria;Gammaproteobacteria;Enterobacterales;Pseudoalteromonadaceae;Pseudoalteromonas
FP500.2;ASV201;0;FP500;food waste;sorb+;5;2;Bacteria;Firmicutes;Clostridia;Lachnospirales;Lachnospiraceae;[Eubacterium] eligens group
FP500.2;ASV202;0;FP500;food waste;sorb+;5;2;Bacteria;Proteobacteria;Gammaproteobacteria;Burkholderiales;Sutterellaceae;Parasutterella
FP500.2;ASV203;0;FP500;food waste;sorb+;5;2;Bacteria;Firmicutes;Clostridia;Lachnospirales;Lachnospiraceae;[Eubacterium] eligens group
FP500.2;ASV204;0;FP500;food waste;sorb+;5;2;Bacteria;Proteobacteria;Gammaproteobacteria;Xanthomonadales;Xanthomonadaceae;
FP500.2;ASV219;0;FP500;food waste;sorb+;5;2;Bacteria;Proteobacteria;Gammaproteobacteria;Burkholderiales;Alcaligenaceae;Achromobacter
FP500.2;ASV221;0;FP500;food waste;sorb+;5;2;Bacteria;Firmicutes;Bacilli;Lactobacillales;Lactobacillaceae;Lacticaseibacillus
FP500.2;ASV222;0;FP500;food waste;sorb+;5;2;Bacteria;Proteobacteria;Gammaproteobacteria;Xanthomonadales;Xanthomonadaceae;Arenimonas
FP500.2;ASV223;0;FP500;food waste;sorb+;5;2;Bacteria;Proteobacteria;Gammaproteobacteria;Pseudomonadales;Pseudomonadaceae;Pseudomonas
FP500.2;ASV225;0;FP500;food waste;sorb+;5;2;Bacteria;Firmicutes;Bacilli;Lactobacillales;Lactobacillaceae;Weissella
FP500.2;ASV227;0;FP500;food waste;sorb+;5;2;Bacteria;Firmicutes;Bacilli;Lactobacillales;Streptococcaceae;
FP500.2;ASV228;0;FP500;food waste;sorb+;5;2;Bacteria;Firmicutes;Bacilli;Alicyclobacillales;Alicyclobacillaceae;Alicyclobacillus
FP500.2;ASV230;0;FP500;food waste;sorb+;5;2;Bacteria;Firmicutes;Clostridia;Peptostreptococcales-Tissierellales;Family XI;Anaerococcus
FP500.2;ASV232;0;FP500;food waste;sorb+;5;2;Bacteria;Firmicutes;Clostridia;Peptostreptococcales-Tissierellales;Clostridiisalibacter;
FP500.2;ASV257;0;FP500;food waste;sorb+;5;2;Bacteria;Actinobacteriota;Actinobacteria;Micrococcales;Micrococcaceae;Pseudarthrobacter
FP500.2;ASV258;0;FP500;food waste;sorb+;5;2;Bacteria;Firmicutes;Bacilli;Bacillales;Bacillaceae;Oceanobacillus
FP500.2;ASV259;0;FP500;food waste;sorb+;5;2;Bacteria;Verrucomicrobiota;Verrucomicrobiae;Pedosphaerales;Pedosphaeraceae;ADurb.Bin063-1
FP500.2;ASV261;0;FP500;food waste;sorb+;5;2;Bacteria;Proteobacteria;Gammaproteobacteria;Pseudomonadales;Moraxellaceae;Enhydrobacter
FP500.2;ASV263;0;FP500;food waste;sorb+;5;2;Bacteria;Firmicutes;Clostridia;Clostridiales;Clostridiaceae;Clostridium sensu stricto 18
FP500.2;ASV265;0;FP500;food waste;sorb+;5;2;Bacteria;Proteobacteria;Gammaproteobacteria;Enterobacterales;Pasteurellaceae;Haemophilus
FP500.2;ASV266;0;FP500;food waste;sorb+;5;2;Bacteria;Proteobacteria;Gammaproteobacteria;Burkholderiales;Comamonadaceae;
FP500.2;ASV267;0;FP500;food waste;sorb+;5;2;Bacteria;Actinobacteriota;Actinobacteria;Frankiales;Nakamurellaceae;Nakamurella
FP500.2;ASV269;0;FP500;food waste;sorb+;5;2;Bacteria;Proteobacteria;Gammaproteobacteria;Burkholderiales;Comamonadaceae;
FP500.2;ASV270;0;FP500;food waste;sorb+;5;2;Bacteria;Actinobacteriota;Actinobacteria;Streptomycetales;Streptomycetaceae;Streptomyces
FP500.2;ASV271;0;FP500;food waste;sorb+;5;2;Bacteria;Firmicutes;Bacilli;Acholeplasmatales;Acholeplasmataceae;Candidatus Phytoplasma
FP500.2;ASV272;0;FP500;food waste;sorb+;5;2;Bacteria;Bacteroidota;Bacteroidia;Bacteroidales;Tannerellaceae;Parabacteroides
FP500.2;ASV275;0;FP500;food waste;sorb+;5;2;Bacteria;Firmicutes;Negativicutes;Veillonellales-Selenomonadales;Veillonellaceae;Dialister
FP500.2;ASV277;0;FP500;food waste;sorb+;5;2;Bacteria;Firmicutes;Bacilli;Lactobacillales;Carnobacteriaceae;
FP500.2;ASV280;0;FP500;food waste;sorb+;5;2;Bacteria;Actinobacteriota;Actinobacteria;Streptomycetales;Streptomycetaceae;Streptomyces
FP500.2;ASV314;0;FP500;food waste;sorb+;5;2;Bacteria;Proteobacteria;Gammaproteobacteria;Xanthomonadales;Xanthomonadaceae;Arenimonas
FP500.2;ASV318;0;FP500;food waste;sorb+;5;2;Bacteria;Chloroflexi;Chloroflexia;Thermomicrobiales;JG30-KF-CM45;
FP500.2;ASV319;0;FP500;food waste;sorb+;5;2;Bacteria;Proteobacteria;Gammaproteobacteria;Xanthomonadales;Xanthomonadaceae;Arenimonas
FP500.2;ASV323;0;FP500;food waste;sorb+;5;2;Bacteria;Gemmatimonadota;Gemmatimonadetes;Gemmatimonadales;Gemmatimonadaceae;
FP500.2;ASV326;0;FP500;food waste;sorb+;5;2;Bacteria;Proteobacteria;Alphaproteobacteria;Rhizobiales;Rhizobiales Incertae Sedis;Nordella
FP500.2;ASV328;0;FP500;food waste;sorb+;5;2;Bacteria;Chloroflexi;Anaerolineae;Anaerolineales;Anaerolineaceae;
FP500.2;ASV329;0;FP500;food waste;sorb+;5;2;Bacteria;Proteobacteria;Gammaproteobacteria;Burkholderiales;Oxalobacteraceae;
FP500.2;ASV331;0;FP500;food waste;sorb+;5;2;Bacteria;Proteobacteria;Gammaproteobacteria;Steroidobacterales;Woeseiaceae;Woeseia
FP500.2;ASV333;0;FP500;food waste;sorb+;5;2;Bacteria;Proteobacteria;Gammaproteobacteria;Xanthomonadales;Xanthomonadaceae;
FP500.2;ASV334;0;FP500;food waste;sorb+;5;2;Bacteria;Firmicutes;Clostridia;Lachnospirales;Lachnospiraceae;
FP500.2;ASV336;0;FP500;food waste;sorb+;5;2;Bacteria;Bacteroidota;Bacteroidia;Flavobacteriales;Weeksellaceae;Empedobacter
FP500.2;ASV337;0;FP500;food waste;sorb+;5;2;Bacteria;Proteobacteria;Alphaproteobacteria;Rhizobiales;Beijerinckiaceae;Microvirga
FP500.2;ASV338;0;FP500;food waste;sorb+;5;2;Bacteria;Planctomycetota;Brocadiae;Brocadiales;Brocadiaceae;Candidatus Brocadia
FP500.2;ASV339;0;FP500;food waste;sorb+;5;2;Bacteria;Proteobacteria;Alphaproteobacteria;Rhizobiales;Beijerinckiaceae;Methylobacterium-Methylorubrum
FP500.2;ASV340;0;FP500;food waste;sorb+;5;2;Bacteria;Proteobacteria;Gammaproteobacteria;Pseudomonadales;Moraxellaceae;Acinetobacter
FP500.2;ASV342;0;FP500;food waste;sorb+;5;2;Bacteria;Planctomycetota;Brocadiae;Brocadiales;Brocadiaceae;Candidatus Brocadia
FP500.2;ASV344;0;FP500;food waste;sorb+;5;2;Bacteria;Actinobacteriota;Actinobacteria;Frankiales;Nakamurellaceae;Nakamurella
FP500.2;ASV345;0;FP500;food waste;sorb+;5;2;Bacteria;Hydrogenedentes;Hydrogenedentia;Hydrogenedentiales;Hydrogenedensaceae;
FP500.2;ASV346;0;FP500;food waste;sorb+;5;2;Bacteria;Gemmatimonadota;Gemmatimonadetes;Gemmatimonadales;Gemmatimonadaceae;
FP500.2;ASV352;0;FP500;food waste;sorb+;5;2;Bacteria;Proteobacteria;Gammaproteobacteria;Pseudomonadales;Marinobacteraceae;Marinobacter
FP500.2;ASV353;0;FP500;food waste;sorb+;5;2;Bacteria;Acidobacteriota;Vicinamibacteria;Vicinamibacterales;Vicinamibacteraceae;
FP500.2;ASV354;0;FP500;food waste;sorb+;5;2;Bacteria;Proteobacteria;Gammaproteobacteria;Pseudomonadales;Alcanivoracaceae1;Alcanivorax
FP500.2;ASV355;0;FP500;food waste;sorb+;5;2;Bacteria;Actinobacteriota;Acidimicrobiia;Microtrichales;Iamiaceae;Iamia
FP500.2;ASV360;0;FP500;food waste;sorb+;5;2;Bacteria;Actinobacteriota;Actinobacteria;Corynebacteriales;Corynebacteriaceae;
FP500.2;ASV361;0;FP500;food waste;sorb+;5;2;Bacteria;Proteobacteria;Gammaproteobacteria;Burkholderiales;Alcaligenaceae;Paenalcaligenes
FP500.3;ASV1;13060;FP500;food waste;sorb+;5;3;Bacteria;Proteobacteria;Gammaproteobacteria;Enterobacterales;Morganellaceae;Providencia
FP500.3;ASV2;6386;FP500;food waste;sorb+;5;3;Bacteria;Proteobacteria;Gammaproteobacteria;Enterobacterales;Enterobacteriaceae;Klebsiella
FP500.3;ASV3;14586;FP500;food waste;sorb+;5;3;Bacteria;Proteobacteria;Gammaproteobacteria;Enterobacterales;Enterobacteriaceae;Enterobacter*
FP500.3;ASV4;572;FP500;food waste;sorb+;5;3;Bacteria;Firmicutes;Bacilli;Lactobacillales;Enterococcaceae;Enterococcus
FP500.3;ASV5;1506;FP500;food waste;sorb+;5;3;Bacteria;Firmicutes;Bacilli;Lactobacillales;Lactobacillaceae;Lactiplantibacillus
FP500.3;ASV6;5049;FP500;food waste;sorb+;5;3;Bacteria;Firmicutes;Bacilli;Lactobacillales;Lactobacillaceae;Lactobacillus
FP500.3;ASV7;0;FP500;food waste;sorb+;5;3;Bacteria;Firmicutes;Bacilli;Lactobacillales;Lactobacillaceae;Weissella
FP500.3;ASV8;189;FP500;food waste;sorb+;5;3;Bacteria;Firmicutes;Bacilli;Lactobacillales;Enterococcaceae;Enterococcus
FP500.3;ASV9;684;FP500;food waste;sorb+;5;3;Bacteria;Firmicutes;Bacilli;Lactobacillales;Lactobacillaceae;Levilactobacillus
FP500.3;ASV10;15;FP500;food waste;sorb+;5;3;Bacteria;Firmicutes;Bacilli;Lactobacillales;Streptococcaceae;Lactococcus
FP500.3;ASV11;142;FP500;food waste;sorb+;5;3;Bacteria;Firmicutes;Bacilli;Lactobacillales;Lactobacillaceae;Lactobacillus
FP500.3;ASV12;3;FP500;food waste;sorb+;5;3;Bacteria;Firmicutes;Bacilli;Lactobacillales;Lactobacillaceae;Leuconostoc
FP500.3;ASV13;405;FP500;food waste;sorb+;5;3;Bacteria;Firmicutes;Bacilli;Staphylococcales;Staphylococcaceae;Mammaliicoccus*
FP500.3;ASV14;1301;FP500;food waste;sorb+;5;3;Bacteria;Firmicutes;Bacilli;Lactobacillales;Enterococcaceae;Enterococcus
FP500.3;ASV15;1016;FP500;food waste;sorb+;5;3;Bacteria;Firmicutes;Bacilli;Lactobacillales;Lactobacillaceae;Lacticaseibacillus
FP500.3;ASV16;0;FP500;food waste;sorb+;5;3;Bacteria;Firmicutes;Bacilli;Lactobacillales;Carnobacteriaceae;Atopostipes
FP500.3;ASV17;0;FP500;food waste;sorb+;5;3;Bacteria;Firmicutes;Bacilli;Lactobacillales;Lactobacillaceae;Lactiplantibacillus
FP500.3;ASV18;16;FP500;food waste;sorb+;5;3;Bacteria;Actinobacteriota;Actinobacteria;Actinomycetales;Actinomycetaceae;Actinomyces
FP500.3;ASV19;0;FP500;food waste;sorb+;5;3;Bacteria;Proteobacteria;Gammaproteobacteria;Enterobacterales;Morganellaceae;Proteus
FP500.3;ASV20;0;FP500;food waste;sorb+;5;3;Bacteria;Actinobacteriota;Actinobacteria;Corynebacteriales;Corynebacteriaceae;Corynebacterium
FP500.3;ASV21;33;FP500;food waste;sorb+;5;3;Bacteria;Firmicutes;Bacilli;Bacillales;Bacillaceae;Bacillus
FP500.3;ASV22;274;FP500;food waste;sorb+;5;3;Bacteria;Firmicutes;Bacilli;Lactobacillales;Lactobacillaceae;Lacticaseibacillus
FP500.3;ASV23;109;FP500;food waste;sorb+;5;3;Bacteria;Firmicutes;Bacilli;Lactobacillales;Lactobacillaceae;Limosilactobacillus
FP500.3;ASV24;0;FP500;food waste;sorb+;5;3;Bacteria;Proteobacteria;Gammaproteobacteria;Enterobacterales;Enterobacteriaceae;Escherichia-Shigella
FP500.3;ASV25;0;FP500;food waste;sorb+;5;3;Bacteria;Firmicutes;Bacilli;Lactobacillales;Enterococcaceae;Enterococcus
FP500.3;ASV26;0;FP500;food waste;sorb+;5;3;Bacteria;Firmicutes;Bacilli;Lactobacillales;Lactobacillaceae;Leuconostoc
FP500.3;ASV27;0;FP500;food waste;sorb+;5;3;Bacteria;Firmicutes;Bacilli;Paenibacillales;Paenibacillaceae;Paenibacillus
FP500.3;ASV28;323;FP500;food waste;sorb+;5;3;Bacteria;Firmicutes;Bacilli;Lactobacillales;Lactobacillaceae;Lacticaseibacillus
FP500.3;ASV29;0;FP500;food waste;sorb+;5;3;Bacteria;Firmicutes;Bacilli;Bacillales;Bacillaceae;Pseudogracilibacillus
FP500.3;ASV32;0;FP500;food waste;sorb+;5;3;Bacteria;Firmicutes;Bacilli;Lactobacillales;Lactobacillaceae;Lactobacillus
FP500.3;ASV33;0;FP500;food waste;sorb+;5;3;Bacteria;Firmicutes;Bacilli;Lactobacillales;Streptococcaceae;Streptococcus
FP500.3;ASV34;78;FP500;food waste;sorb+;5;3;Bacteria;Proteobacteria;Gammaproteobacteria;Enterobacterales;Enterobacteriaceae;Klebsiella
FP500.3;ASV35;61;FP500;food waste;sorb+;5;3;Bacteria;Firmicutes;Bacilli;Lactobacillales;Lactobacillaceae;Weissella
FP500.3;ASV36;474;FP500;food waste;sorb+;5;3;Bacteria;Proteobacteria;Gammaproteobacteria;Enterobacterales;Morganellaceae;Providencia
FP500.3;ASV37;0;FP500;food waste;sorb+;5;3;Bacteria;Firmicutes;Bacilli;Lactobacillales;Lactobacillaceae;Pediococcus
FP500.3;ASV38;0;FP500;food waste;sorb+;5;3;Bacteria;Proteobacteria;Gammaproteobacteria;Enterobacterales;Enterobacteriaceae;Klebsiella
FP500.3;ASV39;0;FP500;food waste;sorb+;5;3;Bacteria;Firmicutes;Bacilli;Lactobacillales;Lactobacillaceae;Lactiplantibacillus
FP500.3;ASV40;0;FP500;food waste;sorb+;5;3;Bacteria;Actinobacteriota;Actinobacteria;Corynebacteriales;Corynebacteriaceae;Corynebacterium
FP500.3;ASV41;0;FP500;food waste;sorb+;5;3;Bacteria;Firmicutes;Clostridia;Clostridiales;Clostridiaceae;Clostridium sensu stricto 18
FP500.3;ASV42;0;FP500;food waste;sorb+;5;3;Bacteria;Firmicutes;Bacilli;Lactobacillales;Streptococcaceae;Streptococcus
FP500.3;ASV43;572;FP500;food waste;sorb+;5;3;Bacteria;Proteobacteria;Gammaproteobacteria;Enterobacterales;Enterobacteriaceae;Enterobacter*
FP500.3;ASV44;0;FP500;food waste;sorb+;5;3;Bacteria;Firmicutes;Bacilli;Lactobacillales;Enterococcaceae;Enterococcus*
FP500.3;ASV47;70;FP500;food waste;sorb+;5;3;Bacteria;Firmicutes;Bacilli;Lactobacillales;Lactobacillaceae;Lacticaseibacillus
FP500.3;ASV49;0;FP500;food waste;sorb+;5;3;Bacteria;Firmicutes;Bacilli;Bacillales;Bacillaceae;Pseudogracilibacillus
FP500.3;ASV50;0;FP500;food waste;sorb+;5;3;Bacteria;Proteobacteria;Gammaproteobacteria;Pseudomonadales;Pseudomonadaceae;Pseudomonas
FP500.3;ASV51;0;FP500;food waste;sorb+;5;3;Bacteria;Firmicutes;Bacilli;Lactobacillales;Lactobacillaceae;Leuconostoc
FP500.3;ASV52;0;FP500;food waste;sorb+;5;3;Bacteria;Firmicutes;Bacilli;Paenibacillales;Paenibacillaceae;Paenibacillus
FP500.3;ASV53;0;FP500;food waste;sorb+;5;3;Bacteria;Actinobacteriota;Actinobacteria;Corynebacteriales;Corynebacteriaceae;Corynebacterium
FP500.3;ASV54;0;FP500;food waste;sorb+;5;3;Bacteria;Firmicutes;Bacilli;Bacillales;Planococcaceae;Bacillus*
FP500.3;ASV55;0;FP500;food waste;sorb+;5;3;Bacteria;Firmicutes;Bacilli;Bacillales;Bacillaceae;Bacillus
FP500.3;ASV56;0;FP500;food waste;sorb+;5;3;Bacteria;Actinobacteriota;Actinobacteria;Corynebacteriales;Corynebacteriaceae;Corynebacterium
FP500.3;ASV57;0;FP500;food waste;sorb+;5;3;Bacteria;Proteobacteria;Gammaproteobacteria;Enterobacterales;Morganellaceae;Providencia
FP500.3;ASV58;0;FP500;food waste;sorb+;5;3;Bacteria;Actinobacteriota;Actinobacteria;Micrococcales;Brevibacteriaceae;Brevibacterium
FP500.3;ASV59;0;FP500;food waste;sorb+;5;3;Bacteria;Firmicutes;Bacilli;Bacillales;Planococcaceae;Solibacillus
FP500.3;ASV61;0;FP500;food waste;sorb+;5;3;Bacteria;Actinobacteriota;Actinobacteria;Corynebacteriales;Corynebacteriaceae;Corynebacterium
FP500.3;ASV66;0;FP500;food waste;sorb+;5;3;Bacteria;Firmicutes;Bacilli;Staphylococcales;Staphylococcaceae;Staphylococcus
FP500.3;ASV67;0;FP500;food waste;sorb+;5;3;Bacteria;Actinobacteriota;Actinobacteria;Micrococcales;Brevibacteriaceae;Brevibacterium
FP500.3;ASV68;0;FP500;food waste;sorb+;5;3;Bacteria;Actinobacteriota;Actinobacteria;Micrococcales;Promicromonosporaceae;Cellulosimicrobium
FP500.3;ASV69;0;FP500;food waste;sorb+;5;3;Bacteria;Firmicutes;Bacilli;Bacillales;Planococcaceae;Uncult. bacterium*
FP500.3;ASV70;0;FP500;food waste;sorb+;5;3;Bacteria;Proteobacteria;Gammaproteobacteria;Xanthomonadales;Xanthomonadaceae;SN8
FP500.3;ASV72;0;FP500;food waste;sorb+;5;3;Bacteria;Proteobacteria;Gammaproteobacteria;Pseudomonadales;Pseudomonadaceae;Pseudomonas
FP500.3;ASV73;0;FP500;food waste;sorb+;5;3;Bacteria;Proteobacteria;Gammaproteobacteria;Burkholderiales;Burkholderiaceae;Ralstonia
FP500.3;ASV75;0;FP500;food waste;sorb+;5;3;Bacteria;Firmicutes;Bacilli;Staphylococcales;Staphylococcaceae;
FP500.3;ASV77;0;FP500;food waste;sorb+;5;3;Bacteria;Firmicutes;Bacilli;Bacillales;Planococcaceae;Solibacillus
FP500.3;ASV78;0;FP500;food waste;sorb+;5;3;Bacteria;Firmicutes;Bacilli;Lactobacillales;Lactobacillaceae;Secundilactobacillus
FP500.3;ASV79;0;FP500;food waste;sorb+;5;3;Bacteria;Proteobacteria;Gammaproteobacteria;Enterobacterales;Enterobacteriaceae;
FP500.3;ASV80;0;FP500;food waste;sorb+;5;3;Bacteria;Firmicutes;Bacilli;Lactobacillales;Lactobacillaceae;Leuconostoc
FP500.3;ASV81;0;FP500;food waste;sorb+;5;3;Bacteria;Firmicutes;Bacilli;Lactobacillales;Lactobacillaceae;Lactobacillus
FP500.3;ASV83;0;FP500;food waste;sorb+;5;3;Bacteria;Proteobacteria;Gammaproteobacteria;Burkholderiales;Comamonadaceae;Delftia
FP500.3;ASV84;0;FP500;food waste;sorb+;5;3;Bacteria;Firmicutes;Bacilli;Lactobacillales;Lactobacillaceae;Loigolactobacillus
FP500.3;ASV87;0;FP500;food waste;sorb+;5;3;Bacteria;Firmicutes;Bacilli;Lactobacillales;Streptococcaceae;Streptococcus
FP500.3;ASV90;0;FP500;food waste;sorb+;5;3;Bacteria;Proteobacteria;Gammaproteobacteria;Xanthomonadales;Xanthomonadaceae;Stenotrophomonas
FP500.3;ASV91;0;FP500;food waste;sorb+;5;3;Bacteria;Firmicutes;Bacilli;Staphylococcales;Staphylococcaceae;Staphylococcus
FP500.3;ASV92;0;FP500;food waste;sorb+;5;3;Bacteria;Proteobacteria;Gammaproteobacteria;Enterobacterales;Yersiniaceae;Yersinia
FP500.3;ASV93;0;FP500;food waste;sorb+;5;3;Bacteria;Firmicutes;Bacilli;Bacillales;Bacillaceae;Oceanobacillus
FP500.3;ASV94;0;FP500;food waste;sorb+;5;3;Bacteria;Firmicutes;Bacilli;Lactobacillales;Lactobacillaceae;Levilactobacillus
FP500.3;ASV95;0;FP500;food waste;sorb+;5;3;Bacteria;Proteobacteria;Gammaproteobacteria;Pseudomonadales;Moraxellaceae;Psychrobacter
FP500.3;ASV96;0;FP500;food waste;sorb+;5;3;Bacteria;Firmicutes;Bacilli;Lactobacillales;Lactobacillaceae;Lactobacillus
FP500.3;ASV97;0;FP500;food waste;sorb+;5;3;Bacteria;Firmicutes;Bacilli;Lactobacillales;Lactobacillaceae;Lentilactobacillus
FP500.3;ASV99;0;FP500;food waste;sorb+;5;3;Bacteria;Proteobacteria;Alphaproteobacteria;Sphingomonadales;Sphingomonadaceae;Sphingomonas
FP500.3;ASV100;0;FP500;food waste;sorb+;5;3;Bacteria;Firmicutes;Bacilli;Lactobacillales;Lactobacillaceae;Lapidilactobacillus
FP500.3;ASV101;0;FP500;food waste;sorb+;5;3;Bacteria;Bacteroidota;Bacteroidia;Bacteroidales;Tannerellaceae;Parabacteroides
FP500.3;ASV104;0;FP500;food waste;sorb+;5;3;Bacteria;Firmicutes;Bacilli;Lactobacillales;Lactobacillaceae;Lactobacillus
FP500.3;ASV105;0;FP500;food waste;sorb+;5;3;Bacteria;Actinobacteriota;Actinobacteria;Micrococcales;Promicromonosporaceae;Cellulosimicrobium
FP500.3;ASV107;0;FP500;food waste;sorb+;5;3;Bacteria;Bacteroidota;Bacteroidia;Bacteroidales;Bacteroidaceae;Bacteroides
FP500.3;ASV110;37;FP500;food waste;sorb+;5;3;Bacteria;Proteobacteria;Gammaproteobacteria;Enterobacterales;Enterobacteriaceae;
FP500.3;ASV111;0;FP500;food waste;sorb+;5;3;Bacteria;Bacteroidota;Bacteroidia;Bacteroidales;Bacteroidaceae;Bacteroides
FP500.3;ASV113;0;FP500;food waste;sorb+;5;3;Bacteria;Firmicutes;Bacilli;Staphylococcales;Staphylococcaceae;Jeotgalicoccus
FP500.3;ASV114;0;FP500;food waste;sorb+;5;3;Bacteria;Firmicutes;Bacilli;Lactobacillales;Lactobacillaceae;Weissella
FP500.3;ASV115;0;FP500;food waste;sorb+;5;3;Bacteria;Proteobacteria;Gammaproteobacteria;Pseudomonadales;Alcanivoracaceae1;Alcanivorax
FP500.3;ASV116;0;FP500;food waste;sorb+;5;3;Bacteria;Firmicutes;Bacilli;Lactobacillales;Listeriaceae;Brochothrix
FP500.3;ASV117;0;FP500;food waste;sorb+;5;3;Bacteria;Actinobacteriota;Actinobacteria;Corynebacteriales;Corynebacteriaceae;Corynebacterium
FP500.3;ASV119;0;FP500;food waste;sorb+;5;3;Bacteria;Proteobacteria;Gammaproteobacteria;Pseudomonadales;Moraxellaceae;Psychrobacter
FP500.3;ASV120;0;FP500;food waste;sorb+;5;3;Bacteria;Proteobacteria;Gammaproteobacteria;Burkholderiales;Sutterellaceae;Parasutterella
FP500.3;ASV121;0;FP500;food waste;sorb+;5;3;Bacteria;Bacteroidota;Bacteroidia;Bacteroidales;Tannerellaceae;Parabacteroides
FP500.3;ASV122;0;FP500;food waste;sorb+;5;3;Bacteria;Proteobacteria;Gammaproteobacteria;Enterobacterales;Vibrionaceae;Photobacterium
FP500.3;ASV123;0;FP500;food waste;sorb+;5;3;Bacteria;Proteobacteria;Gammaproteobacteria;Pseudomonadales;Moraxellaceae;Acinetobacter
FP500.3;ASV126;0;FP500;food waste;sorb+;5;3;Bacteria;Proteobacteria;Gammaproteobacteria;Enterobacterales;Erwiniaceae;
FP500.3;ASV127;0;FP500;food waste;sorb+;5;3;Bacteria;Proteobacteria;Gammaproteobacteria;Pseudomonadales;Moraxellaceae;Acinetobacter
FP500.3;ASV129;0;FP500;food waste;sorb+;5;3;Bacteria;Proteobacteria;Alphaproteobacteria;Rhizobiales;Beijerinckiaceae;Methylobacterium-Methylorubrum
FP500.3;ASV130;0;FP500;food waste;sorb+;5;3;Bacteria;Proteobacteria;Alphaproteobacteria;Sphingomonadales;Sphingomonadaceae;Sphingomonas
FP500.3;ASV131;0;FP500;food waste;sorb+;5;3;Bacteria;Bacteroidota;Bacteroidia;Bacteroidales;Porphyromonadaceae;Porphyromonas
FP500.3;ASV133;0;FP500;food waste;sorb+;5;3;Bacteria;Proteobacteria;Gammaproteobacteria;Enterobacterales;Aeromonadaceae;Aeromonas
FP500.3;ASV135;0;FP500;food waste;sorb+;5;3;Bacteria;Proteobacteria;Gammaproteobacteria;Pseudomonadales;Moraxellaceae;Acinetobacter
FP500.3;ASV136;0;FP500;food waste;sorb+;5;3;Bacteria;Firmicutes;Clostridia;Oscillospirales;Ruminococcaceae;Faecalibacterium
FP500.3;ASV138;0;FP500;food waste;sorb+;5;3;Bacteria;Firmicutes;Bacilli;Bacillales;Bacillaceae;Amphibacillus
FP500.3;ASV139;0;FP500;food waste;sorb+;5;3;Bacteria;Actinobacteriota;Actinobacteria;Corynebacteriales;Corynebacteriaceae;Corynebacterium
FP500.3;ASV140;0;FP500;food waste;sorb+;5;3;Bacteria;Proteobacteria;Gammaproteobacteria;Pseudomonadales;Pseudomonadaceae;Pseudomonas
FP500.3;ASV141;0;FP500;food waste;sorb+;5;3;Bacteria;Firmicutes;Bacilli;Lactobacillales;Enterococcaceae;Tetragenococcus
FP500.3;ASV143;0;FP500;food waste;sorb+;5;3;Bacteria;Firmicutes;Bacilli;Bacillales;Bacillaceae;Bacillus
FP500.3;ASV144;0;FP500;food waste;sorb+;5;3;Bacteria;Proteobacteria;Gammaproteobacteria;Burkholderiales;Sutterellaceae;Parasutterella
FP500.3;ASV149;0;FP500;food waste;sorb+;5;3;Bacteria;Firmicutes;Bacilli;Lactobacillales;Lactobacillaceae;Lactobacillus
FP500.3;ASV150;0;FP500;food waste;sorb+;5;3;Bacteria;Proteobacteria;Gammaproteobacteria;Pseudomonadales;Moraxellaceae;Acinetobacter
FP500.3;ASV152;0;FP500;food waste;sorb+;5;3;Bacteria;Firmicutes;Clostridia;Oscillospirales;Ruminococcaceae;Subdoligranulum
FP500.3;ASV156;0;FP500;food waste;sorb+;5;3;Bacteria;Firmicutes;Bacilli;Lactobacillales;Lactobacillaceae;Lactobacillus
FP500.3;ASV157;0;FP500;food waste;sorb+;5;3;Bacteria;Proteobacteria;Gammaproteobacteria;Enterobacterales;Yersiniaceae;
FP500.3;ASV158;0;FP500;food waste;sorb+;5;3;Bacteria;Firmicutes;Bacilli;Lactobacillales;Lactobacillaceae;Leuconostoc
FP500.3;ASV160;0;FP500;food waste;sorb+;5;3;Bacteria;Proteobacteria;Gammaproteobacteria;Burkholderiales;Burkholderiaceae;Ralstonia
FP500.3;ASV161;0;FP500;food waste;sorb+;5;3;Bacteria;Proteobacteria;Gammaproteobacteria;Pseudomonadales;Moraxellaceae;Enhydrobacter
FP500.3;ASV162;0;FP500;food waste;sorb+;5;3;Bacteria;Proteobacteria;Gammaproteobacteria;Pseudomonadales;Moraxellaceae;Acinetobacter
FP500.3;ASV163;0;FP500;food waste;sorb+;5;3;Bacteria;Proteobacteria;Gammaproteobacteria;Enterobacterales;Aeromonadaceae;Aeromonas
FP500.3;ASV166;0;FP500;food waste;sorb+;5;3;Bacteria;Firmicutes;Bacilli;Lactobacillales;Lactobacillaceae;Schleiferilactobacillus
FP500.3;ASV168;0;FP500;food waste;sorb+;5;3;Bacteria;Firmicutes;Clostridia;Oscillospirales;Oscillospiraceae;Flavonifractor
FP500.3;ASV169;0;FP500;food waste;sorb+;5;3;Bacteria;Firmicutes;Clostridia;Oscillospirales;Ruminococcaceae;Faecalibacterium
FP500.3;ASV170;0;FP500;food waste;sorb+;5;3;Bacteria;Firmicutes;Bacilli;Lactobacillales;Streptococcaceae;Lactococcus
FP500.3;ASV177;0;FP500;food waste;sorb+;5;3;Bacteria;Firmicutes;Bacilli;Lactobacillales;Streptococcaceae;Lactococcus
FP500.3;ASV178;0;FP500;food waste;sorb+;5;3;Bacteria;Proteobacteria;Gammaproteobacteria;Burkholderiales;Burkholderiaceae;Burkholderia-Caballeronia-Paraburkholderia
FP500.3;ASV179;0;FP500;food waste;sorb+;5;3;Bacteria;Proteobacteria;Gammaproteobacteria;Burkholderiales;Comamonadaceae;Aquabacterium
FP500.3;ASV186;0;FP500;food waste;sorb+;5;3;Bacteria;Firmicutes;Bacilli;Paenibacillales;Paenibacillaceae;Paenibacillus
FP500.3;ASV187;0;FP500;food waste;sorb+;5;3;Bacteria;Proteobacteria;Gammaproteobacteria;Burkholderiales;Burkholderiaceae;Burkholderia-Caballeronia-Paraburkholderia
FP500.3;ASV188;0;FP500;food waste;sorb+;5;3;Bacteria;Firmicutes;Bacilli;Lactobacillales;Lactobacillaceae;Lactobacillus
FP500.3;ASV189;0;FP500;food waste;sorb+;5;3;Bacteria;Bacteroidota;Bacteroidia;Bacteroidales;Bacteroidaceae;Bacteroides
FP500.3;ASV190;0;FP500;food waste;sorb+;5;3;Bacteria;Firmicutes;Clostridia;Lachnospirales;Lachnospiraceae;Lachnospira
FP500.3;ASV199;0;FP500;food waste;sorb+;5;3;Bacteria;Firmicutes;Bacilli;Lactobacillales;Lactobacillaceae;HT002
FP500.3;ASV200;0;FP500;food waste;sorb+;5;3;Bacteria;Proteobacteria;Gammaproteobacteria;Enterobacterales;Pseudoalteromonadaceae;Pseudoalteromonas
FP500.3;ASV201;0;FP500;food waste;sorb+;5;3;Bacteria;Firmicutes;Clostridia;Lachnospirales;Lachnospiraceae;[Eubacterium] eligens group
FP500.3;ASV202;0;FP500;food waste;sorb+;5;3;Bacteria;Proteobacteria;Gammaproteobacteria;Burkholderiales;Sutterellaceae;Parasutterella
FP500.3;ASV203;0;FP500;food waste;sorb+;5;3;Bacteria;Firmicutes;Clostridia;Lachnospirales;Lachnospiraceae;[Eubacterium] eligens group
FP500.3;ASV204;0;FP500;food waste;sorb+;5;3;Bacteria;Proteobacteria;Gammaproteobacteria;Xanthomonadales;Xanthomonadaceae;
FP500.3;ASV219;0;FP500;food waste;sorb+;5;3;Bacteria;Proteobacteria;Gammaproteobacteria;Burkholderiales;Alcaligenaceae;Achromobacter
FP500.3;ASV221;0;FP500;food waste;sorb+;5;3;Bacteria;Firmicutes;Bacilli;Lactobacillales;Lactobacillaceae;Lacticaseibacillus
FP500.3;ASV222;0;FP500;food waste;sorb+;5;3;Bacteria;Proteobacteria;Gammaproteobacteria;Xanthomonadales;Xanthomonadaceae;Arenimonas
FP500.3;ASV223;0;FP500;food waste;sorb+;5;3;Bacteria;Proteobacteria;Gammaproteobacteria;Pseudomonadales;Pseudomonadaceae;Pseudomonas
FP500.3;ASV225;0;FP500;food waste;sorb+;5;3;Bacteria;Firmicutes;Bacilli;Lactobacillales;Lactobacillaceae;Weissella
FP500.3;ASV227;0;FP500;food waste;sorb+;5;3;Bacteria;Firmicutes;Bacilli;Lactobacillales;Streptococcaceae;
FP500.3;ASV228;0;FP500;food waste;sorb+;5;3;Bacteria;Firmicutes;Bacilli;Alicyclobacillales;Alicyclobacillaceae;Alicyclobacillus
FP500.3;ASV230;0;FP500;food waste;sorb+;5;3;Bacteria;Firmicutes;Clostridia;Peptostreptococcales-Tissierellales;Family XI;Anaerococcus
FP500.3;ASV232;0;FP500;food waste;sorb+;5;3;Bacteria;Firmicutes;Clostridia;Peptostreptococcales-Tissierellales;Clostridiisalibacter;
FP500.3;ASV257;0;FP500;food waste;sorb+;5;3;Bacteria;Actinobacteriota;Actinobacteria;Micrococcales;Micrococcaceae;Pseudarthrobacter
FP500.3;ASV258;0;FP500;food waste;sorb+;5;3;Bacteria;Firmicutes;Bacilli;Bacillales;Bacillaceae;Oceanobacillus
FP500.3;ASV259;0;FP500;food waste;sorb+;5;3;Bacteria;Verrucomicrobiota;Verrucomicrobiae;Pedosphaerales;Pedosphaeraceae;ADurb.Bin063-1
FP500.3;ASV261;0;FP500;food waste;sorb+;5;3;Bacteria;Proteobacteria;Gammaproteobacteria;Pseudomonadales;Moraxellaceae;Enhydrobacter
FP500.3;ASV263;0;FP500;food waste;sorb+;5;3;Bacteria;Firmicutes;Clostridia;Clostridiales;Clostridiaceae;Clostridium sensu stricto 18
FP500.3;ASV265;0;FP500;food waste;sorb+;5;3;Bacteria;Proteobacteria;Gammaproteobacteria;Enterobacterales;Pasteurellaceae;Haemophilus
FP500.3;ASV266;0;FP500;food waste;sorb+;5;3;Bacteria;Proteobacteria;Gammaproteobacteria;Burkholderiales;Comamonadaceae;
FP500.3;ASV267;0;FP500;food waste;sorb+;5;3;Bacteria;Actinobacteriota;Actinobacteria;Frankiales;Nakamurellaceae;Nakamurella
FP500.3;ASV269;0;FP500;food waste;sorb+;5;3;Bacteria;Proteobacteria;Gammaproteobacteria;Burkholderiales;Comamonadaceae;
FP500.3;ASV270;0;FP500;food waste;sorb+;5;3;Bacteria;Actinobacteriota;Actinobacteria;Streptomycetales;Streptomycetaceae;Streptomyces
FP500.3;ASV271;0;FP500;food waste;sorb+;5;3;Bacteria;Firmicutes;Bacilli;Acholeplasmatales;Acholeplasmataceae;Candidatus Phytoplasma
FP500.3;ASV272;0;FP500;food waste;sorb+;5;3;Bacteria;Bacteroidota;Bacteroidia;Bacteroidales;Tannerellaceae;Parabacteroides
FP500.3;ASV275;0;FP500;food waste;sorb+;5;3;Bacteria;Firmicutes;Negativicutes;Veillonellales-Selenomonadales;Veillonellaceae;Dialister
FP500.3;ASV277;0;FP500;food waste;sorb+;5;3;Bacteria;Firmicutes;Bacilli;Lactobacillales;Carnobacteriaceae;
FP500.3;ASV280;0;FP500;food waste;sorb+;5;3;Bacteria;Actinobacteriota;Actinobacteria;Streptomycetales;Streptomycetaceae;Streptomyces
FP500.3;ASV314;0;FP500;food waste;sorb+;5;3;Bacteria;Proteobacteria;Gammaproteobacteria;Xanthomonadales;Xanthomonadaceae;Arenimonas
FP500.3;ASV318;0;FP500;food waste;sorb+;5;3;Bacteria;Chloroflexi;Chloroflexia;Thermomicrobiales;JG30-KF-CM45;
FP500.3;ASV319;0;FP500;food waste;sorb+;5;3;Bacteria;Proteobacteria;Gammaproteobacteria;Xanthomonadales;Xanthomonadaceae;Arenimonas
FP500.3;ASV323;0;FP500;food waste;sorb+;5;3;Bacteria;Gemmatimonadota;Gemmatimonadetes;Gemmatimonadales;Gemmatimonadaceae;
FP500.3;ASV326;0;FP500;food waste;sorb+;5;3;Bacteria;Proteobacteria;Alphaproteobacteria;Rhizobiales;Rhizobiales Incertae Sedis;Nordella
FP500.3;ASV328;0;FP500;food waste;sorb+;5;3;Bacteria;Chloroflexi;Anaerolineae;Anaerolineales;Anaerolineaceae;
FP500.3;ASV329;0;FP500;food waste;sorb+;5;3;Bacteria;Proteobacteria;Gammaproteobacteria;Burkholderiales;Oxalobacteraceae;
FP500.3;ASV331;0;FP500;food waste;sorb+;5;3;Bacteria;Proteobacteria;Gammaproteobacteria;Steroidobacterales;Woeseiaceae;Woeseia
FP500.3;ASV333;0;FP500;food waste;sorb+;5;3;Bacteria;Proteobacteria;Gammaproteobacteria;Xanthomonadales;Xanthomonadaceae;
FP500.3;ASV334;0;FP500;food waste;sorb+;5;3;Bacteria;Firmicutes;Clostridia;Lachnospirales;Lachnospiraceae;
FP500.3;ASV336;0;FP500;food waste;sorb+;5;3;Bacteria;Bacteroidota;Bacteroidia;Flavobacteriales;Weeksellaceae;Empedobacter
FP500.3;ASV337;0;FP500;food waste;sorb+;5;3;Bacteria;Proteobacteria;Alphaproteobacteria;Rhizobiales;Beijerinckiaceae;Microvirga
FP500.3;ASV338;0;FP500;food waste;sorb+;5;3;Bacteria;Planctomycetota;Brocadiae;Brocadiales;Brocadiaceae;Candidatus Brocadia
FP500.3;ASV339;0;FP500;food waste;sorb+;5;3;Bacteria;Proteobacteria;Alphaproteobacteria;Rhizobiales;Beijerinckiaceae;Methylobacterium-Methylorubrum
FP500.3;ASV340;0;FP500;food waste;sorb+;5;3;Bacteria;Proteobacteria;Gammaproteobacteria;Pseudomonadales;Moraxellaceae;Acinetobacter
FP500.3;ASV342;0;FP500;food waste;sorb+;5;3;Bacteria;Planctomycetota;Brocadiae;Brocadiales;Brocadiaceae;Candidatus Brocadia
FP500.3;ASV344;0;FP500;food waste;sorb+;5;3;Bacteria;Actinobacteriota;Actinobacteria;Frankiales;Nakamurellaceae;Nakamurella
FP500.3;ASV345;0;FP500;food waste;sorb+;5;3;Bacteria;Hydrogenedentes;Hydrogenedentia;Hydrogenedentiales;Hydrogenedensaceae;
FP500.3;ASV346;0;FP500;food waste;sorb+;5;3;Bacteria;Gemmatimonadota;Gemmatimonadetes;Gemmatimonadales;Gemmatimonadaceae;
FP500.3;ASV352;0;FP500;food waste;sorb+;5;3;Bacteria;Proteobacteria;Gammaproteobacteria;Pseudomonadales;Marinobacteraceae;Marinobacter
FP500.3;ASV353;0;FP500;food waste;sorb+;5;3;Bacteria;Acidobacteriota;Vicinamibacteria;Vicinamibacterales;Vicinamibacteraceae;
FP500.3;ASV354;0;FP500;food waste;sorb+;5;3;Bacteria;Proteobacteria;Gammaproteobacteria;Pseudomonadales;Alcanivoracaceae1;Alcanivorax
FP500.3;ASV355;0;FP500;food waste;sorb+;5;3;Bacteria;Actinobacteriota;Acidimicrobiia;Microtrichales;Iamiaceae;Iamia
FP500.3;ASV360;0;FP500;food waste;sorb+;5;3;Bacteria;Actinobacteriota;Actinobacteria;Corynebacteriales;Corynebacteriaceae;
FP500.3;ASV361;0;FP500;food waste;sorb+;5;3;Bacteria;Proteobacteria;Gammaproteobacteria;Burkholderiales;Alcaligenaceae;Paenalcaligenes
FS.1;ASV1;3;FS;food waste;start;start;1;Bacteria;Proteobacteria;Gammaproteobacteria;Enterobacterales;Morganellaceae;Providencia
FS.1;ASV2;2115;FS;food waste;start;start;1;Bacteria;Proteobacteria;Gammaproteobacteria;Enterobacterales;Enterobacteriaceae;Klebsiella
FS.1;ASV3;205;FS;food waste;start;start;1;Bacteria;Proteobacteria;Gammaproteobacteria;Enterobacterales;Enterobacteriaceae;Enterobacter*
FS.1;ASV4;0;FS;food waste;start;start;1;Bacteria;Firmicutes;Bacilli;Lactobacillales;Enterococcaceae;Enterococcus
FS.1;ASV5;1198;FS;food waste;start;start;1;Bacteria;Firmicutes;Bacilli;Lactobacillales;Lactobacillaceae;Lactiplantibacillus
FS.1;ASV6;0;FS;food waste;start;start;1;Bacteria;Firmicutes;Bacilli;Lactobacillales;Lactobacillaceae;Lactobacillus
FS.1;ASV7;15511;FS;food waste;start;start;1;Bacteria;Firmicutes;Bacilli;Lactobacillales;Lactobacillaceae;Weissella
FS.1;ASV8;0;FS;food waste;start;start;1;Bacteria;Firmicutes;Bacilli;Lactobacillales;Enterococcaceae;Enterococcus
FS.1;ASV9;0;FS;food waste;start;start;1;Bacteria;Firmicutes;Bacilli;Lactobacillales;Lactobacillaceae;Levilactobacillus
FS.1;ASV10;18561;FS;food waste;start;start;1;Bacteria;Firmicutes;Bacilli;Lactobacillales;Streptococcaceae;Lactococcus
FS.1;ASV11;0;FS;food waste;start;start;1;Bacteria;Firmicutes;Bacilli;Lactobacillales;Lactobacillaceae;Lactobacillus
FS.1;ASV12;6136;FS;food waste;start;start;1;Bacteria;Firmicutes;Bacilli;Lactobacillales;Lactobacillaceae;Leuconostoc
FS.1;ASV13;0;FS;food waste;start;start;1;Bacteria;Firmicutes;Bacilli;Staphylococcales;Staphylococcaceae;Mammaliicoccus*
FS.1;ASV14;740;FS;food waste;start;start;1;Bacteria;Firmicutes;Bacilli;Lactobacillales;Enterococcaceae;Enterococcus
FS.1;ASV15;60;FS;food waste;start;start;1;Bacteria;Firmicutes;Bacilli;Lactobacillales;Lactobacillaceae;Lacticaseibacillus
FS.1;ASV16;0;FS;food waste;start;start;1;Bacteria;Firmicutes;Bacilli;Lactobacillales;Carnobacteriaceae;Atopostipes
FS.1;ASV17;207;FS;food waste;start;start;1;Bacteria;Firmicutes;Bacilli;Lactobacillales;Lactobacillaceae;Lactiplantibacillus
FS.1;ASV18;0;FS;food waste;start;start;1;Bacteria;Actinobacteriota;Actinobacteria;Actinomycetales;Actinomycetaceae;Actinomyces
FS.1;ASV19;0;FS;food waste;start;start;1;Bacteria;Proteobacteria;Gammaproteobacteria;Enterobacterales;Morganellaceae;Proteus
FS.1;ASV20;0;FS;food waste;start;start;1;Bacteria;Actinobacteriota;Actinobacteria;Corynebacteriales;Corynebacteriaceae;Corynebacterium
FS.1;ASV21;73;FS;food waste;start;start;1;Bacteria;Firmicutes;Bacilli;Bacillales;Bacillaceae;Bacillus
FS.1;ASV22;0;FS;food waste;start;start;1;Bacteria;Firmicutes;Bacilli;Lactobacillales;Lactobacillaceae;Lacticaseibacillus
FS.1;ASV23;66;FS;food waste;start;start;1;Bacteria;Firmicutes;Bacilli;Lactobacillales;Lactobacillaceae;Limosilactobacillus
FS.1;ASV24;0;FS;food waste;start;start;1;Bacteria;Proteobacteria;Gammaproteobacteria;Enterobacterales;Enterobacteriaceae;Escherichia-Shigella
FS.1;ASV25;0;FS;food waste;start;start;1;Bacteria;Firmicutes;Bacilli;Lactobacillales;Enterococcaceae;Enterococcus
FS.1;ASV26;511;FS;food waste;start;start;1;Bacteria;Firmicutes;Bacilli;Lactobacillales;Lactobacillaceae;Leuconostoc
FS.1;ASV27;0;FS;food waste;start;start;1;Bacteria;Firmicutes;Bacilli;Paenibacillales;Paenibacillaceae;Paenibacillus
FS.1;ASV28;0;FS;food waste;start;start;1;Bacteria;Firmicutes;Bacilli;Lactobacillales;Lactobacillaceae;Lacticaseibacillus
FS.1;ASV29;0;FS;food waste;start;start;1;Bacteria;Firmicutes;Bacilli;Bacillales;Bacillaceae;Pseudogracilibacillus
FS.1;ASV32;0;FS;food waste;start;start;1;Bacteria;Firmicutes;Bacilli;Lactobacillales;Lactobacillaceae;Lactobacillus
FS.1;ASV33;1025;FS;food waste;start;start;1;Bacteria;Firmicutes;Bacilli;Lactobacillales;Streptococcaceae;Streptococcus
FS.1;ASV34;0;FS;food waste;start;start;1;Bacteria;Proteobacteria;Gammaproteobacteria;Enterobacterales;Enterobacteriaceae;Klebsiella
FS.1;ASV35;0;FS;food waste;start;start;1;Bacteria;Firmicutes;Bacilli;Lactobacillales;Lactobacillaceae;Weissella
FS.1;ASV36;0;FS;food waste;start;start;1;Bacteria;Proteobacteria;Gammaproteobacteria;Enterobacterales;Morganellaceae;Providencia
FS.1;ASV37;0;FS;food waste;start;start;1;Bacteria;Firmicutes;Bacilli;Lactobacillales;Lactobacillaceae;Pediococcus
FS.1;ASV38;0;FS;food waste;start;start;1;Bacteria;Proteobacteria;Gammaproteobacteria;Enterobacterales;Enterobacteriaceae;Klebsiella
FS.1;ASV39;0;FS;food waste;start;start;1;Bacteria;Firmicutes;Bacilli;Lactobacillales;Lactobacillaceae;Lactiplantibacillus
FS.1;ASV40;0;FS;food waste;start;start;1;Bacteria;Actinobacteriota;Actinobacteria;Corynebacteriales;Corynebacteriaceae;Corynebacterium
FS.1;ASV41;0;FS;food waste;start;start;1;Bacteria;Firmicutes;Clostridia;Clostridiales;Clostridiaceae;Clostridium sensu stricto 18
FS.1;ASV42;173;FS;food waste;start;start;1;Bacteria;Firmicutes;Bacilli;Lactobacillales;Streptococcaceae;Streptococcus
FS.1;ASV43;0;FS;food waste;start;start;1;Bacteria;Proteobacteria;Gammaproteobacteria;Enterobacterales;Enterobacteriaceae;Enterobacter*
FS.1;ASV44;0;FS;food waste;start;start;1;Bacteria;Firmicutes;Bacilli;Lactobacillales;Enterococcaceae;Enterococcus*
FS.1;ASV47;0;FS;food waste;start;start;1;Bacteria;Firmicutes;Bacilli;Lactobacillales;Lactobacillaceae;Lacticaseibacillus
FS.1;ASV49;0;FS;food waste;start;start;1;Bacteria;Firmicutes;Bacilli;Bacillales;Bacillaceae;Pseudogracilibacillus
FS.1;ASV50;27;FS;food waste;start;start;1;Bacteria;Proteobacteria;Gammaproteobacteria;Pseudomonadales;Pseudomonadaceae;Pseudomonas
FS.1;ASV51;70;FS;food waste;start;start;1;Bacteria;Firmicutes;Bacilli;Lactobacillales;Lactobacillaceae;Leuconostoc
FS.1;ASV52;0;FS;food waste;start;start;1;Bacteria;Firmicutes;Bacilli;Paenibacillales;Paenibacillaceae;Paenibacillus
FS.1;ASV53;0;FS;food waste;start;start;1;Bacteria;Actinobacteriota;Actinobacteria;Corynebacteriales;Corynebacteriaceae;Corynebacterium
FS.1;ASV54;0;FS;food waste;start;start;1;Bacteria;Firmicutes;Bacilli;Bacillales;Planococcaceae;Bacillus*
FS.1;ASV55;93;FS;food waste;start;start;1;Bacteria;Firmicutes;Bacilli;Bacillales;Bacillaceae;Bacillus
FS.1;ASV56;0;FS;food waste;start;start;1;Bacteria;Actinobacteriota;Actinobacteria;Corynebacteriales;Corynebacteriaceae;Corynebacterium
FS.1;ASV57;0;FS;food waste;start;start;1;Bacteria;Proteobacteria;Gammaproteobacteria;Enterobacterales;Morganellaceae;Providencia
FS.1;ASV58;0;FS;food waste;start;start;1;Bacteria;Actinobacteriota;Actinobacteria;Micrococcales;Brevibacteriaceae;Brevibacterium
FS.1;ASV59;0;FS;food waste;start;start;1;Bacteria;Firmicutes;Bacilli;Bacillales;Planococcaceae;Solibacillus
FS.1;ASV61;0;FS;food waste;start;start;1;Bacteria;Actinobacteriota;Actinobacteria;Corynebacteriales;Corynebacteriaceae;Corynebacterium
FS.1;ASV66;5;FS;food waste;start;start;1;Bacteria;Firmicutes;Bacilli;Staphylococcales;Staphylococcaceae;Staphylococcus
FS.1;ASV67;0;FS;food waste;start;start;1;Bacteria;Actinobacteriota;Actinobacteria;Micrococcales;Brevibacteriaceae;Brevibacterium
FS.1;ASV68;0;FS;food waste;start;start;1;Bacteria;Actinobacteriota;Actinobacteria;Micrococcales;Promicromonosporaceae;Cellulosimicrobium
FS.1;ASV69;0;FS;food waste;start;start;1;Bacteria;Firmicutes;Bacilli;Bacillales;Planococcaceae;Uncult. bacterium*
FS.1;ASV70;0;FS;food waste;start;start;1;Bacteria;Proteobacteria;Gammaproteobacteria;Xanthomonadales;Xanthomonadaceae;SN8
FS.1;ASV72;50;FS;food waste;start;start;1;Bacteria;Proteobacteria;Gammaproteobacteria;Pseudomonadales;Pseudomonadaceae;Pseudomonas
FS.1;ASV73;0;FS;food waste;start;start;1;Bacteria;Proteobacteria;Gammaproteobacteria;Burkholderiales;Burkholderiaceae;Ralstonia
FS.1;ASV75;0;FS;food waste;start;start;1;Bacteria;Firmicutes;Bacilli;Staphylococcales;Staphylococcaceae;
FS.1;ASV77;0;FS;food waste;start;start;1;Bacteria;Firmicutes;Bacilli;Bacillales;Planococcaceae;Solibacillus
FS.1;ASV78;0;FS;food waste;start;start;1;Bacteria;Firmicutes;Bacilli;Lactobacillales;Lactobacillaceae;Secundilactobacillus
FS.1;ASV79;32;FS;food waste;start;start;1;Bacteria;Proteobacteria;Gammaproteobacteria;Enterobacterales;Enterobacteriaceae;
FS.1;ASV80;18;FS;food waste;start;start;1;Bacteria;Firmicutes;Bacilli;Lactobacillales;Lactobacillaceae;Leuconostoc
FS.1;ASV81;17;FS;food waste;start;start;1;Bacteria;Firmicutes;Bacilli;Lactobacillales;Lactobacillaceae;Lactobacillus
FS.1;ASV83;5;FS;food waste;start;start;1;Bacteria;Proteobacteria;Gammaproteobacteria;Burkholderiales;Comamonadaceae;Delftia
FS.1;ASV84;0;FS;food waste;start;start;1;Bacteria;Firmicutes;Bacilli;Lactobacillales;Lactobacillaceae;Loigolactobacillus
FS.1;ASV87;11;FS;food waste;start;start;1;Bacteria;Firmicutes;Bacilli;Lactobacillales;Streptococcaceae;Streptococcus
FS.1;ASV90;5;FS;food waste;start;start;1;Bacteria;Proteobacteria;Gammaproteobacteria;Xanthomonadales;Xanthomonadaceae;Stenotrophomonas
FS.1;ASV91;0;FS;food waste;start;start;1;Bacteria;Firmicutes;Bacilli;Staphylococcales;Staphylococcaceae;Staphylococcus
FS.1;ASV92;0;FS;food waste;start;start;1;Bacteria;Proteobacteria;Gammaproteobacteria;Enterobacterales;Yersiniaceae;Yersinia
FS.1;ASV93;0;FS;food waste;start;start;1;Bacteria;Firmicutes;Bacilli;Bacillales;Bacillaceae;Oceanobacillus
FS.1;ASV94;0;FS;food waste;start;start;1;Bacteria;Firmicutes;Bacilli;Lactobacillales;Lactobacillaceae;Levilactobacillus
FS.1;ASV95;0;FS;food waste;start;start;1;Bacteria;Proteobacteria;Gammaproteobacteria;Pseudomonadales;Moraxellaceae;Psychrobacter
FS.1;ASV96;0;FS;food waste;start;start;1;Bacteria;Firmicutes;Bacilli;Lactobacillales;Lactobacillaceae;Lactobacillus
FS.1;ASV97;0;FS;food waste;start;start;1;Bacteria;Firmicutes;Bacilli;Lactobacillales;Lactobacillaceae;Lentilactobacillus
FS.1;ASV99;0;FS;food waste;start;start;1;Bacteria;Proteobacteria;Alphaproteobacteria;Sphingomonadales;Sphingomonadaceae;Sphingomonas
FS.1;ASV100;0;FS;food waste;start;start;1;Bacteria;Firmicutes;Bacilli;Lactobacillales;Lactobacillaceae;Lapidilactobacillus
FS.1;ASV101;0;FS;food waste;start;start;1;Bacteria;Bacteroidota;Bacteroidia;Bacteroidales;Tannerellaceae;Parabacteroides
FS.1;ASV104;0;FS;food waste;start;start;1;Bacteria;Firmicutes;Bacilli;Lactobacillales;Lactobacillaceae;Lactobacillus
FS.1;ASV105;0;FS;food waste;start;start;1;Bacteria;Actinobacteriota;Actinobacteria;Micrococcales;Promicromonosporaceae;Cellulosimicrobium
FS.1;ASV107;0;FS;food waste;start;start;1;Bacteria;Bacteroidota;Bacteroidia;Bacteroidales;Bacteroidaceae;Bacteroides
FS.1;ASV110;0;FS;food waste;start;start;1;Bacteria;Proteobacteria;Gammaproteobacteria;Enterobacterales;Enterobacteriaceae;
FS.1;ASV111;0;FS;food waste;start;start;1;Bacteria;Bacteroidota;Bacteroidia;Bacteroidales;Bacteroidaceae;Bacteroides
FS.1;ASV113;0;FS;food waste;start;start;1;Bacteria;Firmicutes;Bacilli;Staphylococcales;Staphylococcaceae;Jeotgalicoccus
FS.1;ASV114;0;FS;food waste;start;start;1;Bacteria;Firmicutes;Bacilli;Lactobacillales;Lactobacillaceae;Weissella
FS.1;ASV115;0;FS;food waste;start;start;1;Bacteria;Proteobacteria;Gammaproteobacteria;Pseudomonadales;Alcanivoracaceae1;Alcanivorax
FS.1;ASV116;0;FS;food waste;start;start;1;Bacteria;Firmicutes;Bacilli;Lactobacillales;Listeriaceae;Brochothrix
FS.1;ASV117;0;FS;food waste;start;start;1;Bacteria;Actinobacteriota;Actinobacteria;Corynebacteriales;Corynebacteriaceae;Corynebacterium
FS.1;ASV119;4;FS;food waste;start;start;1;Bacteria;Proteobacteria;Gammaproteobacteria;Pseudomonadales;Moraxellaceae;Psychrobacter
FS.1;ASV120;0;FS;food waste;start;start;1;Bacteria;Proteobacteria;Gammaproteobacteria;Burkholderiales;Sutterellaceae;Parasutterella
FS.1;ASV121;0;FS;food waste;start;start;1;Bacteria;Bacteroidota;Bacteroidia;Bacteroidales;Tannerellaceae;Parabacteroides
FS.1;ASV122;2;FS;food waste;start;start;1;Bacteria;Proteobacteria;Gammaproteobacteria;Enterobacterales;Vibrionaceae;Photobacterium
FS.1;ASV123;0;FS;food waste;start;start;1;Bacteria;Proteobacteria;Gammaproteobacteria;Pseudomonadales;Moraxellaceae;Acinetobacter
FS.1;ASV126;7;FS;food waste;start;start;1;Bacteria;Proteobacteria;Gammaproteobacteria;Enterobacterales;Erwiniaceae;
FS.1;ASV127;3;FS;food waste;start;start;1;Bacteria;Proteobacteria;Gammaproteobacteria;Pseudomonadales;Moraxellaceae;Acinetobacter
FS.1;ASV129;0;FS;food waste;start;start;1;Bacteria;Proteobacteria;Alphaproteobacteria;Rhizobiales;Beijerinckiaceae;Methylobacterium-Methylorubrum
FS.1;ASV130;0;FS;food waste;start;start;1;Bacteria;Proteobacteria;Alphaproteobacteria;Sphingomonadales;Sphingomonadaceae;Sphingomonas
FS.1;ASV131;0;FS;food waste;start;start;1;Bacteria;Bacteroidota;Bacteroidia;Bacteroidales;Porphyromonadaceae;Porphyromonas
FS.1;ASV133;5;FS;food waste;start;start;1;Bacteria;Proteobacteria;Gammaproteobacteria;Enterobacterales;Aeromonadaceae;Aeromonas
FS.1;ASV135;0;FS;food waste;start;start;1;Bacteria;Proteobacteria;Gammaproteobacteria;Pseudomonadales;Moraxellaceae;Acinetobacter
FS.1;ASV136;0;FS;food waste;start;start;1;Bacteria;Firmicutes;Clostridia;Oscillospirales;Ruminococcaceae;Faecalibacterium
FS.1;ASV138;0;FS;food waste;start;start;1;Bacteria;Firmicutes;Bacilli;Bacillales;Bacillaceae;Amphibacillus
FS.1;ASV139;0;FS;food waste;start;start;1;Bacteria;Actinobacteriota;Actinobacteria;Corynebacteriales;Corynebacteriaceae;Corynebacterium
FS.1;ASV140;0;FS;food waste;start;start;1;Bacteria;Proteobacteria;Gammaproteobacteria;Pseudomonadales;Pseudomonadaceae;Pseudomonas
FS.1;ASV141;8;FS;food waste;start;start;1;Bacteria;Firmicutes;Bacilli;Lactobacillales;Enterococcaceae;Tetragenococcus
FS.1;ASV143;0;FS;food waste;start;start;1;Bacteria;Firmicutes;Bacilli;Bacillales;Bacillaceae;Bacillus
FS.1;ASV144;0;FS;food waste;start;start;1;Bacteria;Proteobacteria;Gammaproteobacteria;Burkholderiales;Sutterellaceae;Parasutterella
FS.1;ASV149;0;FS;food waste;start;start;1;Bacteria;Firmicutes;Bacilli;Lactobacillales;Lactobacillaceae;Lactobacillus
FS.1;ASV150;0;FS;food waste;start;start;1;Bacteria;Proteobacteria;Gammaproteobacteria;Pseudomonadales;Moraxellaceae;Acinetobacter
FS.1;ASV152;0;FS;food waste;start;start;1;Bacteria;Firmicutes;Clostridia;Oscillospirales;Ruminococcaceae;Subdoligranulum
FS.1;ASV156;0;FS;food waste;start;start;1;Bacteria;Firmicutes;Bacilli;Lactobacillales;Lactobacillaceae;Lactobacillus
FS.1;ASV157;7;FS;food waste;start;start;1;Bacteria;Proteobacteria;Gammaproteobacteria;Enterobacterales;Yersiniaceae;
FS.1;ASV158;1;FS;food waste;start;start;1;Bacteria;Firmicutes;Bacilli;Lactobacillales;Lactobacillaceae;Leuconostoc
FS.1;ASV160;0;FS;food waste;start;start;1;Bacteria;Proteobacteria;Gammaproteobacteria;Burkholderiales;Burkholderiaceae;Ralstonia
FS.1;ASV161;0;FS;food waste;start;start;1;Bacteria;Proteobacteria;Gammaproteobacteria;Pseudomonadales;Moraxellaceae;Enhydrobacter
FS.1;ASV162;0;FS;food waste;start;start;1;Bacteria;Proteobacteria;Gammaproteobacteria;Pseudomonadales;Moraxellaceae;Acinetobacter
FS.1;ASV163;0;FS;food waste;start;start;1;Bacteria;Proteobacteria;Gammaproteobacteria;Enterobacterales;Aeromonadaceae;Aeromonas
FS.1;ASV166;0;FS;food waste;start;start;1;Bacteria;Firmicutes;Bacilli;Lactobacillales;Lactobacillaceae;Schleiferilactobacillus
FS.1;ASV168;0;FS;food waste;start;start;1;Bacteria;Firmicutes;Clostridia;Oscillospirales;Oscillospiraceae;Flavonifractor
FS.1;ASV169;0;FS;food waste;start;start;1;Bacteria;Firmicutes;Clostridia;Oscillospirales;Ruminococcaceae;Faecalibacterium
FS.1;ASV170;1;FS;food waste;start;start;1;Bacteria;Firmicutes;Bacilli;Lactobacillales;Streptococcaceae;Lactococcus
FS.1;ASV177;0;FS;food waste;start;start;1;Bacteria;Firmicutes;Bacilli;Lactobacillales;Streptococcaceae;Lactococcus
FS.1;ASV178;0;FS;food waste;start;start;1;Bacteria;Proteobacteria;Gammaproteobacteria;Burkholderiales;Burkholderiaceae;Burkholderia-Caballeronia-Paraburkholderia
FS.1;ASV179;0;FS;food waste;start;start;1;Bacteria;Proteobacteria;Gammaproteobacteria;Burkholderiales;Comamonadaceae;Aquabacterium
FS.1;ASV186;0;FS;food waste;start;start;1;Bacteria;Firmicutes;Bacilli;Paenibacillales;Paenibacillaceae;Paenibacillus
FS.1;ASV187;0;FS;food waste;start;start;1;Bacteria;Proteobacteria;Gammaproteobacteria;Burkholderiales;Burkholderiaceae;Burkholderia-Caballeronia-Paraburkholderia
FS.1;ASV188;0;FS;food waste;start;start;1;Bacteria;Firmicutes;Bacilli;Lactobacillales;Lactobacillaceae;Lactobacillus
FS.1;ASV189;0;FS;food waste;start;start;1;Bacteria;Bacteroidota;Bacteroidia;Bacteroidales;Bacteroidaceae;Bacteroides
FS.1;ASV190;0;FS;food waste;start;start;1;Bacteria;Firmicutes;Clostridia;Lachnospirales;Lachnospiraceae;Lachnospira
FS.1;ASV199;0;FS;food waste;start;start;1;Bacteria;Firmicutes;Bacilli;Lactobacillales;Lactobacillaceae;HT002
FS.1;ASV200;0;FS;food waste;start;start;1;Bacteria;Proteobacteria;Gammaproteobacteria;Enterobacterales;Pseudoalteromonadaceae;Pseudoalteromonas
FS.1;ASV201;0;FS;food waste;start;start;1;Bacteria;Firmicutes;Clostridia;Lachnospirales;Lachnospiraceae;[Eubacterium] eligens group
FS.1;ASV202;0;FS;food waste;start;start;1;Bacteria;Proteobacteria;Gammaproteobacteria;Burkholderiales;Sutterellaceae;Parasutterella
FS.1;ASV203;0;FS;food waste;start;start;1;Bacteria;Firmicutes;Clostridia;Lachnospirales;Lachnospiraceae;[Eubacterium] eligens group
FS.1;ASV204;4;FS;food waste;start;start;1;Bacteria;Proteobacteria;Gammaproteobacteria;Xanthomonadales;Xanthomonadaceae;
FS.1;ASV219;0;FS;food waste;start;start;1;Bacteria;Proteobacteria;Gammaproteobacteria;Burkholderiales;Alcaligenaceae;Achromobacter
FS.1;ASV221;0;FS;food waste;start;start;1;Bacteria;Firmicutes;Bacilli;Lactobacillales;Lactobacillaceae;Lacticaseibacillus
FS.1;ASV222;0;FS;food waste;start;start;1;Bacteria;Proteobacteria;Gammaproteobacteria;Xanthomonadales;Xanthomonadaceae;Arenimonas
FS.1;ASV223;0;FS;food waste;start;start;1;Bacteria;Proteobacteria;Gammaproteobacteria;Pseudomonadales;Pseudomonadaceae;Pseudomonas
FS.1;ASV225;0;FS;food waste;start;start;1;Bacteria;Firmicutes;Bacilli;Lactobacillales;Lactobacillaceae;Weissella
FS.1;ASV227;0;FS;food waste;start;start;1;Bacteria;Firmicutes;Bacilli;Lactobacillales;Streptococcaceae;
FS.1;ASV228;0;FS;food waste;start;start;1;Bacteria;Firmicutes;Bacilli;Alicyclobacillales;Alicyclobacillaceae;Alicyclobacillus
FS.1;ASV230;0;FS;food waste;start;start;1;Bacteria;Firmicutes;Clostridia;Peptostreptococcales-Tissierellales;Family XI;Anaerococcus
FS.1;ASV232;0;FS;food waste;start;start;1;Bacteria;Firmicutes;Clostridia;Peptostreptococcales-Tissierellales;Clostridiisalibacter;
FS.1;ASV257;0;FS;food waste;start;start;1;Bacteria;Actinobacteriota;Actinobacteria;Micrococcales;Micrococcaceae;Pseudarthrobacter
FS.1;ASV258;0;FS;food waste;start;start;1;Bacteria;Firmicutes;Bacilli;Bacillales;Bacillaceae;Oceanobacillus
FS.1;ASV259;0;FS;food waste;start;start;1;Bacteria;Verrucomicrobiota;Verrucomicrobiae;Pedosphaerales;Pedosphaeraceae;ADurb.Bin063-1
FS.1;ASV261;0;FS;food waste;start;start;1;Bacteria;Proteobacteria;Gammaproteobacteria;Pseudomonadales;Moraxellaceae;Enhydrobacter
FS.1;ASV263;0;FS;food waste;start;start;1;Bacteria;Firmicutes;Clostridia;Clostridiales;Clostridiaceae;Clostridium sensu stricto 18
FS.1;ASV265;0;FS;food waste;start;start;1;Bacteria;Proteobacteria;Gammaproteobacteria;Enterobacterales;Pasteurellaceae;Haemophilus
FS.1;ASV266;0;FS;food waste;start;start;1;Bacteria;Proteobacteria;Gammaproteobacteria;Burkholderiales;Comamonadaceae;
FS.1;ASV267;0;FS;food waste;start;start;1;Bacteria;Actinobacteriota;Actinobacteria;Frankiales;Nakamurellaceae;Nakamurella
FS.1;ASV269;0;FS;food waste;start;start;1;Bacteria;Proteobacteria;Gammaproteobacteria;Burkholderiales;Comamonadaceae;
FS.1;ASV270;0;FS;food waste;start;start;1;Bacteria;Actinobacteriota;Actinobacteria;Streptomycetales;Streptomycetaceae;Streptomyces
FS.1;ASV271;0;FS;food waste;start;start;1;Bacteria;Firmicutes;Bacilli;Acholeplasmatales;Acholeplasmataceae;Candidatus Phytoplasma
FS.1;ASV272;0;FS;food waste;start;start;1;Bacteria;Bacteroidota;Bacteroidia;Bacteroidales;Tannerellaceae;Parabacteroides
FS.1;ASV275;0;FS;food waste;start;start;1;Bacteria;Firmicutes;Negativicutes;Veillonellales-Selenomonadales;Veillonellaceae;Dialister
FS.1;ASV277;0;FS;food waste;start;start;1;Bacteria;Firmicutes;Bacilli;Lactobacillales;Carnobacteriaceae;
FS.1;ASV280;0;FS;food waste;start;start;1;Bacteria;Actinobacteriota;Actinobacteria;Streptomycetales;Streptomycetaceae;Streptomyces
FS.1;ASV314;0;FS;food waste;start;start;1;Bacteria;Proteobacteria;Gammaproteobacteria;Xanthomonadales;Xanthomonadaceae;Arenimonas
FS.1;ASV318;0;FS;food waste;start;start;1;Bacteria;Chloroflexi;Chloroflexia;Thermomicrobiales;JG30-KF-CM45;
FS.1;ASV319;0;FS;food waste;start;start;1;Bacteria;Proteobacteria;Gammaproteobacteria;Xanthomonadales;Xanthomonadaceae;Arenimonas
FS.1;ASV323;0;FS;food waste;start;start;1;Bacteria;Gemmatimonadota;Gemmatimonadetes;Gemmatimonadales;Gemmatimonadaceae;
FS.1;ASV326;0;FS;food waste;start;start;1;Bacteria;Proteobacteria;Alphaproteobacteria;Rhizobiales;Rhizobiales Incertae Sedis;Nordella
FS.1;ASV328;0;FS;food waste;start;start;1;Bacteria;Chloroflexi;Anaerolineae;Anaerolineales;Anaerolineaceae;
FS.1;ASV329;0;FS;food waste;start;start;1;Bacteria;Proteobacteria;Gammaproteobacteria;Burkholderiales;Oxalobacteraceae;
FS.1;ASV331;0;FS;food waste;start;start;1;Bacteria;Proteobacteria;Gammaproteobacteria;Steroidobacterales;Woeseiaceae;Woeseia
FS.1;ASV333;0;FS;food waste;start;start;1;Bacteria;Proteobacteria;Gammaproteobacteria;Xanthomonadales;Xanthomonadaceae;
FS.1;ASV334;0;FS;food waste;start;start;1;Bacteria;Firmicutes;Clostridia;Lachnospirales;Lachnospiraceae;
FS.1;ASV336;0;FS;food waste;start;start;1;Bacteria;Bacteroidota;Bacteroidia;Flavobacteriales;Weeksellaceae;Empedobacter
FS.1;ASV337;0;FS;food waste;start;start;1;Bacteria;Proteobacteria;Alphaproteobacteria;Rhizobiales;Beijerinckiaceae;Microvirga
FS.1;ASV338;0;FS;food waste;start;start;1;Bacteria;Planctomycetota;Brocadiae;Brocadiales;Brocadiaceae;Candidatus Brocadia
FS.1;ASV339;0;FS;food waste;start;start;1;Bacteria;Proteobacteria;Alphaproteobacteria;Rhizobiales;Beijerinckiaceae;Methylobacterium-Methylorubrum
FS.1;ASV340;0;FS;food waste;start;start;1;Bacteria;Proteobacteria;Gammaproteobacteria;Pseudomonadales;Moraxellaceae;Acinetobacter
FS.1;ASV342;0;FS;food waste;start;start;1;Bacteria;Planctomycetota;Brocadiae;Brocadiales;Brocadiaceae;Candidatus Brocadia
FS.1;ASV344;0;FS;food waste;start;start;1;Bacteria;Actinobacteriota;Actinobacteria;Frankiales;Nakamurellaceae;Nakamurella
FS.1;ASV345;0;FS;food waste;start;start;1;Bacteria;Hydrogenedentes;Hydrogenedentia;Hydrogenedentiales;Hydrogenedensaceae;
FS.1;ASV346;0;FS;food waste;start;start;1;Bacteria;Gemmatimonadota;Gemmatimonadetes;Gemmatimonadales;Gemmatimonadaceae;
FS.1;ASV352;0;FS;food waste;start;start;1;Bacteria;Proteobacteria;Gammaproteobacteria;Pseudomonadales;Marinobacteraceae;Marinobacter
FS.1;ASV353;0;FS;food waste;start;start;1;Bacteria;Acidobacteriota;Vicinamibacteria;Vicinamibacterales;Vicinamibacteraceae;
FS.1;ASV354;0;FS;food waste;start;start;1;Bacteria;Proteobacteria;Gammaproteobacteria;Pseudomonadales;Alcanivoracaceae1;Alcanivorax
FS.1;ASV355;0;FS;food waste;start;start;1;Bacteria;Actinobacteriota;Acidimicrobiia;Microtrichales;Iamiaceae;Iamia
FS.1;ASV360;1;FS;food waste;start;start;1;Bacteria;Actinobacteriota;Actinobacteria;Corynebacteriales;Corynebacteriaceae;
FS.1;ASV361;1;FS;food waste;start;start;1;Bacteria;Proteobacteria;Gammaproteobacteria;Burkholderiales;Alcaligenaceae;Paenalcaligenes
FS.2;ASV1;0;FS;food waste;start;start;2;Bacteria;Proteobacteria;Gammaproteobacteria;Enterobacterales;Morganellaceae;Providencia
FS.2;ASV2;1994;FS;food waste;start;start;2;Bacteria;Proteobacteria;Gammaproteobacteria;Enterobacterales;Enterobacteriaceae;Klebsiella
FS.2;ASV3;227;FS;food waste;start;start;2;Bacteria;Proteobacteria;Gammaproteobacteria;Enterobacterales;Enterobacteriaceae;Enterobacter*
FS.2;ASV4;0;FS;food waste;start;start;2;Bacteria;Firmicutes;Bacilli;Lactobacillales;Enterococcaceae;Enterococcus
FS.2;ASV5;1534;FS;food waste;start;start;2;Bacteria;Firmicutes;Bacilli;Lactobacillales;Lactobacillaceae;Lactiplantibacillus
FS.2;ASV6;0;FS;food waste;start;start;2;Bacteria;Firmicutes;Bacilli;Lactobacillales;Lactobacillaceae;Lactobacillus
FS.2;ASV7;16625;FS;food waste;start;start;2;Bacteria;Firmicutes;Bacilli;Lactobacillales;Lactobacillaceae;Weissella
FS.2;ASV8;0;FS;food waste;start;start;2;Bacteria;Firmicutes;Bacilli;Lactobacillales;Enterococcaceae;Enterococcus
FS.2;ASV9;0;FS;food waste;start;start;2;Bacteria;Firmicutes;Bacilli;Lactobacillales;Lactobacillaceae;Levilactobacillus
FS.2;ASV10;16519;FS;food waste;start;start;2;Bacteria;Firmicutes;Bacilli;Lactobacillales;Streptococcaceae;Lactococcus
FS.2;ASV11;0;FS;food waste;start;start;2;Bacteria;Firmicutes;Bacilli;Lactobacillales;Lactobacillaceae;Lactobacillus
FS.2;ASV12;6834;FS;food waste;start;start;2;Bacteria;Firmicutes;Bacilli;Lactobacillales;Lactobacillaceae;Leuconostoc
FS.2;ASV13;0;FS;food waste;start;start;2;Bacteria;Firmicutes;Bacilli;Staphylococcales;Staphylococcaceae;Mammaliicoccus*
FS.2;ASV14;723;FS;food waste;start;start;2;Bacteria;Firmicutes;Bacilli;Lactobacillales;Enterococcaceae;Enterococcus
FS.2;ASV15;41;FS;food waste;start;start;2;Bacteria;Firmicutes;Bacilli;Lactobacillales;Lactobacillaceae;Lacticaseibacillus
FS.2;ASV16;0;FS;food waste;start;start;2;Bacteria;Firmicutes;Bacilli;Lactobacillales;Carnobacteriaceae;Atopostipes
FS.2;ASV17;283;FS;food waste;start;start;2;Bacteria;Firmicutes;Bacilli;Lactobacillales;Lactobacillaceae;Lactiplantibacillus
FS.2;ASV18;0;FS;food waste;start;start;2;Bacteria;Actinobacteriota;Actinobacteria;Actinomycetales;Actinomycetaceae;Actinomyces
FS.2;ASV19;0;FS;food waste;start;start;2;Bacteria;Proteobacteria;Gammaproteobacteria;Enterobacterales;Morganellaceae;Proteus
FS.2;ASV20;0;FS;food waste;start;start;2;Bacteria;Actinobacteriota;Actinobacteria;Corynebacteriales;Corynebacteriaceae;Corynebacterium
FS.2;ASV21;67;FS;food waste;start;start;2;Bacteria;Firmicutes;Bacilli;Bacillales;Bacillaceae;Bacillus
FS.2;ASV22;0;FS;food waste;start;start;2;Bacteria;Firmicutes;Bacilli;Lactobacillales;Lactobacillaceae;Lacticaseibacillus
FS.2;ASV23;75;FS;food waste;start;start;2;Bacteria;Firmicutes;Bacilli;Lactobacillales;Lactobacillaceae;Limosilactobacillus
FS.2;ASV24;0;FS;food waste;start;start;2;Bacteria;Proteobacteria;Gammaproteobacteria;Enterobacterales;Enterobacteriaceae;Escherichia-Shigella
FS.2;ASV25;0;FS;food waste;start;start;2;Bacteria;Firmicutes;Bacilli;Lactobacillales;Enterococcaceae;Enterococcus
FS.2;ASV26;675;FS;food waste;start;start;2;Bacteria;Firmicutes;Bacilli;Lactobacillales;Lactobacillaceae;Leuconostoc
FS.2;ASV27;0;FS;food waste;start;start;2;Bacteria;Firmicutes;Bacilli;Paenibacillales;Paenibacillaceae;Paenibacillus
FS.2;ASV28;0;FS;food waste;start;start;2;Bacteria;Firmicutes;Bacilli;Lactobacillales;Lactobacillaceae;Lacticaseibacillus
FS.2;ASV29;0;FS;food waste;start;start;2;Bacteria;Firmicutes;Bacilli;Bacillales;Bacillaceae;Pseudogracilibacillus
FS.2;ASV32;0;FS;food waste;start;start;2;Bacteria;Firmicutes;Bacilli;Lactobacillales;Lactobacillaceae;Lactobacillus
FS.2;ASV33;759;FS;food waste;start;start;2;Bacteria;Firmicutes;Bacilli;Lactobacillales;Streptococcaceae;Streptococcus
FS.2;ASV34;0;FS;food waste;start;start;2;Bacteria;Proteobacteria;Gammaproteobacteria;Enterobacterales;Enterobacteriaceae;Klebsiella
FS.2;ASV35;0;FS;food waste;start;start;2;Bacteria;Firmicutes;Bacilli;Lactobacillales;Lactobacillaceae;Weissella
FS.2;ASV36;0;FS;food waste;start;start;2;Bacteria;Proteobacteria;Gammaproteobacteria;Enterobacterales;Morganellaceae;Providencia
FS.2;ASV37;0;FS;food waste;start;start;2;Bacteria;Firmicutes;Bacilli;Lactobacillales;Lactobacillaceae;Pediococcus
FS.2;ASV38;0;FS;food waste;start;start;2;Bacteria;Proteobacteria;Gammaproteobacteria;Enterobacterales;Enterobacteriaceae;Klebsiella
FS.2;ASV39;0;FS;food waste;start;start;2;Bacteria;Firmicutes;Bacilli;Lactobacillales;Lactobacillaceae;Lactiplantibacillus
FS.2;ASV40;0;FS;food waste;start;start;2;Bacteria;Actinobacteriota;Actinobacteria;Corynebacteriales;Corynebacteriaceae;Corynebacterium
FS.2;ASV41;0;FS;food waste;start;start;2;Bacteria;Firmicutes;Clostridia;Clostridiales;Clostridiaceae;Clostridium sensu stricto 18
FS.2;ASV42;232;FS;food waste;start;start;2;Bacteria;Firmicutes;Bacilli;Lactobacillales;Streptococcaceae;Streptococcus
FS.2;ASV43;0;FS;food waste;start;start;2;Bacteria;Proteobacteria;Gammaproteobacteria;Enterobacterales;Enterobacteriaceae;Enterobacter*
FS.2;ASV44;0;FS;food waste;start;start;2;Bacteria;Firmicutes;Bacilli;Lactobacillales;Enterococcaceae;Enterococcus*
FS.2;ASV47;0;FS;food waste;start;start;2;Bacteria;Firmicutes;Bacilli;Lactobacillales;Lactobacillaceae;Lacticaseibacillus
FS.2;ASV49;0;FS;food waste;start;start;2;Bacteria;Firmicutes;Bacilli;Bacillales;Bacillaceae;Pseudogracilibacillus
FS.2;ASV50;16;FS;food waste;start;start;2;Bacteria;Proteobacteria;Gammaproteobacteria;Pseudomonadales;Pseudomonadaceae;Pseudomonas
FS.2;ASV51;113;FS;food waste;start;start;2;Bacteria;Firmicutes;Bacilli;Lactobacillales;Lactobacillaceae;Leuconostoc
FS.2;ASV52;0;FS;food waste;start;start;2;Bacteria;Firmicutes;Bacilli;Paenibacillales;Paenibacillaceae;Paenibacillus
FS.2;ASV53;0;FS;food waste;start;start;2;Bacteria;Actinobacteriota;Actinobacteria;Corynebacteriales;Corynebacteriaceae;Corynebacterium
FS.2;ASV54;0;FS;food waste;start;start;2;Bacteria;Firmicutes;Bacilli;Bacillales;Planococcaceae;Bacillus*
FS.2;ASV55;72;FS;food waste;start;start;2;Bacteria;Firmicutes;Bacilli;Bacillales;Bacillaceae;Bacillus
FS.2;ASV56;0;FS;food waste;start;start;2;Bacteria;Actinobacteriota;Actinobacteria;Corynebacteriales;Corynebacteriaceae;Corynebacterium
FS.2;ASV57;0;FS;food waste;start;start;2;Bacteria;Proteobacteria;Gammaproteobacteria;Enterobacterales;Morganellaceae;Providencia
FS.2;ASV58;0;FS;food waste;start;start;2;Bacteria;Actinobacteriota;Actinobacteria;Micrococcales;Brevibacteriaceae;Brevibacterium
FS.2;ASV59;0;FS;food waste;start;start;2;Bacteria;Firmicutes;Bacilli;Bacillales;Planococcaceae;Solibacillus
FS.2;ASV61;0;FS;food waste;start;start;2;Bacteria;Actinobacteriota;Actinobacteria;Corynebacteriales;Corynebacteriaceae;Corynebacterium
FS.2;ASV66;18;FS;food waste;start;start;2;Bacteria;Firmicutes;Bacilli;Staphylococcales;Staphylococcaceae;Staphylococcus
FS.2;ASV67;0;FS;food waste;start;start;2;Bacteria;Actinobacteriota;Actinobacteria;Micrococcales;Brevibacteriaceae;Brevibacterium
FS.2;ASV68;0;FS;food waste;start;start;2;Bacteria;Actinobacteriota;Actinobacteria;Micrococcales;Promicromonosporaceae;Cellulosimicrobium
FS.2;ASV69;0;FS;food waste;start;start;2;Bacteria;Firmicutes;Bacilli;Bacillales;Planococcaceae;Uncult. bacterium*
FS.2;ASV70;0;FS;food waste;start;start;2;Bacteria;Proteobacteria;Gammaproteobacteria;Xanthomonadales;Xanthomonadaceae;SN8
FS.2;ASV72;38;FS;food waste;start;start;2;Bacteria;Proteobacteria;Gammaproteobacteria;Pseudomonadales;Pseudomonadaceae;Pseudomonas
FS.2;ASV73;0;FS;food waste;start;start;2;Bacteria;Proteobacteria;Gammaproteobacteria;Burkholderiales;Burkholderiaceae;Ralstonia
FS.2;ASV75;0;FS;food waste;start;start;2;Bacteria;Firmicutes;Bacilli;Staphylococcales;Staphylococcaceae;
FS.2;ASV77;0;FS;food waste;start;start;2;Bacteria;Firmicutes;Bacilli;Bacillales;Planococcaceae;Solibacillus
FS.2;ASV78;0;FS;food waste;start;start;2;Bacteria;Firmicutes;Bacilli;Lactobacillales;Lactobacillaceae;Secundilactobacillus
FS.2;ASV79;39;FS;food waste;start;start;2;Bacteria;Proteobacteria;Gammaproteobacteria;Enterobacterales;Enterobacteriaceae;
FS.2;ASV80;11;FS;food waste;start;start;2;Bacteria;Firmicutes;Bacilli;Lactobacillales;Lactobacillaceae;Leuconostoc
FS.2;ASV81;24;FS;food waste;start;start;2;Bacteria;Firmicutes;Bacilli;Lactobacillales;Lactobacillaceae;Lactobacillus
FS.2;ASV83;4;FS;food waste;start;start;2;Bacteria;Proteobacteria;Gammaproteobacteria;Burkholderiales;Comamonadaceae;Delftia
FS.2;ASV84;0;FS;food waste;start;start;2;Bacteria;Firmicutes;Bacilli;Lactobacillales;Lactobacillaceae;Loigolactobacillus
FS.2;ASV87;5;FS;food waste;start;start;2;Bacteria;Firmicutes;Bacilli;Lactobacillales;Streptococcaceae;Streptococcus
FS.2;ASV90;0;FS;food waste;start;start;2;Bacteria;Proteobacteria;Gammaproteobacteria;Xanthomonadales;Xanthomonadaceae;Stenotrophomonas
FS.2;ASV91;0;FS;food waste;start;start;2;Bacteria;Firmicutes;Bacilli;Staphylococcales;Staphylococcaceae;Staphylococcus
FS.2;ASV92;0;FS;food waste;start;start;2;Bacteria;Proteobacteria;Gammaproteobacteria;Enterobacterales;Yersiniaceae;Yersinia
FS.2;ASV93;0;FS;food waste;start;start;2;Bacteria;Firmicutes;Bacilli;Bacillales;Bacillaceae;Oceanobacillus
FS.2;ASV94;0;FS;food waste;start;start;2;Bacteria;Firmicutes;Bacilli;Lactobacillales;Lactobacillaceae;Levilactobacillus
FS.2;ASV95;0;FS;food waste;start;start;2;Bacteria;Proteobacteria;Gammaproteobacteria;Pseudomonadales;Moraxellaceae;Psychrobacter
FS.2;ASV96;0;FS;food waste;start;start;2;Bacteria;Firmicutes;Bacilli;Lactobacillales;Lactobacillaceae;Lactobacillus
FS.2;ASV97;0;FS;food waste;start;start;2;Bacteria;Firmicutes;Bacilli;Lactobacillales;Lactobacillaceae;Lentilactobacillus
FS.2;ASV99;0;FS;food waste;start;start;2;Bacteria;Proteobacteria;Alphaproteobacteria;Sphingomonadales;Sphingomonadaceae;Sphingomonas
FS.2;ASV100;0;FS;food waste;start;start;2;Bacteria;Firmicutes;Bacilli;Lactobacillales;Lactobacillaceae;Lapidilactobacillus
FS.2;ASV101;0;FS;food waste;start;start;2;Bacteria;Bacteroidota;Bacteroidia;Bacteroidales;Tannerellaceae;Parabacteroides
FS.2;ASV104;0;FS;food waste;start;start;2;Bacteria;Firmicutes;Bacilli;Lactobacillales;Lactobacillaceae;Lactobacillus
FS.2;ASV105;0;FS;food waste;start;start;2;Bacteria;Actinobacteriota;Actinobacteria;Micrococcales;Promicromonosporaceae;Cellulosimicrobium
FS.2;ASV107;0;FS;food waste;start;start;2;Bacteria;Bacteroidota;Bacteroidia;Bacteroidales;Bacteroidaceae;Bacteroides
FS.2;ASV110;0;FS;food waste;start;start;2;Bacteria;Proteobacteria;Gammaproteobacteria;Enterobacterales;Enterobacteriaceae;
FS.2;ASV111;0;FS;food waste;start;start;2;Bacteria;Bacteroidota;Bacteroidia;Bacteroidales;Bacteroidaceae;Bacteroides
FS.2;ASV113;0;FS;food waste;start;start;2;Bacteria;Firmicutes;Bacilli;Staphylococcales;Staphylococcaceae;Jeotgalicoccus
FS.2;ASV114;0;FS;food waste;start;start;2;Bacteria;Firmicutes;Bacilli;Lactobacillales;Lactobacillaceae;Weissella
FS.2;ASV115;0;FS;food waste;start;start;2;Bacteria;Proteobacteria;Gammaproteobacteria;Pseudomonadales;Alcanivoracaceae1;Alcanivorax
FS.2;ASV116;0;FS;food waste;start;start;2;Bacteria;Firmicutes;Bacilli;Lactobacillales;Listeriaceae;Brochothrix
FS.2;ASV117;0;FS;food waste;start;start;2;Bacteria;Actinobacteriota;Actinobacteria;Corynebacteriales;Corynebacteriaceae;Corynebacterium
FS.2;ASV119;1;FS;food waste;start;start;2;Bacteria;Proteobacteria;Gammaproteobacteria;Pseudomonadales;Moraxellaceae;Psychrobacter
FS.2;ASV120;0;FS;food waste;start;start;2;Bacteria;Proteobacteria;Gammaproteobacteria;Burkholderiales;Sutterellaceae;Parasutterella
FS.2;ASV121;0;FS;food waste;start;start;2;Bacteria;Bacteroidota;Bacteroidia;Bacteroidales;Tannerellaceae;Parabacteroides
FS.2;ASV122;9;FS;food waste;start;start;2;Bacteria;Proteobacteria;Gammaproteobacteria;Enterobacterales;Vibrionaceae;Photobacterium
FS.2;ASV123;0;FS;food waste;start;start;2;Bacteria;Proteobacteria;Gammaproteobacteria;Pseudomonadales;Moraxellaceae;Acinetobacter
FS.2;ASV126;0;FS;food waste;start;start;2;Bacteria;Proteobacteria;Gammaproteobacteria;Enterobacterales;Erwiniaceae;
FS.2;ASV127;0;FS;food waste;start;start;2;Bacteria;Proteobacteria;Gammaproteobacteria;Pseudomonadales;Moraxellaceae;Acinetobacter
FS.2;ASV129;0;FS;food waste;start;start;2;Bacteria;Proteobacteria;Alphaproteobacteria;Rhizobiales;Beijerinckiaceae;Methylobacterium-Methylorubrum
FS.2;ASV130;0;FS;food waste;start;start;2;Bacteria;Proteobacteria;Alphaproteobacteria;Sphingomonadales;Sphingomonadaceae;Sphingomonas
FS.2;ASV131;0;FS;food waste;start;start;2;Bacteria;Bacteroidota;Bacteroidia;Bacteroidales;Porphyromonadaceae;Porphyromonas
FS.2;ASV133;0;FS;food waste;start;start;2;Bacteria;Proteobacteria;Gammaproteobacteria;Enterobacterales;Aeromonadaceae;Aeromonas
FS.2;ASV135;0;FS;food waste;start;start;2;Bacteria;Proteobacteria;Gammaproteobacteria;Pseudomonadales;Moraxellaceae;Acinetobacter
FS.2;ASV136;0;FS;food waste;start;start;2;Bacteria;Firmicutes;Clostridia;Oscillospirales;Ruminococcaceae;Faecalibacterium
FS.2;ASV138;0;FS;food waste;start;start;2;Bacteria;Firmicutes;Bacilli;Bacillales;Bacillaceae;Amphibacillus
FS.2;ASV139;0;FS;food waste;start;start;2;Bacteria;Actinobacteriota;Actinobacteria;Corynebacteriales;Corynebacteriaceae;Corynebacterium
FS.2;ASV140;12;FS;food waste;start;start;2;Bacteria;Proteobacteria;Gammaproteobacteria;Pseudomonadales;Pseudomonadaceae;Pseudomonas
FS.2;ASV141;0;FS;food waste;start;start;2;Bacteria;Firmicutes;Bacilli;Lactobacillales;Enterococcaceae;Tetragenococcus
FS.2;ASV143;0;FS;food waste;start;start;2;Bacteria;Firmicutes;Bacilli;Bacillales;Bacillaceae;Bacillus
FS.2;ASV144;0;FS;food waste;start;start;2;Bacteria;Proteobacteria;Gammaproteobacteria;Burkholderiales;Sutterellaceae;Parasutterella
FS.2;ASV149;0;FS;food waste;start;start;2;Bacteria;Firmicutes;Bacilli;Lactobacillales;Lactobacillaceae;Lactobacillus
FS.2;ASV150;0;FS;food waste;start;start;2;Bacteria;Proteobacteria;Gammaproteobacteria;Pseudomonadales;Moraxellaceae;Acinetobacter
FS.2;ASV152;0;FS;food waste;start;start;2;Bacteria;Firmicutes;Clostridia;Oscillospirales;Ruminococcaceae;Subdoligranulum
FS.2;ASV156;0;FS;food waste;start;start;2;Bacteria;Firmicutes;Bacilli;Lactobacillales;Lactobacillaceae;Lactobacillus
FS.2;ASV157;0;FS;food waste;start;start;2;Bacteria;Proteobacteria;Gammaproteobacteria;Enterobacterales;Yersiniaceae;
FS.2;ASV158;0;FS;food waste;start;start;2;Bacteria;Firmicutes;Bacilli;Lactobacillales;Lactobacillaceae;Leuconostoc
FS.2;ASV160;0;FS;food waste;start;start;2;Bacteria;Proteobacteria;Gammaproteobacteria;Burkholderiales;Burkholderiaceae;Ralstonia
FS.2;ASV161;0;FS;food waste;start;start;2;Bacteria;Proteobacteria;Gammaproteobacteria;Pseudomonadales;Moraxellaceae;Enhydrobacter
FS.2;ASV162;0;FS;food waste;start;start;2;Bacteria;Proteobacteria;Gammaproteobacteria;Pseudomonadales;Moraxellaceae;Acinetobacter
FS.2;ASV163;9;FS;food waste;start;start;2;Bacteria;Proteobacteria;Gammaproteobacteria;Enterobacterales;Aeromonadaceae;Aeromonas
FS.2;ASV166;0;FS;food waste;start;start;2;Bacteria;Firmicutes;Bacilli;Lactobacillales;Lactobacillaceae;Schleiferilactobacillus
FS.2;ASV168;0;FS;food waste;start;start;2;Bacteria;Firmicutes;Clostridia;Oscillospirales;Oscillospiraceae;Flavonifractor
FS.2;ASV169;0;FS;food waste;start;start;2;Bacteria;Firmicutes;Clostridia;Oscillospirales;Ruminococcaceae;Faecalibacterium
FS.2;ASV170;0;FS;food waste;start;start;2;Bacteria;Firmicutes;Bacilli;Lactobacillales;Streptococcaceae;Lactococcus
FS.2;ASV177;0;FS;food waste;start;start;2;Bacteria;Firmicutes;Bacilli;Lactobacillales;Streptococcaceae;Lactococcus
FS.2;ASV178;0;FS;food waste;start;start;2;Bacteria;Proteobacteria;Gammaproteobacteria;Burkholderiales;Burkholderiaceae;Burkholderia-Caballeronia-Paraburkholderia
FS.2;ASV179;0;FS;food waste;start;start;2;Bacteria;Proteobacteria;Gammaproteobacteria;Burkholderiales;Comamonadaceae;Aquabacterium
FS.2;ASV186;0;FS;food waste;start;start;2;Bacteria;Firmicutes;Bacilli;Paenibacillales;Paenibacillaceae;Paenibacillus
FS.2;ASV187;0;FS;food waste;start;start;2;Bacteria;Proteobacteria;Gammaproteobacteria;Burkholderiales;Burkholderiaceae;Burkholderia-Caballeronia-Paraburkholderia
FS.2;ASV188;0;FS;food waste;start;start;2;Bacteria;Firmicutes;Bacilli;Lactobacillales;Lactobacillaceae;Lactobacillus
FS.2;ASV189;0;FS;food waste;start;start;2;Bacteria;Bacteroidota;Bacteroidia;Bacteroidales;Bacteroidaceae;Bacteroides
FS.2;ASV190;0;FS;food waste;start;start;2;Bacteria;Firmicutes;Clostridia;Lachnospirales;Lachnospiraceae;Lachnospira
FS.2;ASV199;0;FS;food waste;start;start;2;Bacteria;Firmicutes;Bacilli;Lactobacillales;Lactobacillaceae;HT002
FS.2;ASV200;0;FS;food waste;start;start;2;Bacteria;Proteobacteria;Gammaproteobacteria;Enterobacterales;Pseudoalteromonadaceae;Pseudoalteromonas
FS.2;ASV201;0;FS;food waste;start;start;2;Bacteria;Firmicutes;Clostridia;Lachnospirales;Lachnospiraceae;[Eubacterium] eligens group
FS.2;ASV202;0;FS;food waste;start;start;2;Bacteria;Proteobacteria;Gammaproteobacteria;Burkholderiales;Sutterellaceae;Parasutterella
FS.2;ASV203;0;FS;food waste;start;start;2;Bacteria;Firmicutes;Clostridia;Lachnospirales;Lachnospiraceae;[Eubacterium] eligens group
FS.2;ASV204;0;FS;food waste;start;start;2;Bacteria;Proteobacteria;Gammaproteobacteria;Xanthomonadales;Xanthomonadaceae;
FS.2;ASV219;0;FS;food waste;start;start;2;Bacteria;Proteobacteria;Gammaproteobacteria;Burkholderiales;Alcaligenaceae;Achromobacter
FS.2;ASV221;0;FS;food waste;start;start;2;Bacteria;Firmicutes;Bacilli;Lactobacillales;Lactobacillaceae;Lacticaseibacillus
FS.2;ASV222;0;FS;food waste;start;start;2;Bacteria;Proteobacteria;Gammaproteobacteria;Xanthomonadales;Xanthomonadaceae;Arenimonas
FS.2;ASV223;0;FS;food waste;start;start;2;Bacteria;Proteobacteria;Gammaproteobacteria;Pseudomonadales;Pseudomonadaceae;Pseudomonas
FS.2;ASV225;0;FS;food waste;start;start;2;Bacteria;Firmicutes;Bacilli;Lactobacillales;Lactobacillaceae;Weissella
FS.2;ASV227;0;FS;food waste;start;start;2;Bacteria;Firmicutes;Bacilli;Lactobacillales;Streptococcaceae;
FS.2;ASV228;0;FS;food waste;start;start;2;Bacteria;Firmicutes;Bacilli;Alicyclobacillales;Alicyclobacillaceae;Alicyclobacillus
FS.2;ASV230;0;FS;food waste;start;start;2;Bacteria;Firmicutes;Clostridia;Peptostreptococcales-Tissierellales;Family XI;Anaerococcus
FS.2;ASV232;1;FS;food waste;start;start;2;Bacteria;Firmicutes;Clostridia;Peptostreptococcales-Tissierellales;Clostridiisalibacter;
FS.2;ASV257;0;FS;food waste;start;start;2;Bacteria;Actinobacteriota;Actinobacteria;Micrococcales;Micrococcaceae;Pseudarthrobacter
FS.2;ASV258;0;FS;food waste;start;start;2;Bacteria;Firmicutes;Bacilli;Bacillales;Bacillaceae;Oceanobacillus
FS.2;ASV259;0;FS;food waste;start;start;2;Bacteria;Verrucomicrobiota;Verrucomicrobiae;Pedosphaerales;Pedosphaeraceae;ADurb.Bin063-1
FS.2;ASV261;0;FS;food waste;start;start;2;Bacteria;Proteobacteria;Gammaproteobacteria;Pseudomonadales;Moraxellaceae;Enhydrobacter
FS.2;ASV263;0;FS;food waste;start;start;2;Bacteria;Firmicutes;Clostridia;Clostridiales;Clostridiaceae;Clostridium sensu stricto 18
FS.2;ASV265;0;FS;food waste;start;start;2;Bacteria;Proteobacteria;Gammaproteobacteria;Enterobacterales;Pasteurellaceae;Haemophilus
FS.2;ASV266;0;FS;food waste;start;start;2;Bacteria;Proteobacteria;Gammaproteobacteria;Burkholderiales;Comamonadaceae;
FS.2;ASV267;0;FS;food waste;start;start;2;Bacteria;Actinobacteriota;Actinobacteria;Frankiales;Nakamurellaceae;Nakamurella
FS.2;ASV269;0;FS;food waste;start;start;2;Bacteria;Proteobacteria;Gammaproteobacteria;Burkholderiales;Comamonadaceae;
FS.2;ASV270;0;FS;food waste;start;start;2;Bacteria;Actinobacteriota;Actinobacteria;Streptomycetales;Streptomycetaceae;Streptomyces
FS.2;ASV271;0;FS;food waste;start;start;2;Bacteria;Firmicutes;Bacilli;Acholeplasmatales;Acholeplasmataceae;Candidatus Phytoplasma
FS.2;ASV272;0;FS;food waste;start;start;2;Bacteria;Bacteroidota;Bacteroidia;Bacteroidales;Tannerellaceae;Parabacteroides
FS.2;ASV275;0;FS;food waste;start;start;2;Bacteria;Firmicutes;Negativicutes;Veillonellales-Selenomonadales;Veillonellaceae;Dialister
FS.2;ASV277;0;FS;food waste;start;start;2;Bacteria;Firmicutes;Bacilli;Lactobacillales;Carnobacteriaceae;
FS.2;ASV280;1;FS;food waste;start;start;2;Bacteria;Actinobacteriota;Actinobacteria;Streptomycetales;Streptomycetaceae;Streptomyces
FS.2;ASV314;0;FS;food waste;start;start;2;Bacteria;Proteobacteria;Gammaproteobacteria;Xanthomonadales;Xanthomonadaceae;Arenimonas
FS.2;ASV318;0;FS;food waste;start;start;2;Bacteria;Chloroflexi;Chloroflexia;Thermomicrobiales;JG30-KF-CM45;
FS.2;ASV319;0;FS;food waste;start;start;2;Bacteria;Proteobacteria;Gammaproteobacteria;Xanthomonadales;Xanthomonadaceae;Arenimonas
FS.2;ASV323;0;FS;food waste;start;start;2;Bacteria;Gemmatimonadota;Gemmatimonadetes;Gemmatimonadales;Gemmatimonadaceae;
FS.2;ASV326;0;FS;food waste;start;start;2;Bacteria;Proteobacteria;Alphaproteobacteria;Rhizobiales;Rhizobiales Incertae Sedis;Nordella
FS.2;ASV328;0;FS;food waste;start;start;2;Bacteria;Chloroflexi;Anaerolineae;Anaerolineales;Anaerolineaceae;
FS.2;ASV329;0;FS;food waste;start;start;2;Bacteria;Proteobacteria;Gammaproteobacteria;Burkholderiales;Oxalobacteraceae;
FS.2;ASV331;0;FS;food waste;start;start;2;Bacteria;Proteobacteria;Gammaproteobacteria;Steroidobacterales;Woeseiaceae;Woeseia
FS.2;ASV333;0;FS;food waste;start;start;2;Bacteria;Proteobacteria;Gammaproteobacteria;Xanthomonadales;Xanthomonadaceae;
FS.2;ASV334;0;FS;food waste;start;start;2;Bacteria;Firmicutes;Clostridia;Lachnospirales;Lachnospiraceae;
FS.2;ASV336;0;FS;food waste;start;start;2;Bacteria;Bacteroidota;Bacteroidia;Flavobacteriales;Weeksellaceae;Empedobacter
FS.2;ASV337;0;FS;food waste;start;start;2;Bacteria;Proteobacteria;Alphaproteobacteria;Rhizobiales;Beijerinckiaceae;Microvirga
FS.2;ASV338;0;FS;food waste;start;start;2;Bacteria;Planctomycetota;Brocadiae;Brocadiales;Brocadiaceae;Candidatus Brocadia
FS.2;ASV339;0;FS;food waste;start;start;2;Bacteria;Proteobacteria;Alphaproteobacteria;Rhizobiales;Beijerinckiaceae;Methylobacterium-Methylorubrum
FS.2;ASV340;0;FS;food waste;start;start;2;Bacteria;Proteobacteria;Gammaproteobacteria;Pseudomonadales;Moraxellaceae;Acinetobacter
FS.2;ASV342;0;FS;food waste;start;start;2;Bacteria;Planctomycetota;Brocadiae;Brocadiales;Brocadiaceae;Candidatus Brocadia
FS.2;ASV344;0;FS;food waste;start;start;2;Bacteria;Actinobacteriota;Actinobacteria;Frankiales;Nakamurellaceae;Nakamurella
FS.2;ASV345;0;FS;food waste;start;start;2;Bacteria;Hydrogenedentes;Hydrogenedentia;Hydrogenedentiales;Hydrogenedensaceae;
FS.2;ASV346;0;FS;food waste;start;start;2;Bacteria;Gemmatimonadota;Gemmatimonadetes;Gemmatimonadales;Gemmatimonadaceae;
FS.2;ASV352;0;FS;food waste;start;start;2;Bacteria;Proteobacteria;Gammaproteobacteria;Pseudomonadales;Marinobacteraceae;Marinobacter
FS.2;ASV353;0;FS;food waste;start;start;2;Bacteria;Acidobacteriota;Vicinamibacteria;Vicinamibacterales;Vicinamibacteraceae;
FS.2;ASV354;0;FS;food waste;start;start;2;Bacteria;Proteobacteria;Gammaproteobacteria;Pseudomonadales;Alcanivoracaceae1;Alcanivorax
FS.2;ASV355;0;FS;food waste;start;start;2;Bacteria;Actinobacteriota;Acidimicrobiia;Microtrichales;Iamiaceae;Iamia
FS.2;ASV360;0;FS;food waste;start;start;2;Bacteria;Actinobacteriota;Actinobacteria;Corynebacteriales;Corynebacteriaceae;
FS.2;ASV361;0;FS;food waste;start;start;2;Bacteria;Proteobacteria;Gammaproteobacteria;Burkholderiales;Alcaligenaceae;Paenalcaligenes
FS.3;ASV1;0;FS;food waste;start;start;3;Bacteria;Proteobacteria;Gammaproteobacteria;Enterobacterales;Morganellaceae;Providencia
FS.3;ASV2;1742;FS;food waste;start;start;3;Bacteria;Proteobacteria;Gammaproteobacteria;Enterobacterales;Enterobacteriaceae;Klebsiella
FS.3;ASV3;175;FS;food waste;start;start;3;Bacteria;Proteobacteria;Gammaproteobacteria;Enterobacterales;Enterobacteriaceae;Enterobacter*
FS.3;ASV4;0;FS;food waste;start;start;3;Bacteria;Firmicutes;Bacilli;Lactobacillales;Enterococcaceae;Enterococcus
FS.3;ASV5;1759;FS;food waste;start;start;3;Bacteria;Firmicutes;Bacilli;Lactobacillales;Lactobacillaceae;Lactiplantibacillus
FS.3;ASV6;2;FS;food waste;start;start;3;Bacteria;Firmicutes;Bacilli;Lactobacillales;Lactobacillaceae;Lactobacillus
FS.3;ASV7;19194;FS;food waste;start;start;3;Bacteria;Firmicutes;Bacilli;Lactobacillales;Lactobacillaceae;Weissella
FS.3;ASV8;0;FS;food waste;start;start;3;Bacteria;Firmicutes;Bacilli;Lactobacillales;Enterococcaceae;Enterococcus
FS.3;ASV9;0;FS;food waste;start;start;3;Bacteria;Firmicutes;Bacilli;Lactobacillales;Lactobacillaceae;Levilactobacillus
FS.3;ASV10;12516;FS;food waste;start;start;3;Bacteria;Firmicutes;Bacilli;Lactobacillales;Streptococcaceae;Lactococcus
FS.3;ASV11;0;FS;food waste;start;start;3;Bacteria;Firmicutes;Bacilli;Lactobacillales;Lactobacillaceae;Lactobacillus
FS.3;ASV12;7923;FS;food waste;start;start;3;Bacteria;Firmicutes;Bacilli;Lactobacillales;Lactobacillaceae;Leuconostoc
FS.3;ASV13;0;FS;food waste;start;start;3;Bacteria;Firmicutes;Bacilli;Staphylococcales;Staphylococcaceae;Mammaliicoccus*
FS.3;ASV14;938;FS;food waste;start;start;3;Bacteria;Firmicutes;Bacilli;Lactobacillales;Enterococcaceae;Enterococcus
FS.3;ASV15;52;FS;food waste;start;start;3;Bacteria;Firmicutes;Bacilli;Lactobacillales;Lactobacillaceae;Lacticaseibacillus
FS.3;ASV16;0;FS;food waste;start;start;3;Bacteria;Firmicutes;Bacilli;Lactobacillales;Carnobacteriaceae;Atopostipes
FS.3;ASV17;370;FS;food waste;start;start;3;Bacteria;Firmicutes;Bacilli;Lactobacillales;Lactobacillaceae;Lactiplantibacillus
FS.3;ASV18;0;FS;food waste;start;start;3;Bacteria;Actinobacteriota;Actinobacteria;Actinomycetales;Actinomycetaceae;Actinomyces
FS.3;ASV19;0;FS;food waste;start;start;3;Bacteria;Proteobacteria;Gammaproteobacteria;Enterobacterales;Morganellaceae;Proteus
FS.3;ASV20;0;FS;food waste;start;start;3;Bacteria;Actinobacteriota;Actinobacteria;Corynebacteriales;Corynebacteriaceae;Corynebacterium
FS.3;ASV21;92;FS;food waste;start;start;3;Bacteria;Firmicutes;Bacilli;Bacillales;Bacillaceae;Bacillus
FS.3;ASV22;0;FS;food waste;start;start;3;Bacteria;Firmicutes;Bacilli;Lactobacillales;Lactobacillaceae;Lacticaseibacillus
FS.3;ASV23;109;FS;food waste;start;start;3;Bacteria;Firmicutes;Bacilli;Lactobacillales;Lactobacillaceae;Limosilactobacillus
FS.3;ASV24;0;FS;food waste;start;start;3;Bacteria;Proteobacteria;Gammaproteobacteria;Enterobacterales;Enterobacteriaceae;Escherichia-Shigella
FS.3;ASV25;0;FS;food waste;start;start;3;Bacteria;Firmicutes;Bacilli;Lactobacillales;Enterococcaceae;Enterococcus
FS.3;ASV26;667;FS;food waste;start;start;3;Bacteria;Firmicutes;Bacilli;Lactobacillales;Lactobacillaceae;Leuconostoc
FS.3;ASV27;0;FS;food waste;start;start;3;Bacteria;Firmicutes;Bacilli;Paenibacillales;Paenibacillaceae;Paenibacillus
FS.3;ASV28;0;FS;food waste;start;start;3;Bacteria;Firmicutes;Bacilli;Lactobacillales;Lactobacillaceae;Lacticaseibacillus
FS.3;ASV29;0;FS;food waste;start;start;3;Bacteria;Firmicutes;Bacilli;Bacillales;Bacillaceae;Pseudogracilibacillus
FS.3;ASV32;0;FS;food waste;start;start;3;Bacteria;Firmicutes;Bacilli;Lactobacillales;Lactobacillaceae;Lactobacillus
FS.3;ASV33;827;FS;food waste;start;start;3;Bacteria;Firmicutes;Bacilli;Lactobacillales;Streptococcaceae;Streptococcus
FS.3;ASV34;0;FS;food waste;start;start;3;Bacteria;Proteobacteria;Gammaproteobacteria;Enterobacterales;Enterobacteriaceae;Klebsiella
FS.3;ASV35;0;FS;food waste;start;start;3;Bacteria;Firmicutes;Bacilli;Lactobacillales;Lactobacillaceae;Weissella
FS.3;ASV36;0;FS;food waste;start;start;3;Bacteria;Proteobacteria;Gammaproteobacteria;Enterobacterales;Morganellaceae;Providencia
FS.3;ASV37;0;FS;food waste;start;start;3;Bacteria;Firmicutes;Bacilli;Lactobacillales;Lactobacillaceae;Pediococcus
FS.3;ASV38;0;FS;food waste;start;start;3;Bacteria;Proteobacteria;Gammaproteobacteria;Enterobacterales;Enterobacteriaceae;Klebsiella
FS.3;ASV39;0;FS;food waste;start;start;3;Bacteria;Firmicutes;Bacilli;Lactobacillales;Lactobacillaceae;Lactiplantibacillus
FS.3;ASV40;0;FS;food waste;start;start;3;Bacteria;Actinobacteriota;Actinobacteria;Corynebacteriales;Corynebacteriaceae;Corynebacterium
FS.3;ASV41;0;FS;food waste;start;start;3;Bacteria;Firmicutes;Clostridia;Clostridiales;Clostridiaceae;Clostridium sensu stricto 18
FS.3;ASV42;203;FS;food waste;start;start;3;Bacteria;Firmicutes;Bacilli;Lactobacillales;Streptococcaceae;Streptococcus
FS.3;ASV43;0;FS;food waste;start;start;3;Bacteria;Proteobacteria;Gammaproteobacteria;Enterobacterales;Enterobacteriaceae;Enterobacter*
FS.3;ASV44;0;FS;food waste;start;start;3;Bacteria;Firmicutes;Bacilli;Lactobacillales;Enterococcaceae;Enterococcus*
FS.3;ASV47;0;FS;food waste;start;start;3;Bacteria;Firmicutes;Bacilli;Lactobacillales;Lactobacillaceae;Lacticaseibacillus
FS.3;ASV49;0;FS;food waste;start;start;3;Bacteria;Firmicutes;Bacilli;Bacillales;Bacillaceae;Pseudogracilibacillus
FS.3;ASV50;19;FS;food waste;start;start;3;Bacteria;Proteobacteria;Gammaproteobacteria;Pseudomonadales;Pseudomonadaceae;Pseudomonas
FS.3;ASV51;96;FS;food waste;start;start;3;Bacteria;Firmicutes;Bacilli;Lactobacillales;Lactobacillaceae;Leuconostoc
FS.3;ASV52;0;FS;food waste;start;start;3;Bacteria;Firmicutes;Bacilli;Paenibacillales;Paenibacillaceae;Paenibacillus
FS.3;ASV53;0;FS;food waste;start;start;3;Bacteria;Actinobacteriota;Actinobacteria;Corynebacteriales;Corynebacteriaceae;Corynebacterium
FS.3;ASV54;0;FS;food waste;start;start;3;Bacteria;Firmicutes;Bacilli;Bacillales;Planococcaceae;Bacillus*
FS.3;ASV55;93;FS;food waste;start;start;3;Bacteria;Firmicutes;Bacilli;Bacillales;Bacillaceae;Bacillus
FS.3;ASV56;0;FS;food waste;start;start;3;Bacteria;Actinobacteriota;Actinobacteria;Corynebacteriales;Corynebacteriaceae;Corynebacterium
FS.3;ASV57;0;FS;food waste;start;start;3;Bacteria;Proteobacteria;Gammaproteobacteria;Enterobacterales;Morganellaceae;Providencia
FS.3;ASV58;0;FS;food waste;start;start;3;Bacteria;Actinobacteriota;Actinobacteria;Micrococcales;Brevibacteriaceae;Brevibacterium
FS.3;ASV59;0;FS;food waste;start;start;3;Bacteria;Firmicutes;Bacilli;Bacillales;Planococcaceae;Solibacillus
FS.3;ASV61;0;FS;food waste;start;start;3;Bacteria;Actinobacteriota;Actinobacteria;Corynebacteriales;Corynebacteriaceae;Corynebacterium
FS.3;ASV66;9;FS;food waste;start;start;3;Bacteria;Firmicutes;Bacilli;Staphylococcales;Staphylococcaceae;Staphylococcus
FS.3;ASV67;0;FS;food waste;start;start;3;Bacteria;Actinobacteriota;Actinobacteria;Micrococcales;Brevibacteriaceae;Brevibacterium
FS.3;ASV68;0;FS;food waste;start;start;3;Bacteria;Actinobacteriota;Actinobacteria;Micrococcales;Promicromonosporaceae;Cellulosimicrobium
FS.3;ASV69;0;FS;food waste;start;start;3;Bacteria;Firmicutes;Bacilli;Bacillales;Planococcaceae;Uncult. bacterium*
FS.3;ASV70;0;FS;food waste;start;start;3;Bacteria;Proteobacteria;Gammaproteobacteria;Xanthomonadales;Xanthomonadaceae;SN8
FS.3;ASV72;41;FS;food waste;start;start;3;Bacteria;Proteobacteria;Gammaproteobacteria;Pseudomonadales;Pseudomonadaceae;Pseudomonas
FS.3;ASV73;0;FS;food waste;start;start;3;Bacteria;Proteobacteria;Gammaproteobacteria;Burkholderiales;Burkholderiaceae;Ralstonia
FS.3;ASV75;0;FS;food waste;start;start;3;Bacteria;Firmicutes;Bacilli;Staphylococcales;Staphylococcaceae;
FS.3;ASV77;0;FS;food waste;start;start;3;Bacteria;Firmicutes;Bacilli;Bacillales;Planococcaceae;Solibacillus
FS.3;ASV78;4;FS;food waste;start;start;3;Bacteria;Firmicutes;Bacilli;Lactobacillales;Lactobacillaceae;Secundilactobacillus
FS.3;ASV79;25;FS;food waste;start;start;3;Bacteria;Proteobacteria;Gammaproteobacteria;Enterobacterales;Enterobacteriaceae;
FS.3;ASV80;21;FS;food waste;start;start;3;Bacteria;Firmicutes;Bacilli;Lactobacillales;Lactobacillaceae;Leuconostoc
FS.3;ASV81;31;FS;food waste;start;start;3;Bacteria;Firmicutes;Bacilli;Lactobacillales;Lactobacillaceae;Lactobacillus
FS.3;ASV83;0;FS;food waste;start;start;3;Bacteria;Proteobacteria;Gammaproteobacteria;Burkholderiales;Comamonadaceae;Delftia
FS.3;ASV84;0;FS;food waste;start;start;3;Bacteria;Firmicutes;Bacilli;Lactobacillales;Lactobacillaceae;Loigolactobacillus
FS.3;ASV87;3;FS;food waste;start;start;3;Bacteria;Firmicutes;Bacilli;Lactobacillales;Streptococcaceae;Streptococcus
FS.3;ASV90;1;FS;food waste;start;start;3;Bacteria;Proteobacteria;Gammaproteobacteria;Xanthomonadales;Xanthomonadaceae;Stenotrophomonas
FS.3;ASV91;0;FS;food waste;start;start;3;Bacteria;Firmicutes;Bacilli;Staphylococcales;Staphylococcaceae;Staphylococcus
FS.3;ASV92;0;FS;food waste;start;start;3;Bacteria;Proteobacteria;Gammaproteobacteria;Enterobacterales;Yersiniaceae;Yersinia
FS.3;ASV93;0;FS;food waste;start;start;3;Bacteria;Firmicutes;Bacilli;Bacillales;Bacillaceae;Oceanobacillus
FS.3;ASV94;0;FS;food waste;start;start;3;Bacteria;Firmicutes;Bacilli;Lactobacillales;Lactobacillaceae;Levilactobacillus
FS.3;ASV95;0;FS;food waste;start;start;3;Bacteria;Proteobacteria;Gammaproteobacteria;Pseudomonadales;Moraxellaceae;Psychrobacter
FS.3;ASV96;0;FS;food waste;start;start;3;Bacteria;Firmicutes;Bacilli;Lactobacillales;Lactobacillaceae;Lactobacillus
FS.3;ASV97;0;FS;food waste;start;start;3;Bacteria;Firmicutes;Bacilli;Lactobacillales;Lactobacillaceae;Lentilactobacillus
FS.3;ASV99;0;FS;food waste;start;start;3;Bacteria;Proteobacteria;Alphaproteobacteria;Sphingomonadales;Sphingomonadaceae;Sphingomonas
FS.3;ASV100;0;FS;food waste;start;start;3;Bacteria;Firmicutes;Bacilli;Lactobacillales;Lactobacillaceae;Lapidilactobacillus
FS.3;ASV101;0;FS;food waste;start;start;3;Bacteria;Bacteroidota;Bacteroidia;Bacteroidales;Tannerellaceae;Parabacteroides
FS.3;ASV104;0;FS;food waste;start;start;3;Bacteria;Firmicutes;Bacilli;Lactobacillales;Lactobacillaceae;Lactobacillus
FS.3;ASV105;0;FS;food waste;start;start;3;Bacteria;Actinobacteriota;Actinobacteria;Micrococcales;Promicromonosporaceae;Cellulosimicrobium
FS.3;ASV107;0;FS;food waste;start;start;3;Bacteria;Bacteroidota;Bacteroidia;Bacteroidales;Bacteroidaceae;Bacteroides
FS.3;ASV110;0;FS;food waste;start;start;3;Bacteria;Proteobacteria;Gammaproteobacteria;Enterobacterales;Enterobacteriaceae;
FS.3;ASV111;0;FS;food waste;start;start;3;Bacteria;Bacteroidota;Bacteroidia;Bacteroidales;Bacteroidaceae;Bacteroides
FS.3;ASV113;0;FS;food waste;start;start;3;Bacteria;Firmicutes;Bacilli;Staphylococcales;Staphylococcaceae;Jeotgalicoccus
FS.3;ASV114;0;FS;food waste;start;start;3;Bacteria;Firmicutes;Bacilli;Lactobacillales;Lactobacillaceae;Weissella
FS.3;ASV115;0;FS;food waste;start;start;3;Bacteria;Proteobacteria;Gammaproteobacteria;Pseudomonadales;Alcanivoracaceae1;Alcanivorax
FS.3;ASV116;12;FS;food waste;start;start;3;Bacteria;Firmicutes;Bacilli;Lactobacillales;Listeriaceae;Brochothrix
FS.3;ASV117;0;FS;food waste;start;start;3;Bacteria;Actinobacteriota;Actinobacteria;Corynebacteriales;Corynebacteriaceae;Corynebacterium
FS.3;ASV119;3;FS;food waste;start;start;3;Bacteria;Proteobacteria;Gammaproteobacteria;Pseudomonadales;Moraxellaceae;Psychrobacter
FS.3;ASV120;0;FS;food waste;start;start;3;Bacteria;Proteobacteria;Gammaproteobacteria;Burkholderiales;Sutterellaceae;Parasutterella
FS.3;ASV121;0;FS;food waste;start;start;3;Bacteria;Bacteroidota;Bacteroidia;Bacteroidales;Tannerellaceae;Parabacteroides
FS.3;ASV122;13;FS;food waste;start;start;3;Bacteria;Proteobacteria;Gammaproteobacteria;Enterobacterales;Vibrionaceae;Photobacterium
FS.3;ASV123;0;FS;food waste;start;start;3;Bacteria;Proteobacteria;Gammaproteobacteria;Pseudomonadales;Moraxellaceae;Acinetobacter
FS.3;ASV126;10;FS;food waste;start;start;3;Bacteria;Proteobacteria;Gammaproteobacteria;Enterobacterales;Erwiniaceae;
FS.3;ASV127;0;FS;food waste;start;start;3;Bacteria;Proteobacteria;Gammaproteobacteria;Pseudomonadales;Moraxellaceae;Acinetobacter
FS.3;ASV129;0;FS;food waste;start;start;3;Bacteria;Proteobacteria;Alphaproteobacteria;Rhizobiales;Beijerinckiaceae;Methylobacterium-Methylorubrum
FS.3;ASV130;0;FS;food waste;start;start;3;Bacteria;Proteobacteria;Alphaproteobacteria;Sphingomonadales;Sphingomonadaceae;Sphingomonas
FS.3;ASV131;0;FS;food waste;start;start;3;Bacteria;Bacteroidota;Bacteroidia;Bacteroidales;Porphyromonadaceae;Porphyromonas
FS.3;ASV133;6;FS;food waste;start;start;3;Bacteria;Proteobacteria;Gammaproteobacteria;Enterobacterales;Aeromonadaceae;Aeromonas
FS.3;ASV135;5;FS;food waste;start;start;3;Bacteria;Proteobacteria;Gammaproteobacteria;Pseudomonadales;Moraxellaceae;Acinetobacter
FS.3;ASV136;0;FS;food waste;start;start;3;Bacteria;Firmicutes;Clostridia;Oscillospirales;Ruminococcaceae;Faecalibacterium
FS.3;ASV138;0;FS;food waste;start;start;3;Bacteria;Firmicutes;Bacilli;Bacillales;Bacillaceae;Amphibacillus
FS.3;ASV139;0;FS;food waste;start;start;3;Bacteria;Actinobacteriota;Actinobacteria;Corynebacteriales;Corynebacteriaceae;Corynebacterium
FS.3;ASV140;0;FS;food waste;start;start;3;Bacteria;Proteobacteria;Gammaproteobacteria;Pseudomonadales;Pseudomonadaceae;Pseudomonas
FS.3;ASV141;0;FS;food waste;start;start;3;Bacteria;Firmicutes;Bacilli;Lactobacillales;Enterococcaceae;Tetragenococcus
FS.3;ASV143;0;FS;food waste;start;start;3;Bacteria;Firmicutes;Bacilli;Bacillales;Bacillaceae;Bacillus
FS.3;ASV144;0;FS;food waste;start;start;3;Bacteria;Proteobacteria;Gammaproteobacteria;Burkholderiales;Sutterellaceae;Parasutterella
FS.3;ASV149;0;FS;food waste;start;start;3;Bacteria;Firmicutes;Bacilli;Lactobacillales;Lactobacillaceae;Lactobacillus
FS.3;ASV150;0;FS;food waste;start;start;3;Bacteria;Proteobacteria;Gammaproteobacteria;Pseudomonadales;Moraxellaceae;Acinetobacter
FS.3;ASV152;0;FS;food waste;start;start;3;Bacteria;Firmicutes;Clostridia;Oscillospirales;Ruminococcaceae;Subdoligranulum
FS.3;ASV156;0;FS;food waste;start;start;3;Bacteria;Firmicutes;Bacilli;Lactobacillales;Lactobacillaceae;Lactobacillus
FS.3;ASV157;0;FS;food waste;start;start;3;Bacteria;Proteobacteria;Gammaproteobacteria;Enterobacterales;Yersiniaceae;
FS.3;ASV158;0;FS;food waste;start;start;3;Bacteria;Firmicutes;Bacilli;Lactobacillales;Lactobacillaceae;Leuconostoc
FS.3;ASV160;0;FS;food waste;start;start;3;Bacteria;Proteobacteria;Gammaproteobacteria;Burkholderiales;Burkholderiaceae;Ralstonia
FS.3;ASV161;0;FS;food waste;start;start;3;Bacteria;Proteobacteria;Gammaproteobacteria;Pseudomonadales;Moraxellaceae;Enhydrobacter
FS.3;ASV162;0;FS;food waste;start;start;3;Bacteria;Proteobacteria;Gammaproteobacteria;Pseudomonadales;Moraxellaceae;Acinetobacter
FS.3;ASV163;0;FS;food waste;start;start;3;Bacteria;Proteobacteria;Gammaproteobacteria;Enterobacterales;Aeromonadaceae;Aeromonas
FS.3;ASV166;0;FS;food waste;start;start;3;Bacteria;Firmicutes;Bacilli;Lactobacillales;Lactobacillaceae;Schleiferilactobacillus
FS.3;ASV168;0;FS;food waste;start;start;3;Bacteria;Firmicutes;Clostridia;Oscillospirales;Oscillospiraceae;Flavonifractor
FS.3;ASV169;0;FS;food waste;start;start;3;Bacteria;Firmicutes;Clostridia;Oscillospirales;Ruminococcaceae;Faecalibacterium
FS.3;ASV170;0;FS;food waste;start;start;3;Bacteria;Firmicutes;Bacilli;Lactobacillales;Streptococcaceae;Lactococcus
FS.3;ASV177;0;FS;food waste;start;start;3;Bacteria;Firmicutes;Bacilli;Lactobacillales;Streptococcaceae;Lactococcus
FS.3;ASV178;0;FS;food waste;start;start;3;Bacteria;Proteobacteria;Gammaproteobacteria;Burkholderiales;Burkholderiaceae;Burkholderia-Caballeronia-Paraburkholderia
FS.3;ASV179;0;FS;food waste;start;start;3;Bacteria;Proteobacteria;Gammaproteobacteria;Burkholderiales;Comamonadaceae;Aquabacterium
FS.3;ASV186;0;FS;food waste;start;start;3;Bacteria;Firmicutes;Bacilli;Paenibacillales;Paenibacillaceae;Paenibacillus
FS.3;ASV187;0;FS;food waste;start;start;3;Bacteria;Proteobacteria;Gammaproteobacteria;Burkholderiales;Burkholderiaceae;Burkholderia-Caballeronia-Paraburkholderia
FS.3;ASV188;0;FS;food waste;start;start;3;Bacteria;Firmicutes;Bacilli;Lactobacillales;Lactobacillaceae;Lactobacillus
FS.3;ASV189;0;FS;food waste;start;start;3;Bacteria;Bacteroidota;Bacteroidia;Bacteroidales;Bacteroidaceae;Bacteroides
FS.3;ASV190;0;FS;food waste;start;start;3;Bacteria;Firmicutes;Clostridia;Lachnospirales;Lachnospiraceae;Lachnospira
FS.3;ASV199;0;FS;food waste;start;start;3;Bacteria;Firmicutes;Bacilli;Lactobacillales;Lactobacillaceae;HT002
FS.3;ASV200;0;FS;food waste;start;start;3;Bacteria;Proteobacteria;Gammaproteobacteria;Enterobacterales;Pseudoalteromonadaceae;Pseudoalteromonas
FS.3;ASV201;0;FS;food waste;start;start;3;Bacteria;Firmicutes;Clostridia;Lachnospirales;Lachnospiraceae;[Eubacterium] eligens group
FS.3;ASV202;0;FS;food waste;start;start;3;Bacteria;Proteobacteria;Gammaproteobacteria;Burkholderiales;Sutterellaceae;Parasutterella
FS.3;ASV203;0;FS;food waste;start;start;3;Bacteria;Firmicutes;Clostridia;Lachnospirales;Lachnospiraceae;[Eubacterium] eligens group
FS.3;ASV204;0;FS;food waste;start;start;3;Bacteria;Proteobacteria;Gammaproteobacteria;Xanthomonadales;Xanthomonadaceae;
FS.3;ASV219;0;FS;food waste;start;start;3;Bacteria;Proteobacteria;Gammaproteobacteria;Burkholderiales;Alcaligenaceae;Achromobacter
FS.3;ASV221;0;FS;food waste;start;start;3;Bacteria;Firmicutes;Bacilli;Lactobacillales;Lactobacillaceae;Lacticaseibacillus
FS.3;ASV222;0;FS;food waste;start;start;3;Bacteria;Proteobacteria;Gammaproteobacteria;Xanthomonadales;Xanthomonadaceae;Arenimonas
FS.3;ASV223;0;FS;food waste;start;start;3;Bacteria;Proteobacteria;Gammaproteobacteria;Pseudomonadales;Pseudomonadaceae;Pseudomonas
FS.3;ASV225;0;FS;food waste;start;start;3;Bacteria;Firmicutes;Bacilli;Lactobacillales;Lactobacillaceae;Weissella
FS.3;ASV227;0;FS;food waste;start;start;3;Bacteria;Firmicutes;Bacilli;Lactobacillales;Streptococcaceae;
FS.3;ASV228;0;FS;food waste;start;start;3;Bacteria;Firmicutes;Bacilli;Alicyclobacillales;Alicyclobacillaceae;Alicyclobacillus
FS.3;ASV230;0;FS;food waste;start;start;3;Bacteria;Firmicutes;Clostridia;Peptostreptococcales-Tissierellales;Family XI;Anaerococcus
FS.3;ASV232;0;FS;food waste;start;start;3;Bacteria;Firmicutes;Clostridia;Peptostreptococcales-Tissierellales;Clostridiisalibacter;
FS.3;ASV257;0;FS;food waste;start;start;3;Bacteria;Actinobacteriota;Actinobacteria;Micrococcales;Micrococcaceae;Pseudarthrobacter
FS.3;ASV258;0;FS;food waste;start;start;3;Bacteria;Firmicutes;Bacilli;Bacillales;Bacillaceae;Oceanobacillus
FS.3;ASV259;0;FS;food waste;start;start;3;Bacteria;Verrucomicrobiota;Verrucomicrobiae;Pedosphaerales;Pedosphaeraceae;ADurb.Bin063-1
FS.3;ASV261;0;FS;food waste;start;start;3;Bacteria;Proteobacteria;Gammaproteobacteria;Pseudomonadales;Moraxellaceae;Enhydrobacter
FS.3;ASV263;0;FS;food waste;start;start;3;Bacteria;Firmicutes;Clostridia;Clostridiales;Clostridiaceae;Clostridium sensu stricto 18
FS.3;ASV265;0;FS;food waste;start;start;3;Bacteria;Proteobacteria;Gammaproteobacteria;Enterobacterales;Pasteurellaceae;Haemophilus
FS.3;ASV266;0;FS;food waste;start;start;3;Bacteria;Proteobacteria;Gammaproteobacteria;Burkholderiales;Comamonadaceae;
FS.3;ASV267;0;FS;food waste;start;start;3;Bacteria;Actinobacteriota;Actinobacteria;Frankiales;Nakamurellaceae;Nakamurella
FS.3;ASV269;0;FS;food waste;start;start;3;Bacteria;Proteobacteria;Gammaproteobacteria;Burkholderiales;Comamonadaceae;
FS.3;ASV270;0;FS;food waste;start;start;3;Bacteria;Actinobacteriota;Actinobacteria;Streptomycetales;Streptomycetaceae;Streptomyces
FS.3;ASV271;0;FS;food waste;start;start;3;Bacteria;Firmicutes;Bacilli;Acholeplasmatales;Acholeplasmataceae;Candidatus Phytoplasma
FS.3;ASV272;0;FS;food waste;start;start;3;Bacteria;Bacteroidota;Bacteroidia;Bacteroidales;Tannerellaceae;Parabacteroides
FS.3;ASV275;0;FS;food waste;start;start;3;Bacteria;Firmicutes;Negativicutes;Veillonellales-Selenomonadales;Veillonellaceae;Dialister
FS.3;ASV277;0;FS;food waste;start;start;3;Bacteria;Firmicutes;Bacilli;Lactobacillales;Carnobacteriaceae;
FS.3;ASV280;0;FS;food waste;start;start;3;Bacteria;Actinobacteriota;Actinobacteria;Streptomycetales;Streptomycetaceae;Streptomyces
FS.3;ASV314;0;FS;food waste;start;start;3;Bacteria;Proteobacteria;Gammaproteobacteria;Xanthomonadales;Xanthomonadaceae;Arenimonas
FS.3;ASV318;0;FS;food waste;start;start;3;Bacteria;Chloroflexi;Chloroflexia;Thermomicrobiales;JG30-KF-CM45;
FS.3;ASV319;0;FS;food waste;start;start;3;Bacteria;Proteobacteria;Gammaproteobacteria;Xanthomonadales;Xanthomonadaceae;Arenimonas
FS.3;ASV323;0;FS;food waste;start;start;3;Bacteria;Gemmatimonadota;Gemmatimonadetes;Gemmatimonadales;Gemmatimonadaceae;
FS.3;ASV326;0;FS;food waste;start;start;3;Bacteria;Proteobacteria;Alphaproteobacteria;Rhizobiales;Rhizobiales Incertae Sedis;Nordella
FS.3;ASV328;0;FS;food waste;start;start;3;Bacteria;Chloroflexi;Anaerolineae;Anaerolineales;Anaerolineaceae;
FS.3;ASV329;0;FS;food waste;start;start;3;Bacteria;Proteobacteria;Gammaproteobacteria;Burkholderiales;Oxalobacteraceae;
FS.3;ASV331;0;FS;food waste;start;start;3;Bacteria;Proteobacteria;Gammaproteobacteria;Steroidobacterales;Woeseiaceae;Woeseia
FS.3;ASV333;0;FS;food waste;start;start;3;Bacteria;Proteobacteria;Gammaproteobacteria;Xanthomonadales;Xanthomonadaceae;
FS.3;ASV334;0;FS;food waste;start;start;3;Bacteria;Firmicutes;Clostridia;Lachnospirales;Lachnospiraceae;
FS.3;ASV336;0;FS;food waste;start;start;3;Bacteria;Bacteroidota;Bacteroidia;Flavobacteriales;Weeksellaceae;Empedobacter
FS.3;ASV337;0;FS;food waste;start;start;3;Bacteria;Proteobacteria;Alphaproteobacteria;Rhizobiales;Beijerinckiaceae;Microvirga
FS.3;ASV338;0;FS;food waste;start;start;3;Bacteria;Planctomycetota;Brocadiae;Brocadiales;Brocadiaceae;Candidatus Brocadia
FS.3;ASV339;0;FS;food waste;start;start;3;Bacteria;Proteobacteria;Alphaproteobacteria;Rhizobiales;Beijerinckiaceae;Methylobacterium-Methylorubrum
FS.3;ASV340;0;FS;food waste;start;start;3;Bacteria;Proteobacteria;Gammaproteobacteria;Pseudomonadales;Moraxellaceae;Acinetobacter
FS.3;ASV342;0;FS;food waste;start;start;3;Bacteria;Planctomycetota;Brocadiae;Brocadiales;Brocadiaceae;Candidatus Brocadia
FS.3;ASV344;0;FS;food waste;start;start;3;Bacteria;Actinobacteriota;Actinobacteria;Frankiales;Nakamurellaceae;Nakamurella
FS.3;ASV345;0;FS;food waste;start;start;3;Bacteria;Hydrogenedentes;Hydrogenedentia;Hydrogenedentiales;Hydrogenedensaceae;
FS.3;ASV346;0;FS;food waste;start;start;3;Bacteria;Gemmatimonadota;Gemmatimonadetes;Gemmatimonadales;Gemmatimonadaceae;
FS.3;ASV352;0;FS;food waste;start;start;3;Bacteria;Proteobacteria;Gammaproteobacteria;Pseudomonadales;Marinobacteraceae;Marinobacter
FS.3;ASV353;0;FS;food waste;start;start;3;Bacteria;Acidobacteriota;Vicinamibacteria;Vicinamibacterales;Vicinamibacteraceae;
FS.3;ASV354;0;FS;food waste;start;start;3;Bacteria;Proteobacteria;Gammaproteobacteria;Pseudomonadales;Alcanivoracaceae1;Alcanivorax
FS.3;ASV355;0;FS;food waste;start;start;3;Bacteria;Actinobacteriota;Acidimicrobiia;Microtrichales;Iamiaceae;Iamia
FS.3;ASV360;0;FS;food waste;start;start;3;Bacteria;Actinobacteriota;Actinobacteria;Corynebacteriales;Corynebacteriaceae;
FS.3;ASV361;0;FS;food waste;start;start;3;Bacteria;Proteobacteria;Gammaproteobacteria;Burkholderiales;Alcaligenaceae;Paenalcaligenes
